Group,Condition,Subject,RelTimeWrapped
HC,ODDBALL,sub-00,0.22843750000000007
HC,ODDBALL,sub-00,0.42100000000000026
HC,ODDBALL,sub-00,0.4951875000000001
HC,ODDBALL,sub-00,0.39199999999999946
HC,ODDBALL,sub-00,0.3681875000000012
HC,ODDBALL,sub-00,-0.0918750000000017
HC,ODDBALL,sub-00,-0.2157499999999999
HC,ODDBALL,sub-00,-0.4374375000000015
HC,ODDBALL,sub-00,-0.0730000000000004
HC,ODDBALL,sub-00,-0.3461874999999992
HC,ODDBALL,sub-00,0.4428750000000008
HC,ODDBALL,sub-00,0.4281250000000014
HC,ODDBALL,sub-00,0.09631250000000335
HC,ODDBALL,sub-00,0.45593749999999744
HC,ODDBALL,sub-00,0.46074999999999733
HC,ODDBALL,sub-00,0.361562499999998
HC,ODDBALL,sub-00,-0.27918749999999903
HC,ODDBALL,sub-00,-0.3957499999999996
HC,ODDBALL,sub-00,0.08143749999999983
HC,ODDBALL,sub-00,0.05762500000000159
HC,ODDBALL,sub-00,-0.29431249999999665
HC,ODDBALL,sub-00,-0.14099999999999824
HC,ODDBALL,sub-00,0.24206250000000296
HC,ODDBALL,sub-00,0.3531875000000042
HC,ODDBALL,sub-00,0.49531249999999716
HC,ODDBALL,sub-00,0.2502499999999941
HC,ODDBALL,sub-00,-0.40149999999999864
HC,ODDBALL,sub-00,-0.3305624999999992
HC,ODDBALL,sub-00,0.36137499999999534
HC,ODDBALL,sub-00,-0.17318749999999739
HC,ODDBALL,sub-00,-0.41875000000000284
HC,ODDBALL,sub-00,-0.4884375000000034
HC,ODDBALL,sub-00,0.4024375000000049
HC,ODDBALL,sub-00,0.1958750000000009
HC,ODDBALL,sub-00,-0.29781250000000625
HC,ODDBALL,sub-00,0.4127500000000026
HC,ODDBALL,sub-00,-0.496437499999999
HC,ODDBALL,sub-00,0.29643749999999613
HC,ODDBALL,sub-00,0.031437499999995566
HC,ODDBALL,sub-00,0.46893749999999557
HC,ODDBALL,sub-00,-0.46643749999999784
HC,ODDBALL,sub-00,-0.18949999999999534
HC,ODDBALL,sub-00,-0.2758125000000007
HC,ODDBALL,sub-00,-0.052250000000000796
HC,ODDBALL,sub-00,0.4711874999999992
HC,ODDBALL,sub-00,-0.22743749999999352
HC,ODDBALL,sub-00,0.284812500000001
HC,ODDBALL,sub-00,-0.21131250000000534
HC,ODDBALL,sub-00,0.39506249999999454
HC,ODDBALL,sub-00,0.465999999999994
HC,ODDBALL,sub-00,0.25631250000000705
HC,ODDBALL,sub-00,0.47831249999998704
HC,ODDBALL,sub-00,0.06931249999999523
HC,ODDBALL,sub-00,0.4673750000000041
HC,ODDBALL,sub-00,0.4133124999999893
HC,ODDBALL,sub-00,-0.12868750000001228
HC,ODDBALL,sub-00,0.4372500000000059
HC,ODDBALL,sub-00,-0.3078749999999957
HC,ODDBALL,sub-00,-0.4404375000000016
HC,ODDBALL,sub-00,-0.45224999999999227
HC,ODDBALL,sub-00,-0.20481250000000273
HC,ODDBALL,sub-00,-0.2993125000000134
HC,ODDBALL,sub-00,0.33856249999999477
HC,ODDBALL,sub-00,-0.3378749999999968
HC,ODDBALL,sub-00,-0.22499999999999432
HC,ODDBALL,sub-00,0.19412500000001387
HC,ODDBALL,sub-00,-0.1802500000000009
HC,ODDBALL,sub-00,0.2806874999999991
HC,ODDBALL,sub-00,0.3278124999999932
HC,ODDBALL,sub-00,-0.1526875000000132
HC,ODDBALL,sub-00,-0.069500000000005
HC,ODDBALL,sub-00,-0.4862500000000125
HC,ODDBALL,sub-00,0.10450000000000159
HC,ODDBALL,sub-00,-0.3838125000000048
HC,ODDBALL,sub-00,-0.1419999999999959
HC,ODDBALL,sub-00,-0.020000000000010232
HC,ODDBALL,sub-00,-0.2456875000000025
HC,ODDBALL,sub-00,-0.16343749999998636
HC,ODDBALL,sub-00,0.4819999999999993
HC,ODDBALL,sub-00,0.07637500000001296
HC,ODDBALL,sub-00,0.1384999999999934
HC,ODDBALL,sub-00,-0.32962499999999295
HC,ODDBALL,sub-00,0.030000000000001137
HC,ODDBALL,sub-00,0.09312499999998636
HC,ODDBALL,sub-00,-0.26956250000000637
HC,ODDBALL,sub-00,-0.45324999999999704
HC,ODDBALL,sub-00,-0.2723124999999982
HC,ODDBALL,sub-00,0.4929375000000107
HC,ODDBALL,sub-00,-0.2012499999999875
HC,ODDBALL,sub-00,-0.4698124999999891
HC,ODDBALL,sub-00,-0.05612500000000864
HC,ODDBALL,sub-00,-0.18412499999999454
HC,ODDBALL,sub-00,0.45650000000000546
HC,ODDBALL,sub-00,-0.29993749999999864
HC,ODDBALL,sub-00,-0.46668750000000614
HC,ODDBALL,sub-00,0.3105625000000032
HC,ODDBALL,sub-00,0.3658749999999884
HC,ODDBALL,sub-00,0.25256250000001046
HC,ODDBALL,sub-00,-0.20268749999999613
HC,ODDBALL,sub-00,-0.15093749999999773
HC,ODDBALL,sub-00,-0.48699999999999477
HC,ODDBALL,sub-00,-0.4320625000000007
HC,ODDBALL,sub-00,0.4170000000000016
HC,ODDBALL,sub-00,0.4335000000000093
HC,ODDBALL,sub-00,0.30812499999998977
HC,ODDBALL,sub-00,0.25
HC,ODDBALL,sub-00,-0.0035624999999868123
HC,ODDBALL,sub-00,-0.16018750000000637
HC,ODDBALL,sub-00,0.45699999999999363
HC,ODDBALL,sub-00,-0.283687499999985
HC,ODDBALL,sub-00,-0.3059999999999832
HC,ODDBALL,sub-00,-0.4538125000000264
HC,ODDBALL,sub-00,0.183437500000025
HC,ODDBALL,sub-00,0.44625000000002046
HC,ODDBALL,sub-00,-0.064937499999985
HC,ODDBALL,sub-00,-0.2127500000000282
HC,ODDBALL,sub-00,-0.48556250000001455
HC,ODDBALL,sub-00,0.35818749999998545
HC,ODDBALL,sub-00,0.4636249999999791
HC,ODDBALL,sub-00,-0.04656249999999318
HC,ODDBALL,sub-00,0.3362500000000068
HC,ODDBALL,sub-00,-0.10162500000001273
HC,ODDBALL,sub-00,-0.11700000000001864
HC,ODDBALL,sub-00,-0.366375000000005
HC,ODDBALL,sub-00,0.203937499999995
HC,ODDBALL,sub-00,-0.4993124999999736
HC,ODDBALL,sub-00,0.2585000000000264
HC,ODDBALL,sub-00,-0.4277500000000032
HC,ODDBALL,sub-00,-0.41606250000000955
HC,ODDBALL,sub-00,0.3504374999999982
HC,ODDBALL,sub-00,0.48050000000000637
HC,ODDBALL,sub-00,-0.30049999999999955
HC,ODDBALL,sub-00,0.36356250000000045
HC,ODDBALL,sub-00,0.4813750000000141
HC,ODDBALL,sub-00,0.07268749999997226
HC,ODDBALL,sub-00,-0.22456249999999045
HC,ODDBALL,sub-00,-0.39162499999997635
HC,ODDBALL,sub-00,0.38181250000002365
HC,ODDBALL,sub-00,0.3736250000000041
HC,ODDBALL,sub-00,-0.11743749999999409
HC,ODDBALL,sub-00,0.3122500000000059
HC,ODDBALL,sub-00,0.3763749999999959
HC,ODDBALL,sub-00,0.15687500000001364
HC,ODDBALL,sub-00,0.26118750000000546
HC,ODDBALL,sub-00,-0.4504999999999768
HC,ODDBALL,sub-00,-0.36812500000002046
HC,ODDBALL,sub-00,-0.286625000000015
HC,ODDBALL,sub-00,-0.3521250000000009
HC,ODDBALL,sub-00,0.42193750000001273
HC,ODDBALL,sub-00,-0.4143750000000068
HC,ODDBALL,sub-00,-0.19918749999999363
HC,ODDBALL,sub-00,-0.11362500000001319
HC,ODDBALL,sub-00,0.1490000000000009
HC,ODDBALL,sub-00,-0.3699374999999918
HC,ODDBALL,sub-00,0.15793750000000273
HC,ODDBALL,sub-00,-0.12725000000000364
HC,ODDBALL,sub-00,0.04943750000001046
HC,ODDBALL,sub-00,0.1750625000000241
HC,ODDBALL,sub-00,0.48362500000001774
HC,ODDBALL,sub-00,0.4268124999999827
HC,ODDBALL,sub-00,0.47331250000002
HC,ODDBALL,sub-00,-0.31187499999998636
HC,ODDBALL,sub-00,0.3221874999999841
HC,ODDBALL,sub-00,-0.21600000000000819
HC,ODDBALL,sub-00,-0.27381250000001955
HC,ODDBALL,sub-00,0.40587499999998045
HC,ODDBALL,sub-00,-0.13168749999999818
HC,ODDBALL,sub-00,-0.13862499999999045
HC,RESTING,sub-00,0.16849999999999987
HC,RESTING,sub-00,0.29875000000000007
HC,RESTING,sub-00,0.07962500000000006
HC,RESTING,sub-00,-0.43412499999999987
HC,RESTING,sub-00,0.042062500000000114
HC,RESTING,sub-00,-0.016000000000000014
HC,RESTING,sub-00,-0.3200625000000006
HC,RESTING,sub-00,-0.27231249999999996
HC,RESTING,sub-00,-0.28049999999999997
HC,RESTING,sub-00,0.25075000000000003
HC,RESTING,sub-00,0.48574999999999946
HC,RESTING,sub-00,0.4619375000000012
HC,RESTING,sub-00,-0.25987500000000097
HC,RESTING,sub-00,0.1905000000000001
HC,RESTING,sub-00,-0.35575000000000045
HC,RESTING,sub-00,0.16756249999999895
HC,RESTING,sub-00,0.1223124999999996
HC,RESTING,sub-00,-0.08118749999999864
HC,RESTING,sub-00,-0.2524374999999992
HC,RESTING,sub-00,0.2710000000000008
HC,RESTING,sub-00,0.1883125000000021
HC,RESTING,sub-00,0.1743124999999992
HC,RESTING,sub-00,0.014062500000001421
HC,RESTING,sub-00,-0.36168750000000216
HC,RESTING,sub-00,-0.4421249999999972
HC,RESTING,sub-00,0.2531875000000028
HC,RESTING,sub-00,-0.10656250000000256
HC,RESTING,sub-00,0.30449999999999733
HC,RESTING,sub-00,-0.2769375000000025
HC,RESTING,sub-00,-0.3658750000000026
HC,RESTING,sub-00,-0.28812500000000085
HC,RESTING,sub-00,0.43843749999999915
HC,RESTING,sub-00,0.3365000000000009
HC,RESTING,sub-00,-0.2758125000000007
HC,RESTING,sub-00,0.3855000000000004
HC,RESTING,sub-00,0.3388750000000016
HC,RESTING,sub-00,0.041625000000003354
HC,RESTING,sub-00,-0.46106249999999704
HC,RESTING,sub-00,0.35143750000000296
HC,RESTING,sub-00,0.2507499999999965
HC,RESTING,sub-00,-0.0686874999999958
HC,RESTING,sub-00,-0.13518750000000068
HC,RESTING,sub-00,0.4819999999999993
HC,RESTING,sub-00,-0.278499999999994
HC,RESTING,sub-00,0.06612499999999955
HC,RESTING,sub-00,-0.08168750000000102
HC,RESTING,sub-00,0.07056249999999409
HC,RESTING,sub-00,0.3368124999999935
HC,RESTING,sub-00,0.20131250000000023
HC,RESTING,sub-00,0.10356249999999534
HC,RESTING,sub-00,0.16275000000000261
HC,RESTING,sub-00,-0.09125000000000227
HC,RESTING,sub-00,-0.27031250000000284
HC,RESTING,sub-00,0.47187499999999716
HC,RESTING,sub-00,-0.05031250000000398
HC,RESTING,sub-00,0.2696250000000049
HC,RESTING,sub-00,-0.0029375000000015916
HC,RESTING,sub-00,0.09043749999999307
HC,RESTING,sub-00,-0.45999999999999375
HC,RESTING,sub-00,0.25875000000000625
HC,RESTING,sub-00,-0.09318749999999909
HC,RESTING,sub-00,-0.4002499999999998
HC,RESTING,sub-00,0.3966250000000002
HC,RESTING,sub-00,0.4134999999999991
HC,RESTING,sub-00,0.37406249999999375
HC,RESTING,sub-00,0.05825000000000102
HC,RESTING,sub-00,0.270687499999994
HC,RESTING,sub-00,-0.45243750000000205
HC,RESTING,sub-00,0.26793750000000216
HC,RESTING,sub-00,0.18550000000000466
HC,RESTING,sub-00,-0.4585000000000008
HC,RESTING,sub-00,0.15149999999999864
HC,RESTING,sub-00,-0.11362499999999898
HC,RESTING,sub-00,-0.375
HC,RESTING,sub-00,0.37350000000000705
HC,RESTING,sub-00,-0.04449999999999932
HC,RESTING,sub-00,-0.13443749999999
HC,RESTING,sub-00,0.17025000000001
HC,RESTING,sub-00,0.4211249999999893
HC,RESTING,sub-00,0.10568749999998772
HC,RESTING,sub-00,0.2619374999999877
HC,RESTING,sub-00,-0.21081250000000296
HC,RESTING,sub-00,0.42981249999999704
HC,RESTING,sub-00,-0.2531874999999957
HC,RESTING,sub-00,-0.46787499999999227
HC,RESTING,sub-00,-0.21006249999999227
HC,RESTING,sub-00,0.013937499999997272
HC,RESTING,sub-00,0.06825000000000614
HC,RESTING,sub-00,-0.24399999999999977
HC,RESTING,sub-00,0.05731249999999477
HC,RESTING,sub-00,-0.45949999999999136
HC,RESTING,sub-00,-0.14993749999999295
HC,RESTING,sub-00,0.14743749999999523
HC,RESTING,sub-00,-0.1576249999999959
HC,RESTING,sub-00,0.07374999999998977
HC,RESTING,sub-00,0.4337500000000034
HC,RESTING,sub-00,-0.3394375000000025
HC,RESTING,sub-00,0.1371249999999975
HC,RESTING,sub-00,-0.19818749999998886
HC,RESTING,sub-00,0.1529999999999916
HC,RESTING,sub-00,-0.3070625000000007
HC,RESTING,sub-00,0.4507499999999993
HC,RESTING,sub-00,-0.35306249999999295
HC,RESTING,sub-00,0.35068749999999227
HC,RESTING,sub-00,-0.19543749999999704
HC,RESTING,sub-00,0.46862500000000296
HC,RESTING,sub-00,0.1413750000000107
HC,RESTING,sub-00,0.1419999999999959
HC,RESTING,sub-00,0.23537500000000477
HC,RESTING,sub-00,-0.040625000000005684
HC,RESTING,sub-00,-0.12693749999999682
HC,RESTING,sub-00,0.11868749999999295
HC,RESTING,sub-00,0.4208125000000109
HC,RESTING,sub-00,0.42824999999999136
HC,RESTING,sub-00,-0.0985625000000141
HC,RESTING,sub-00,-0.41800000000000637
HC,RESTING,sub-00,-0.17156249999999318
HC,RESTING,sub-00,-0.022500000000007958
HC,RESTING,sub-00,-0.3383750000000134
HC,RESTING,sub-00,-0.21274999999999977
HC,RESTING,sub-00,-0.19287499999998658
HC,RESTING,sub-00,0.3149375000000134
HC,RESTING,sub-00,-0.24012500000000614
HC,RESTING,sub-00,-0.09568749999999682
HC,RESTING,sub-00,0.15556250000000205
HC,RESTING,sub-00,0.11193750000001046
HC,RESTING,sub-00,0.2814375000000098
HC,RESTING,sub-00,0.19118750000001228
HC,RESTING,sub-00,0.4975000000000023
HC,RESTING,sub-00,0.48906249999998863
HC,RESTING,sub-00,0.4584375000000023
HC,RESTING,sub-00,0.24418750000000955
HC,RESTING,sub-00,0.3354375000000118
HC,RESTING,sub-00,-0.0272499999999809
HC,RESTING,sub-00,0.203125
HC,RESTING,sub-00,-0.0039375000000063665
HC,RESTING,sub-00,0.45699999999999363
HC,RESTING,sub-00,0.32231250000000955
HC,RESTING,sub-00,-0.13900000000001
HC,RESTING,sub-00,0.35318749999999
HC,RESTING,sub-00,0.11262499999997999
HC,RESTING,sub-00,-0.13350000000002638
HC,RESTING,sub-00,-0.48124999999998863
HC,RESTING,sub-00,0.3555625000000191
HC,RESTING,sub-00,0.031687499999975444
HC,RESTING,sub-00,-0.3326250000000073
HC,RESTING,sub-00,0.25774999999998727
HC,RESTING,sub-00,-0.15518750000001091
HC,RESTING,sub-00,-0.23368749999997362
HC,RESTING,sub-00,-0.37268749999998363
HC,RESTING,sub-00,0.43200000000001637
HC,RESTING,sub-00,0.09568749999999682
HC,RESTING,sub-00,0.3384374999999977
HC,RESTING,sub-00,0.06387499999999591
HC,RESTING,sub-00,0.4076249999999959
HC,RESTING,sub-00,0.26662499999997635
HC,RESTING,sub-00,-0.022812499999986358
HC,RESTING,sub-00,-0.3001874999999927
HC,RESTING,sub-00,-0.18137500000000273
HC,RESTING,sub-00,0.25956250000001546
HC,RESTING,sub-00,0.19087500000000546
HC,RESTING,sub-00,0.010812499999985903
HC,RESTING,sub-00,-0.1926874999999768
HC,RESTING,sub-00,-0.27350000000001273
HC,RESTING,sub-00,-0.48318749999998545
HC,RESTING,sub-00,0.38400000000001455
HC,RESTING,sub-00,-0.45568750000001046
HC,RESTING,sub-00,0.06018749999998363
HC,RESTING,sub-00,0.13893749999999727
HC,RESTING,sub-00,0.24500000000000455
HC,RESTING,sub-00,-0.114750000000015
HC,RESTING,sub-00,-0.10968750000000682
HC,RESTING,sub-00,-0.3245625000000132
HC,RESTING,sub-00,-0.0027499999999918145
HC,RESTING,sub-00,0.17756250000002183
HC,RESTING,sub-00,-0.21318750000000364
HC,RESTING,sub-00,-0.02087499999998954
HC,RESTING,sub-00,0.08093750000000455
HC,RESTING,sub-00,-0.25793750000002547
HC,RESTING,sub-00,0.25881249999997635
HC,RESTING,sub-00,-0.43962499999997817
HC,RESTING,sub-00,0.30406249999998636
HC,RESTING,sub-00,-0.13562500000000455
HC,ODDBALL,sub-01,-0.038812499999999917
HC,ODDBALL,sub-01,-0.3516250000000003
HC,ODDBALL,sub-01,0.3123125000000009
HC,ODDBALL,sub-01,-0.3909374999999997
HC,ODDBALL,sub-01,0.4299999999999997
HC,ODDBALL,sub-01,-0.3983750000000015
HC,ODDBALL,sub-01,0.2891249999999985
HC,ODDBALL,sub-01,-0.4918750000000003
HC,ODDBALL,sub-01,0.2580625000000012
HC,ODDBALL,sub-01,-0.3121875000000003
HC,ODDBALL,sub-01,-0.49256249999999824
HC,ODDBALL,sub-01,0.33637499999999676
HC,ODDBALL,sub-01,0.4916874999999976
HC,ODDBALL,sub-01,-0.32775000000000176
HC,ODDBALL,sub-01,0.2424375000000012
HC,ODDBALL,sub-01,-0.4609375
HC,ODDBALL,sub-01,0.4140625
HC,ODDBALL,sub-01,0.40587500000000176
HC,ODDBALL,sub-01,-0.21050000000000324
HC,ODDBALL,sub-01,-0.38293749999999704
HC,ODDBALL,sub-01,0.42981249999999704
HC,ODDBALL,sub-01,-0.42206249999999557
HC,ODDBALL,sub-01,-0.46887499999999704
HC,ODDBALL,sub-01,0.10887499999999761
HC,ODDBALL,sub-01,-0.44512500000000443
HC,ODDBALL,sub-01,0.28887500000000443
HC,ODDBALL,sub-01,-0.18756249999999852
HC,ODDBALL,sub-01,-0.21918750000000387
HC,ODDBALL,sub-01,-0.47674999999999557
HC,ODDBALL,sub-01,0.31231250000000443
HC,ODDBALL,sub-01,0.36762500000000387
HC,ODDBALL,sub-01,-0.3128125000000068
HC,ODDBALL,sub-01,0.4846875000000068
HC,ODDBALL,sub-01,-0.21837499999999466
HC,ODDBALL,sub-01,-0.37537500000000534
HC,ODDBALL,sub-01,0.35981250000000387
HC,ODDBALL,sub-01,-0.3753125000000068
HC,ODDBALL,sub-01,-0.17175000000000296
HC,ODDBALL,sub-01,0.022999999999996135
HC,ODDBALL,sub-01,-0.16424999999999557
HC,ODDBALL,sub-01,-0.3286250000000024
HC,ODDBALL,sub-01,-0.19518750000000296
HC,ODDBALL,sub-01,0.09375
HC,ODDBALL,sub-01,0.4375
HC,ODDBALL,sub-01,0.42956250000000296
HC,ODDBALL,sub-01,0.10887499999999761
HC,ODDBALL,sub-01,-0.1955624999999941
HC,ODDBALL,sub-01,0.28943750000000534
HC,ODDBALL,sub-01,0.1796875
HC,ODDBALL,sub-01,-0.14074999999999704
HC,ODDBALL,sub-01,-0.4840624999999932
HC,ODDBALL,sub-01,-0.34381250000001273
HC,ODDBALL,sub-01,0.2501875000000098
HC,ODDBALL,sub-01,-0.03162499999999113
HC,ODDBALL,sub-01,-0.05462499999998727
HC,ODDBALL,sub-01,0.41399999999998727
HC,ODDBALL,sub-01,0.14106250000000387
HC,ODDBALL,sub-01,0.29731250000000387
HC,ODDBALL,sub-01,0.05500000000000682
HC,ODDBALL,sub-01,0.3440625000000068
HC,ODDBALL,sub-01,0.34331249999999613
HC,ODDBALL,sub-01,0.12543750000000387
HC,ODDBALL,sub-01,0.28168750000000387
HC,ODDBALL,sub-01,-0.2973749999999882
HC,ODDBALL,sub-01,-0.08562499999999318
HC,ODDBALL,sub-01,-0.109375
HC,ODDBALL,sub-01,-0.26599999999999113
HC,ODDBALL,sub-01,0.38325000000000387
HC,ODDBALL,sub-01,-0.4612500000000068
HC,ODDBALL,sub-01,0.4449999999999932
HC,ODDBALL,sub-01,0.38293749999999704
HC,ODDBALL,sub-01,-0.1252499999999941
HC,ODDBALL,sub-01,0.3126875000000098
HC,ODDBALL,sub-01,-0.3513125000000059
HC,ODDBALL,sub-01,-0.15637499999999704
HC,ODDBALL,sub-01,-0.3830624999999941
HC,ODDBALL,sub-01,-0.48425000000000296
HC,ODDBALL,sub-01,-0.4221249999999941
HC,ODDBALL,sub-01,-0.2736250000000098
HC,ODDBALL,sub-01,-0.08631249999999113
HC,ODDBALL,sub-01,0.26550000000000296
HC,ODDBALL,sub-01,-0.16456249999998818
HC,ODDBALL,sub-01,0.3200625000000059
HC,ODDBALL,sub-01,-0.46831249999999613
HC,ODDBALL,sub-01,-0.39837499999998727
HC,ODDBALL,sub-01,0.33581250000000296
HC,ODDBALL,sub-01,0.4138125000000059
HC,ODDBALL,sub-01,-0.11725000000001273
HC,ODDBALL,sub-01,-0.3826249999999902
HC,ODDBALL,sub-01,0.34381250000001273
HC,ODDBALL,sub-01,-0.3984375
HC,ODDBALL,sub-01,-0.29681249999998727
HC,ODDBALL,sub-01,-0.35162500000001273
HC,ODDBALL,sub-01,-0.4294375000000059
HC,ODDBALL,sub-01,-0.39837499999998727
HC,ODDBALL,sub-01,-0.4449999999999932
HC,ODDBALL,sub-01,0.42981249999999704
HC,ODDBALL,sub-01,-0.4223749999999882
HC,ODDBALL,sub-01,-0.28125
HC,ODDBALL,sub-01,0.18737500000000296
HC,ODDBALL,sub-01,-0.2971249999999941
HC,ODDBALL,sub-01,-0.46056250000000887
HC,ODDBALL,sub-01,-0.43706249999999613
HC,ODDBALL,sub-01,0.3439999999999941
HC,ODDBALL,sub-01,-0.02375000000000682
HC,ODDBALL,sub-01,-0.04656249999999318
HC,ODDBALL,sub-01,0.35949999999999704
HC,ODDBALL,sub-01,0.3356875000000059
HC,ODDBALL,sub-01,0.016062499999975444
HC,ODDBALL,sub-01,0.023500000000012733
HC,ODDBALL,sub-01,0.14831249999997453
HC,ODDBALL,sub-01,0.3278124999999932
HC,ODDBALL,sub-01,0.32024999999998727
HC,ODDBALL,sub-01,0.17950000000001864
HC,ODDBALL,sub-01,0.37493749999998727
HC,ODDBALL,sub-01,0.32831249999998136
HC,ODDBALL,sub-01,0.46918749999997544
HC,ODDBALL,sub-01,0.46100000000001273
HC,ODDBALL,sub-01,0.4692499999999882
HC,ODDBALL,sub-01,-0.3752499999999941
HC,ODDBALL,sub-01,-0.24962499999998045
HC,ODDBALL,sub-01,-0.21912500000001955
HC,ODDBALL,sub-01,0.39106249999997544
HC,ODDBALL,sub-01,0.11725000000001273
HC,ODDBALL,sub-01,0.39100000000001955
HC,ODDBALL,sub-01,0.4768124999999941
HC,ODDBALL,sub-01,0.42956249999997453
HC,ODDBALL,sub-01,0.13293750000002547
HC,ODDBALL,sub-01,0.42981250000002547
HC,ODDBALL,sub-01,-0.0859375
HC,ODDBALL,sub-01,0.1484375
HC,ODDBALL,sub-01,0.02368749999999409
HC,ODDBALL,sub-01,-0.3598749999999882
HC,ODDBALL,sub-01,0.4997500000000059
HC,ODDBALL,sub-01,-0.25818750000001955
HC,ODDBALL,sub-01,0.39024999999998045
HC,ODDBALL,sub-01,0.30431249999998045
HC,ODDBALL,sub-01,0.01593750000000682
HC,ODDBALL,sub-01,-0.15631250000001273
HC,ODDBALL,sub-01,0.35931249999998727
HC,ODDBALL,sub-01,0.21050000000002456
HC,ODDBALL,sub-01,0.36737499999998136
HC,ODDBALL,sub-01,0.40625
HC,ODDBALL,sub-01,0.42931249999998045
HC,ODDBALL,sub-01,0.4918749999999932
HC,ODDBALL,sub-01,0.19543750000002547
HC,ODDBALL,sub-01,0.28943750000001955
HC,ODDBALL,sub-01,0.40631250000001273
HC,ODDBALL,sub-01,-0.08600000000001273
HC,ODDBALL,sub-01,0.47662500000001273
HC,ODDBALL,sub-01,-0.08581249999997453
HC,ODDBALL,sub-01,0.39075000000002547
HC,ODDBALL,sub-01,0.1794375000000059
HC,ODDBALL,sub-01,0.37462499999998045
HC,ODDBALL,sub-01,0.06274999999999409
HC,ODDBALL,sub-01,-0.34387500000002547
HC,ODDBALL,sub-01,0.33606250000002547
HC,ODDBALL,sub-01,0.4609375
HC,ODDBALL,sub-01,0.49962499999998045
HC,ODDBALL,sub-01,0.34337499999998045
HC,ODDBALL,sub-01,0.4064999999999941
HC,ODDBALL,sub-01,0.3432500000000118
HC,ODDBALL,sub-01,-0.39043750000001864
HC,ODDBALL,sub-01,0.3046875
HC,ODDBALL,sub-01,0.39831249999997453
HC,ODDBALL,sub-01,0.023937499999988177
HC,ODDBALL,sub-01,-0.41412500000001273
HC,ODDBALL,sub-01,-0.453125
HC,ODDBALL,sub-01,0.49262499999997544
HC,ODDBALL,sub-01,0.36712499999998727
HC,ODDBALL,sub-01,0.3981249999999932
HC,ODDBALL,sub-01,0.36675000000002456
HC,ODDBALL,sub-01,0.32831249999998136
HC,ODDBALL,sub-01,0.39825000000001864
HC,ODDBALL,sub-01,0.39887499999997544
HC,ODDBALL,sub-01,0.3284375000000068
HC,ODDBALL,sub-01,-0.34418749999997544
HC,ODDBALL,sub-01,0.49181249999998045
HC,ODDBALL,sub-01,0.39068750000001273
HC,ODDBALL,sub-01,-0.4924374999999941
HC,ODDBALL,sub-01,-0.062124999999980446
HC,RESTING,sub-01,0.4768125000000001
HC,RESTING,sub-01,-0.00749999999999984
HC,RESTING,sub-01,0.17225000000000001
HC,RESTING,sub-01,0.4376875
HC,RESTING,sub-01,0.1406875000000003
HC,RESTING,sub-01,-0.07000000000000028
HC,RESTING,sub-01,0.4767499999999991
HC,RESTING,sub-01,0.3981250000000003
HC,RESTING,sub-01,-0.03131249999999852
HC,RESTING,sub-01,0.02362499999999912
HC,RESTING,sub-01,0.16387500000000088
HC,RESTING,sub-01,-0.3987499999999997
HC,RESTING,sub-01,-0.21881249999999852
HC,RESTING,sub-01,-0.3046875
HC,RESTING,sub-01,0.41368750000000176
HC,RESTING,sub-01,-0.2192500000000024
HC,RESTING,sub-01,0.3901249999999976
HC,RESTING,sub-01,0.023749999999999716
HC,RESTING,sub-01,-0.2190000000000012
HC,RESTING,sub-01,-0.26599999999999824
HC,RESTING,sub-01,-0.08606249999999704
HC,RESTING,sub-01,-0.2578125
HC,RESTING,sub-01,0.375
HC,RESTING,sub-01,-0.04724999999999824
HC,RESTING,sub-01,-0.030999999999998806
HC,RESTING,sub-01,0.2575624999999988
HC,RESTING,sub-01,0.06231249999999733
HC,RESTING,sub-01,0.1013124999999988
HC,RESTING,sub-01,-0.2891249999999985
HC,RESTING,sub-01,0.47612499999999613
HC,RESTING,sub-01,-0.007999999999995566
HC,RESTING,sub-01,-0.20281249999999318
HC,RESTING,sub-01,0.022999999999996135
HC,RESTING,sub-01,-0.31231250000000443
HC,RESTING,sub-01,0.17156249999999318
HC,RESTING,sub-01,0.4448124999999976
HC,RESTING,sub-01,0.47668749999999704
HC,RESTING,sub-01,0.47693750000000534
HC,RESTING,sub-01,0.054562500000002956
HC,RESTING,sub-01,-0.13318750000000534
HC,RESTING,sub-01,0.2966250000000059
HC,RESTING,sub-01,-0.1796875
HC,RESTING,sub-01,0.16393750000000296
HC,RESTING,sub-01,-0.3669999999999902
HC,RESTING,sub-01,0.3201249999999902
HC,RESTING,sub-01,0.2503125000000068
HC,RESTING,sub-01,-0.030812499999996135
HC,RESTING,sub-01,-0.25787500000001273
HC,RESTING,sub-01,-0.08549999999999613
HC,RESTING,sub-01,0.11712499999998727
HC,RESTING,sub-01,0.42975000000001273
HC,RESTING,sub-01,0.00018750000000977707
HC,RESTING,sub-01,-0.3674374999999941
HC,RESTING,sub-01,-0.3901250000000118
HC,RESTING,sub-01,0.1875
HC,RESTING,sub-01,0.46881250000001273
HC,RESTING,sub-01,-0.03143750000000978
HC,RESTING,sub-01,0.08631249999999113
HC,RESTING,sub-01,-0.14081250000000978
HC,RESTING,sub-01,0.33549999999999613
HC,RESTING,sub-01,-0.42181249999998727
HC,RESTING,sub-01,-0.21906250000000682
HC,RESTING,sub-01,0.4996874999999932
HC,RESTING,sub-01,-0.40612500000000296
HC,RESTING,sub-01,-0.07056249999999409
HC,RESTING,sub-01,0.26599999999999113
HC,RESTING,sub-01,0.0
HC,RESTING,sub-01,-0.2341250000000059
HC,RESTING,sub-01,0.27331250000000296
HC,RESTING,sub-01,0.14793750000001182
HC,RESTING,sub-01,0.1560000000000059
HC,RESTING,sub-01,0.39881249999999113
HC,RESTING,sub-01,-0.4296875
HC,RESTING,sub-01,-0.1872500000000059
HC,RESTING,sub-01,0.34362500000000296
HC,RESTING,sub-01,0.4614374999999882
HC,RESTING,sub-01,0.3199999999999932
HC,RESTING,sub-01,-0.20306249999998727
HC,RESTING,sub-01,0.3596875000000068
HC,RESTING,sub-01,0.28899999999998727
HC,RESTING,sub-01,-0.08637499999997544
HC,RESTING,sub-01,0.29731249999997544
HC,RESTING,sub-01,-0.45306249999998727
HC,RESTING,sub-01,0.4067499999999882
HC,RESTING,sub-01,0.30481250000002547
HC,RESTING,sub-01,0.1484375
HC,RESTING,sub-01,0.39024999999998045
HC,RESTING,sub-01,-0.031187499999987267
HC,RESTING,sub-01,-0.46056249999998045
HC,RESTING,sub-01,0.49256250000001955
HC,RESTING,sub-01,0.24987499999997453
HC,RESTING,sub-01,0.05518749999998818
HC,RESTING,sub-01,0.38318750000001955
HC,RESTING,sub-01,0.4453125
HC,RESTING,sub-01,0.23399999999998045
HC,RESTING,sub-01,0.2111874999999941
HC,RESTING,sub-01,-0.4926874999999882
HC,RESTING,sub-01,-0.35143749999997453
HC,RESTING,sub-01,-0.328125
HC,RESTING,sub-01,0.28868749999998045
HC,RESTING,sub-01,-0.12475000000000591
HC,RESTING,sub-01,0.038937499999974534
HC,RESTING,sub-01,0.10968750000000682
HC,RESTING,sub-01,0.16362500000002456
HC,RESTING,sub-01,0.023624999999981355
HC,RESTING,sub-01,0.05437499999999318
HC,RESTING,sub-01,0.19543750000002547
HC,RESTING,sub-01,0.4528750000000059
HC,RESTING,sub-01,-0.39837499999998727
HC,RESTING,sub-01,0.21868749999998727
HC,RESTING,sub-01,-0.22674999999998136
HC,RESTING,sub-01,0.023874999999975444
HC,RESTING,sub-01,-0.40612499999997453
HC,RESTING,sub-01,0.2028750000000059
HC,RESTING,sub-01,-0.02318750000000591
HC,RESTING,sub-01,0.4611874999999941
HC,RESTING,sub-01,0.3911249999999882
HC,RESTING,sub-01,0.23399999999998045
HC,RESTING,sub-01,0.09375
HC,RESTING,sub-01,0.08600000000001273
HC,RESTING,sub-01,-0.16399999999998727
HC,RESTING,sub-01,-0.16399999999998727
HC,RESTING,sub-01,0.2965624999999932
HC,RESTING,sub-01,0.4919375000000059
HC,RESTING,sub-01,0.10899999999998045
HC,ODDBALL,sub-02,-0.4009999999999998
HC,ODDBALL,sub-02,-0.34093750000000256
HC,ODDBALL,sub-02,-0.07750000000000057
HC,ODDBALL,sub-02,0.23443749999999852
HC,ODDBALL,sub-02,0.02312499999999318
HC,ODDBALL,sub-02,-0.4401875000000075
HC,ODDBALL,sub-02,0.2941874999999925
HC,ODDBALL,sub-02,0.09068750000000136
HC,ODDBALL,sub-02,-0.36250000000001137
HC,ODDBALL,sub-02,-0.08868749999999181
HC,ODDBALL,sub-02,-0.4484999999999957
HC,ODDBALL,sub-02,-0.33018749999999386
HC,ODDBALL,sub-02,-0.33981249999999363
HC,ODDBALL,sub-02,-0.2780625000000043
HC,ODDBALL,sub-02,-0.29081249999998704
HC,ODDBALL,sub-02,-0.2833750000000066
HC,ODDBALL,sub-02,-0.45137500000001296
HC,ODDBALL,sub-02,-0.42631249999999454
HC,ODDBALL,sub-02,0.10793749999999136
HC,ODDBALL,sub-02,-0.12531250000000682
HC,ODDBALL,sub-02,0.48987499999998363
HC,ODDBALL,sub-02,-0.3293750000000273
HC,ODDBALL,sub-02,0.4518749999999727
HC,ODDBALL,sub-02,0.06187499999998636
HC,ODDBALL,sub-02,0.2459999999999809
HC,ODDBALL,sub-02,0.3520624999999882
HC,ODDBALL,sub-02,0.44356249999998454
HC,ODDBALL,sub-02,-0.13043750000002774
HC,ODDBALL,sub-02,-0.2783749999999827
HC,ODDBALL,sub-02,0.27087499999998954
HC,ODDBALL,sub-02,0.4778749999999832
HC,ODDBALL,sub-02,0.4348125000000209
HC,ODDBALL,sub-02,0.22206249999999272
HC,ODDBALL,sub-02,0.17899999999997362
HC,ODDBALL,sub-02,-0.4324374999999918
HC,ODDBALL,sub-02,0.3566250000000082
HC,ODDBALL,sub-02,0.18437499999998863
HC,ODDBALL,sub-02,0.4350000000000023
HC,ODDBALL,sub-02,0.07968749999997726
HC,ODDBALL,sub-02,-0.26637499999998226
HC,ODDBALL,sub-02,-0.49693750000000136
HC,ODDBALL,sub-02,-0.36412500000000136
HC,ODDBALL,sub-02,0.19837499999999864
HC,ODDBALL,sub-02,0.012499999999988631
HC,ODDBALL,sub-02,-0.2826249999999959
HC,ODDBALL,sub-02,0.26093750000001137
HC,ODDBALL,sub-02,0.4576250000000073
HC,ODDBALL,sub-02,0.3296250000000214
HC,ODDBALL,sub-02,0.16199999999997772
HC,RESTING,sub-02,0.3001250000000013
HC,RESTING,sub-02,0.060062500000000796
HC,RESTING,sub-02,0.22693749999999824
HC,RESTING,sub-02,0.34762499999999363
HC,RESTING,sub-02,-0.124187500000005
HC,RESTING,sub-02,-0.3093125000000043
HC,RESTING,sub-02,-0.48156249999999545
HC,RESTING,sub-02,-0.43412499999999454
HC,RESTING,sub-02,0.3596249999999941
HC,RESTING,sub-02,0.27781250000001023
HC,RESTING,sub-02,0.08637500000000387
HC,RESTING,sub-02,-0.032874999999989996
HC,RESTING,sub-02,-0.19731250000000955
HC,RESTING,sub-02,-0.07168749999999591
HC,RESTING,sub-02,0.06200000000001182
HC,RESTING,sub-02,-0.38243750000000887
HC,RESTING,sub-02,-0.3984375
HC,RESTING,sub-02,0.171875
HC,RESTING,sub-02,-0.04624999999998636
HC,RESTING,sub-02,0.01650000000000773
HC,RESTING,sub-02,-0.1220000000000141
HC,RESTING,sub-02,-0.41143750000000523
HC,RESTING,sub-02,-0.09112500000000523
HC,RESTING,sub-02,-0.4654999999999916
HC,RESTING,sub-02,-0.04362499999999159
HC,RESTING,sub-02,-0.4376875000000098
HC,RESTING,sub-02,-0.4484999999999957
HC,RESTING,sub-02,0.19212500000000432
HC,RESTING,sub-02,-0.1982500000000016
HC,RESTING,sub-02,0.40074999999998795
HC,RESTING,sub-02,0.2088124999999934
HC,RESTING,sub-02,0.15475000000000705
HC,RESTING,sub-02,0.04187500000000455
HC,RESTING,sub-02,0.316562499999975
HC,RESTING,sub-02,-0.19562500000000682
HC,RESTING,sub-02,-0.42512499999998
HC,RESTING,sub-02,0.314937499999985
HC,RESTING,sub-02,-0.32118750000000773
HC,RESTING,sub-02,0.37412499999999227
HC,RESTING,sub-02,-0.2305625000000191
HC,RESTING,sub-02,0.4725624999999809
HC,RESTING,sub-02,0.3998124999999959
HC,RESTING,sub-02,0.33793750000000955
HC,RESTING,sub-02,0.26406250000002274
HC,RESTING,sub-02,0.18999999999999773
HC,RESTING,sub-02,0.02612499999997908
HC,RESTING,sub-02,-0.33556249999998045
HC,RESTING,sub-02,-0.40562499999998636
HC,ODDBALL,sub-03,-0.3201875000000003
HC,ODDBALL,sub-03,-0.14874999999999972
HC,ODDBALL,sub-03,-0.4059375000000003
HC,ODDBALL,sub-03,0.1484375
HC,ODDBALL,sub-03,0.35137499999999733
HC,ODDBALL,sub-03,0.39050000000000296
HC,ODDBALL,sub-03,-0.42149999999999466
HC,ODDBALL,sub-03,0.2109375
HC,ODDBALL,sub-03,-0.24262500000000387
HC,ODDBALL,sub-03,-0.32793750000000443
HC,ODDBALL,sub-03,0.07831249999999557
HC,ODDBALL,sub-03,-0.40662499999999113
HC,ODDBALL,sub-03,0.007562500000005912
HC,ODDBALL,sub-03,0.41443749999999113
HC,ODDBALL,sub-03,0.140625
HC,ODDBALL,sub-03,-0.46100000000001273
HC,ODDBALL,sub-03,-0.44524999999998727
HC,ODDBALL,sub-03,-0.19562500000000682
HC,ODDBALL,sub-03,0.1794375000000059
HC,ODDBALL,sub-03,0.3518124999999941
HC,ODDBALL,sub-03,-0.4135625000000118
HC,ODDBALL,sub-03,0.02318750000000591
HC,ODDBALL,sub-03,-0.21056250000000887
HC,ODDBALL,sub-03,-0.10131250000000591
HC,ODDBALL,sub-03,0.20300000000000296
HC,ODDBALL,sub-03,0.3825625000000059
HC,ODDBALL,sub-03,0.49962500000000887
HC,ODDBALL,sub-03,-0.18700000000001182
HC,ODDBALL,sub-03,-0.4377499999999941
HC,ODDBALL,sub-03,0.4060000000000059
HC,ODDBALL,sub-03,-0.1875
HC,ODDBALL,sub-03,-0.42231250000000387
HC,ODDBALL,sub-03,0.3049374999999941
HC,ODDBALL,sub-03,-0.27350000000001273
HC,ODDBALL,sub-03,-0.4534375000000068
HC,ODDBALL,sub-03,-0.41412500000001273
HC,ODDBALL,sub-03,-0.46087499999998727
HC,ODDBALL,sub-03,-0.43706249999999613
HC,ODDBALL,sub-03,0.07781249999999318
HC,ODDBALL,sub-03,0.265625
HC,ODDBALL,sub-03,-0.09387499999999704
HC,ODDBALL,sub-03,-0.39049999999997453
HC,ODDBALL,sub-03,-0.2814999999999941
HC,ODDBALL,sub-03,0.2736874999999941
HC,ODDBALL,sub-03,0.49962499999998045
HC,ODDBALL,sub-03,-0.17137500000001182
HC,ODDBALL,sub-03,0.46887500000002547
HC,ODDBALL,sub-03,0.10131250000000591
HC,ODDBALL,sub-03,0.031437499999981355
HC,ODDBALL,sub-03,-0.03899999999998727
HC,ODDBALL,sub-03,-0.39806249999998045
HC,ODDBALL,sub-03,0.37518749999998136
HC,ODDBALL,sub-03,0.34418749999997544
HC,ODDBALL,sub-03,0.18756250000001273
HC,ODDBALL,sub-03,0.04718750000000682
HC,ODDBALL,sub-03,0.07818750000001273
HC,ODDBALL,sub-03,-0.39075000000002547
HC,ODDBALL,sub-03,-0.1328125
HC,ODDBALL,sub-03,0.10199999999997544
HC,ODDBALL,sub-03,0.015312499999993179
HC,ODDBALL,sub-03,-0.3903124999999932
HC,ODDBALL,sub-03,-0.06999999999999318
HC,ODDBALL,sub-03,-0.21881250000001273
HC,ODDBALL,sub-03,0.47649999999998727
HC,ODDBALL,sub-03,-0.20274999999998045
HC,ODDBALL,sub-03,0.45274999999998045
HC,ODDBALL,sub-03,-0.3278750000000059
HC,ODDBALL,sub-03,-0.06262500000002547
HC,ODDBALL,sub-03,0.32850000000001955
HC,ODDBALL,sub-03,0.3051874999999882
HC,ODDBALL,sub-03,-0.37506250000001273
HC,ODDBALL,sub-03,0.42143750000002456
HC,ODDBALL,sub-03,0.25787500000001273
HC,ODDBALL,sub-03,-0.008249999999975444
HC,ODDBALL,sub-03,0.23393750000002456
HC,ODDBALL,sub-03,0.20293750000001864
HC,ODDBALL,sub-03,0.23481249999997544
HC,ODDBALL,sub-03,-0.16362500000002456
HC,ODDBALL,sub-03,-0.14887499999997544
HC,ODDBALL,sub-03,-0.22687500000000682
HC,ODDBALL,sub-03,-0.4215624999999932
HC,ODDBALL,sub-03,-0.19512500000001864
HC,ODDBALL,sub-03,0.35981249999997544
HC,ODDBALL,sub-03,0.015499999999974534
HC,ODDBALL,sub-03,-0.2971249999999941
HC,ODDBALL,sub-03,0.32068750000001955
HC,RESTING,sub-03,0.0703125
HC,RESTING,sub-03,0.2965624999999932
HC,RESTING,sub-03,0.19499999999999318
HC,RESTING,sub-03,0.039500000000003865
HC,RESTING,sub-03,0.359375
HC,RESTING,sub-03,0.3283749999999941
HC,RESTING,sub-03,-0.13312500000000682
HC,RESTING,sub-03,0.10968750000000682
HC,RESTING,sub-03,-0.3674374999999941
HC,RESTING,sub-03,-0.05431250000000887
HC,RESTING,sub-03,0.3044999999999902
HC,RESTING,sub-03,0.2419375000000059
HC,RESTING,sub-03,0.18762499999999704
HC,RESTING,sub-03,0.48474999999999113
HC,RESTING,sub-03,0.1875
HC,RESTING,sub-03,-0.47693749999999113
HC,RESTING,sub-03,-0.2888125000000059
HC,RESTING,sub-03,-0.4526250000000118
HC,RESTING,sub-03,0.04724999999999113
HC,RESTING,sub-03,-0.0625
HC,RESTING,sub-03,-0.24174999999999613
HC,RESTING,sub-03,-0.49212499999998727
HC,RESTING,sub-03,0.25787500000001273
HC,RESTING,sub-03,0.25768750000000296
HC,RESTING,sub-03,0.4526250000000118
HC,RESTING,sub-03,0.42199999999999704
HC,RESTING,sub-03,0.328125
HC,RESTING,sub-03,-0.3747500000000059
HC,RESTING,sub-03,-0.2737500000000068
HC,RESTING,sub-03,0.3596875000000068
HC,RESTING,sub-03,-0.32037500000001273
HC,RESTING,sub-03,-0.38325000000000387
HC,RESTING,sub-03,-0.4138749999999902
HC,RESTING,sub-03,0.3283125000000098
HC,RESTING,sub-03,0.10918749999999022
HC,RESTING,sub-03,0.10162500000001273
HC,RESTING,sub-03,0.4606249999999932
HC,RESTING,sub-03,0.2653124999999932
HC,RESTING,sub-03,-0.10162500000001273
HC,RESTING,sub-03,-0.27387500000000387
HC,RESTING,sub-03,0.40581249999999613
HC,RESTING,sub-03,0.055125000000003865
HC,RESTING,sub-03,0.023500000000012733
HC,RESTING,sub-03,0.19499999999999318
HC,RESTING,sub-03,-0.2424374999999941
HC,RESTING,sub-03,0.3590624999999932
HC,RESTING,sub-03,-0.5
HC,RESTING,sub-03,-0.12512499999999704
HC,RESTING,sub-03,-0.2268124999999941
HC,RESTING,sub-03,-0.062312500000018645
HC,RESTING,sub-03,-0.23443750000001273
HC,RESTING,sub-03,-0.14850000000001273
HC,RESTING,sub-03,-0.13324999999997544
HC,RESTING,sub-03,-0.34356250000001864
HC,RESTING,sub-03,-0.16362500000002456
HC,RESTING,sub-03,-0.030812500000024556
HC,RESTING,sub-03,-0.24231250000002547
HC,RESTING,sub-03,-0.21062499999999318
HC,RESTING,sub-03,-0.26568750000001273
HC,RESTING,sub-03,0.28162500000001955
HC,RESTING,sub-03,-0.109375
HC,RESTING,sub-03,-0.33612499999998136
HC,RESTING,sub-03,0.45293750000001864
HC,RESTING,sub-03,-0.04681249999998727
HC,RESTING,sub-03,-0.23468750000000682
HC,RESTING,sub-03,-0.06218749999999318
HC,RESTING,sub-03,-0.1408749999999941
HC,RESTING,sub-03,-0.08631250000001955
HC,RESTING,sub-03,0.2424374999999941
HC,RESTING,sub-03,-0.14856250000002547
HC,RESTING,sub-03,-0.26549999999997453
HC,RESTING,sub-03,0.35918750000001864
HC,RESTING,sub-03,-0.1325625000000059
HC,RESTING,sub-03,0.06274999999999409
HC,RESTING,sub-03,-0.26575000000002547
HC,RESTING,sub-03,-0.16418750000002547
HC,RESTING,sub-03,-0.06262500000002547
HC,RESTING,sub-03,0.2504999999999882
HC,RESTING,sub-03,0.023562500000025466
HC,RESTING,sub-03,-0.38324999999997544
HC,RESTING,sub-03,-0.016062499999975444
HC,RESTING,sub-03,0.18706250000002456
HC,RESTING,sub-03,0.49175000000002456
HC,RESTING,sub-03,-0.13262500000001864
HC,RESTING,sub-03,0.28924999999998136
HC,RESTING,sub-03,0.45331249999998136
HC,RESTING,sub-03,0.140625
HC,RESTING,sub-03,0.4609375
HC,RESTING,sub-03,-0.4067499999999882
HC,RESTING,sub-03,0.35137500000001864
HC,RESTING,sub-03,-0.3984375
HC,RESTING,sub-03,0.1484375
HC,RESTING,sub-03,0.10162500000001273
HC,RESTING,sub-03,0.36725000000001273
HC,RESTING,sub-03,-0.16437500000000682
HC,RESTING,sub-03,-0.08562499999999318
HC,RESTING,sub-03,-0.2658749999999941
HC,RESTING,sub-03,0.36731250000002547
HC,RESTING,sub-03,-0.3049374999999941
HC,RESTING,sub-03,0.1325625000000059
HC,RESTING,sub-03,0.031625000000019554
HC,ODDBALL,sub-04,0.3904375000000009
HC,ODDBALL,sub-04,0.4307500000000033
HC,ODDBALL,sub-04,0.025249999999999773
HC,ODDBALL,sub-04,-0.33287500000000136
HC,ODDBALL,sub-04,0.3669374999999988
HC,ODDBALL,sub-04,0.40262500000000045
HC,ODDBALL,sub-04,0.4425625000000011
HC,ODDBALL,sub-04,0.29375000000000284
HC,ODDBALL,sub-04,0.1231250000000017
HC,ODDBALL,sub-04,0.20112499999999756
HC,ODDBALL,sub-04,-0.4052499999999952
HC,ODDBALL,sub-04,-0.41231249999999875
HC,ODDBALL,sub-04,-0.48175000000000523
HC,ODDBALL,sub-04,0.3548124999999942
HC,ODDBALL,sub-04,-0.2543124999999975
HC,ODDBALL,sub-04,0.3318749999999966
HC,ODDBALL,sub-04,-0.369937500000006
HC,ODDBALL,sub-04,0.23024999999999807
HC,ODDBALL,sub-04,-0.11743749999999409
HC,ODDBALL,sub-04,-0.47137499999999477
HC,ODDBALL,sub-04,-0.47050000000000125
HC,ODDBALL,sub-04,-0.009687499999998295
HC,ODDBALL,sub-04,0.3155000000000001
HC,ODDBALL,sub-04,-0.4418124999999975
HC,ODDBALL,sub-04,0.4916249999999991
HC,ODDBALL,sub-04,-0.375812499999995
HC,ODDBALL,sub-04,-0.48393749999999613
HC,ODDBALL,sub-04,-0.1427500000000066
HC,ODDBALL,sub-04,-0.3486249999999984
HC,ODDBALL,sub-04,-0.11968749999999773
HC,ODDBALL,sub-04,0.3334375000000023
HC,ODDBALL,sub-04,0.1451874999999916
HC,ODDBALL,sub-04,0.24318750000000477
HC,ODDBALL,sub-04,-0.2758125000000007
HC,ODDBALL,sub-04,-0.37674999999998704
HC,ODDBALL,sub-04,0.30506249999999113
HC,ODDBALL,sub-04,0.12031250000001137
HC,ODDBALL,sub-04,-0.11625000000000796
HC,ODDBALL,sub-04,-0.1926249999999925
HC,ODDBALL,sub-04,0.38212500000000205
HC,ODDBALL,sub-04,-0.3965000000000032
HC,ODDBALL,sub-04,0.42025000000001
HC,ODDBALL,sub-04,-0.4024374999999907
HC,ODDBALL,sub-04,-0.37812500000001137
HC,ODDBALL,sub-04,0.44999999999998863
HC,ODDBALL,sub-04,-0.03012499999999818
HC,ODDBALL,sub-04,-0.43575000000001296
HC,ODDBALL,sub-04,0.4823124999999777
HC,ODDBALL,sub-04,-0.47775000000001455
HC,ODDBALL,sub-04,-0.22350000000000136
HC,ODDBALL,sub-04,-0.13918749999999136
HC,ODDBALL,sub-04,0.41550000000000864
HC,ODDBALL,sub-04,0.3031874999999786
HC,ODDBALL,sub-04,-0.4542500000000018
HC,ODDBALL,sub-04,0.4213750000000118
HC,ODDBALL,sub-04,0.30862500000000637
HC,ODDBALL,sub-04,0.3216874999999959
HC,ODDBALL,sub-04,0.44631249999997635
HC,ODDBALL,sub-04,0.12162499999999454
HC,ODDBALL,sub-04,-0.46306249999997817
HC,ODDBALL,sub-04,-0.3921250000000214
HC,ODDBALL,sub-04,0.21749999999997272
HC,ODDBALL,sub-04,0.2448125000000232
HC,ODDBALL,sub-04,0.32418749999999363
HC,ODDBALL,sub-04,-0.3833124999999882
HC,ODDBALL,sub-04,0.2589375000000018
HC,ODDBALL,sub-04,-0.04931249999998499
HC,ODDBALL,sub-04,0.47037499999999
HC,ODDBALL,sub-04,-0.04743750000000091
HC,ODDBALL,sub-04,-0.4369374999999991
HC,ODDBALL,sub-04,0.3846250000000282
HC,ODDBALL,sub-04,-0.46456249999999955
HC,ODDBALL,sub-04,-0.029875000000004093
HC,ODDBALL,sub-04,0.28449999999998
HC,ODDBALL,sub-04,0.15293750000000728
HC,ODDBALL,sub-04,0.39937500000002046
HC,ODDBALL,sub-04,0.1255625000000009
HC,ODDBALL,sub-04,0.208500000000015
HC,ODDBALL,sub-04,-0.2205625000000282
HC,ODDBALL,sub-04,0.393062499999985
HC,ODDBALL,sub-04,-0.013562499999977717
HC,ODDBALL,sub-04,0.4251874999999927
HC,ODDBALL,sub-04,-0.28762499999999136
HC,ODDBALL,sub-04,0.20456250000000864
HC,ODDBALL,sub-04,-0.09218750000002274
HC,RESTING,sub-04,-0.1335000000000015
HC,RESTING,sub-04,-0.24062500000000142
HC,RESTING,sub-04,-0.15318750000000136
HC,RESTING,sub-04,-0.05581250000000182
HC,RESTING,sub-04,0.09437499999999943
HC,RESTING,sub-04,-0.3464374999999933
HC,RESTING,sub-04,-0.05674999999999386
HC,RESTING,sub-04,-0.24712499999999693
HC,RESTING,sub-04,0.46618750000000375
HC,RESTING,sub-04,-0.33799999999999386
HC,RESTING,sub-04,0.10275000000000034
HC,RESTING,sub-04,0.23806249999999807
HC,RESTING,sub-04,0.07787500000000591
HC,RESTING,sub-04,0.13318750000000534
HC,RESTING,sub-04,0.19268750000000523
HC,RESTING,sub-04,-0.21031250000000057
HC,RESTING,sub-04,0.39124999999999943
HC,RESTING,sub-04,0.09368749999998727
HC,RESTING,sub-04,-0.36243749999999864
HC,RESTING,sub-04,0.3571875000000091
HC,RESTING,sub-04,0.2451250000000016
HC,RESTING,sub-04,-0.16512499999998909
HC,RESTING,sub-04,0.2855624999999975
HC,RESTING,sub-04,-0.21381249999998886
HC,RESTING,sub-04,0.33306250000001114
HC,RESTING,sub-04,0.02975000000000705
HC,RESTING,sub-04,-0.14893749999998818
HC,RESTING,sub-04,-0.4894375000000082
HC,RESTING,sub-04,0.3364374999999882
HC,RESTING,sub-04,-0.020687500000008185
HC,RESTING,sub-04,0.24743749999998954
HC,RESTING,sub-04,-0.4283749999999884
HC,RESTING,sub-04,-0.005374999999986585
HC,RESTING,sub-04,-0.40418750000000614
HC,RESTING,sub-04,-0.25637499999999136
HC,RESTING,sub-04,0.13749999999998863
HC,RESTING,sub-04,-0.41231250000001296
HC,RESTING,sub-04,0.41243750000001
HC,RESTING,sub-04,0.4830000000000041
HC,RESTING,sub-04,0.3540624999999977
HC,RESTING,sub-04,-0.30812499999998977
HC,RESTING,sub-04,0.42224999999999113
HC,RESTING,sub-04,0.4931875000000048
HC,RESTING,sub-04,0.07481250000000728
HC,RESTING,sub-04,-0.15412500000002183
HC,RESTING,sub-04,0.3337500000000091
HC,RESTING,sub-04,0.3081874999999741
HC,RESTING,sub-04,0.4259999999999877
HC,RESTING,sub-04,0.039249999999981355
HC,RESTING,sub-04,-0.264812500000005
HC,RESTING,sub-04,-0.33068750000001046
HC,RESTING,sub-04,0.016312500000026375
HC,RESTING,sub-04,-0.0020625000000222826
HC,RESTING,sub-04,0.25281250000000455
HC,RESTING,sub-04,-0.3957500000000209
HC,RESTING,sub-04,-0.14375000000001137
HC,RESTING,sub-04,-0.22806250000002137
HC,RESTING,sub-04,-0.45862499999998363
HC,RESTING,sub-04,-0.3965000000000032
HC,RESTING,sub-04,-0.36037499999997635
HC,RESTING,sub-04,0.3251250000000141
HC,RESTING,sub-04,0.20249999999998636
HC,RESTING,sub-04,0.2526250000000232
HC,RESTING,sub-04,0.349125000000015
HC,RESTING,sub-04,-0.35056250000002365
HC,RESTING,sub-04,-0.16243750000001
HC,RESTING,sub-04,-0.18562500000001592
HC,RESTING,sub-04,0.09525000000002137
HC,RESTING,sub-04,-0.49225000000001273
HC,RESTING,sub-04,-0.10437500000000455
HC,RESTING,sub-04,-0.1818749999999909
HC,RESTING,sub-04,-0.009999999999990905
HC,RESTING,sub-04,-0.34531249999997726
HC,RESTING,sub-04,0.23693750000001046
HC,RESTING,sub-04,0.08937500000001819
HC,RESTING,sub-04,0.353999999999985
HC,RESTING,sub-04,0.4831249999999727
HC,RESTING,sub-04,0.1955624999999941
HC,RESTING,sub-04,-0.3344374999999786
HC,RESTING,sub-04,0.40937500000001137
HC,RESTING,sub-04,0.16281249999997272
HC,RESTING,sub-04,0.10193750000001955
HC,RESTING,sub-04,0.10668750000002092
HC,RESTING,sub-04,-0.003312499999992724
HC,RESTING,sub-04,-0.3879375000000209
HC,RESTING,sub-04,0.3079999999999927
HC,RESTING,sub-04,0.18274999999999864
HC,ODDBALL,sub-05,0.4532500000000006
HC,ODDBALL,sub-05,-0.22687499999999972
HC,ODDBALL,sub-05,-0.4841249999999988
HC,ODDBALL,sub-05,-0.23443749999999852
HC,ODDBALL,sub-05,0.18731249999999733
HC,ODDBALL,sub-05,-0.05487500000000267
HC,ODDBALL,sub-05,0.26543749999999733
HC,ODDBALL,sub-05,0.08574999999999733
HC,ODDBALL,sub-05,-0.4611875000000012
HC,ODDBALL,sub-05,-0.28125
HC,ODDBALL,sub-05,-0.1796875
HC,ODDBALL,sub-05,0.35112499999999613
HC,ODDBALL,sub-05,0.46918750000000387
HC,ODDBALL,sub-05,-0.24987500000000296
HC,ODDBALL,sub-05,0.47637500000000443
HC,ODDBALL,sub-05,0.06274999999999409
HC,ODDBALL,sub-05,0.4452500000000015
HC,ODDBALL,sub-05,-0.46049999999999613
HC,ODDBALL,sub-05,0.4296250000000015
HC,ODDBALL,sub-05,0.10131250000000591
HC,ODDBALL,sub-05,0.49200000000000443
HC,ODDBALL,sub-05,-0.3594374999999985
HC,ODDBALL,sub-05,-0.49256250000000534
HC,ODDBALL,sub-05,0.15612500000000296
HC,ODDBALL,sub-05,0.34387499999999704
HC,ODDBALL,sub-05,0.17956250000000296
HC,ODDBALL,sub-05,-0.375
HC,ODDBALL,sub-05,0.2578125
HC,ODDBALL,sub-05,-0.4300000000000068
HC,ODDBALL,sub-05,0.296875
HC,ODDBALL,sub-05,0.3591250000000059
HC,ODDBALL,sub-05,-0.21125000000000682
HC,ODDBALL,sub-05,0.17962499999998727
HC,ODDBALL,sub-05,0.47612499999999613
HC,ODDBALL,sub-05,0.43012500000000387
HC,ODDBALL,sub-05,-0.21125000000000682
HC,ODDBALL,sub-05,0.21062499999999318
HC,ODDBALL,sub-05,0.32024999999998727
HC,ODDBALL,sub-05,0.36674999999999613
HC,ODDBALL,sub-05,-0.4138125000000059
HC,ODDBALL,sub-05,-0.22687500000000682
HC,ODDBALL,sub-05,0.14093750000000682
HC,ODDBALL,sub-05,0.36712499999998727
HC,ODDBALL,sub-05,0.3361874999999941
HC,ODDBALL,sub-05,0.3122500000000059
HC,ODDBALL,sub-05,-0.1171875
HC,ODDBALL,sub-05,0.2424374999999941
HC,ODDBALL,sub-05,0.26599999999999113
HC,ODDBALL,sub-05,0.1015625
HC,ODDBALL,sub-05,0.32075000000000387
HC,ODDBALL,sub-05,-0.26525000000000887
HC,ODDBALL,sub-05,-0.02375000000000682
HC,ODDBALL,sub-05,0.10131250000000591
HC,ODDBALL,sub-05,-0.17206250000000978
HC,ODDBALL,sub-05,-0.49956249999999613
HC,ODDBALL,sub-05,0.13325000000000387
HC,ODDBALL,sub-05,0.3206250000000068
HC,ODDBALL,sub-05,-0.04706250000000978
HC,ODDBALL,sub-05,0.3669999999999902
HC,ODDBALL,sub-05,-0.14056249999998727
HC,ODDBALL,sub-05,-0.45306249999998727
HC,ODDBALL,sub-05,0.3284375000000068
HC,ODDBALL,sub-05,-0.008250000000003865
HC,ODDBALL,sub-05,-0.4998124999999902
HC,ODDBALL,sub-05,-0.17168749999999022
HC,ODDBALL,sub-05,0.2658125000000098
HC,ODDBALL,sub-05,0.19493750000000887
HC,ODDBALL,sub-05,-0.2888125000000059
HC,ODDBALL,sub-05,0.3986874999999941
HC,ODDBALL,sub-05,-0.3128125000000068
HC,ODDBALL,sub-05,-0.16450000000000387
HC,ODDBALL,sub-05,0.24174999999999613
HC,ODDBALL,sub-05,0.30431250000000887
HC,ODDBALL,sub-05,-0.08568750000000591
HC,ODDBALL,sub-05,0.4145624999999882
HC,ODDBALL,sub-05,0.24962500000000887
HC,ODDBALL,sub-05,0.2573125000000118
HC,ODDBALL,sub-05,0.2651250000000118
HC,ODDBALL,sub-05,0.1481875000000059
HC,ODDBALL,sub-05,0.265625
HC,ODDBALL,sub-05,0.38268749999997453
HC,ODDBALL,sub-05,-0.4760625000000118
HC,ODDBALL,sub-05,-0.4765625
HC,ODDBALL,sub-05,0.28087499999998045
HC,ODDBALL,sub-05,0.49225000000001273
HC,ODDBALL,sub-05,0.22612500000002456
HC,ODDBALL,sub-05,0.27387499999997544
HC,ODDBALL,sub-05,-0.05475000000001273
HC,ODDBALL,sub-05,-0.37543749999997544
HC,ODDBALL,sub-05,0.35199999999997544
HC,ODDBALL,sub-05,0.04693750000001273
HC,ODDBALL,sub-05,-0.25824999999997544
HC,ODDBALL,sub-05,0.10199999999997544
HC,ODDBALL,sub-05,-0.26556249999998727
HC,ODDBALL,sub-05,0.0078125
HC,ODDBALL,sub-05,-0.44568750000001955
HC,ODDBALL,sub-05,0.44493749999998045
HC,ODDBALL,sub-05,0.4370000000000118
HC,ODDBALL,sub-05,0.22668750000002547
HC,ODDBALL,sub-05,0.24237499999998136
HC,ODDBALL,sub-05,-0.4841250000000059
HC,ODDBALL,sub-05,-0.28118749999998727
HC,ODDBALL,sub-05,-0.13293750000002547
HC,ODDBALL,sub-05,-0.015249999999980446
HC,ODDBALL,sub-05,0.29649999999998045
HC,ODDBALL,sub-05,-0.46106250000002547
HC,ODDBALL,sub-05,-0.4768124999999941
HC,ODDBALL,sub-05,-0.3049374999999941
HC,ODDBALL,sub-05,0.3359375
HC,ODDBALL,sub-05,-0.20350000000001955
HC,ODDBALL,sub-05,-0.21906250000000682
HC,ODDBALL,sub-05,0.3043749999999932
HC,ODDBALL,sub-05,-0.4846249999999941
HC,ODDBALL,sub-05,0.33637499999997544
HC,ODDBALL,sub-05,6.250000001273293e-05
HC,ODDBALL,sub-05,0.32806249999998727
HC,ODDBALL,sub-05,0.030812500000024556
HC,ODDBALL,sub-05,-0.34331250000002456
HC,ODDBALL,sub-05,0.016062499999975444
HC,ODDBALL,sub-05,0.2581250000000068
HC,ODDBALL,sub-05,0.30462499999998727
HC,ODDBALL,sub-05,0.28118749999998727
HC,ODDBALL,sub-05,0.26543750000001864
HC,ODDBALL,sub-05,0.28168749999997544
HC,ODDBALL,sub-05,0.36675000000002456
HC,ODDBALL,sub-05,0.38268749999997453
HC,ODDBALL,sub-05,-0.038687499999980446
HC,ODDBALL,sub-05,-0.41387500000001864
HC,ODDBALL,sub-05,0.29649999999998045
HC,ODDBALL,sub-05,0.06274999999999409
HC,ODDBALL,sub-05,0.41412500000001273
HC,ODDBALL,sub-05,0.2729375000000118
HC,ODDBALL,sub-05,-0.21100000000001273
HC,ODDBALL,sub-05,0.34375
HC,ODDBALL,sub-05,0.2888125000000059
HC,ODDBALL,sub-05,0.37537500000001955
HC,ODDBALL,sub-05,-0.3278124999999932
HC,ODDBALL,sub-05,0.3987500000000068
HC,ODDBALL,sub-05,0.29681249999998727
HC,ODDBALL,sub-05,-0.07074999999997544
HC,RESTING,sub-05,-0.0075624999999996945
HC,RESTING,sub-05,-0.4920624999999994
HC,RESTING,sub-05,0.4533124999999991
HC,RESTING,sub-05,0.1717499999999994
HC,RESTING,sub-05,-0.08612499999999912
HC,RESTING,sub-05,-0.3284374999999997
HC,RESTING,sub-05,0.46918749999999676
HC,RESTING,sub-05,0.2659374999999997
HC,RESTING,sub-05,-0.008062500000001194
HC,RESTING,sub-05,-0.40587500000000176
HC,RESTING,sub-05,0.16393750000000296
HC,RESTING,sub-05,-0.007937499999997044
HC,RESTING,sub-05,-0.3986874999999941
HC,RESTING,sub-05,0.24200000000000443
HC,RESTING,sub-05,0.22700000000000387
HC,RESTING,sub-05,0.08599999999999852
HC,RESTING,sub-05,-0.3515000000000015
HC,RESTING,sub-05,-0.49200000000000443
HC,RESTING,sub-05,-0.4686875000000015
HC,RESTING,sub-05,-0.14887500000000387
HC,RESTING,sub-05,-0.18787500000000534
HC,RESTING,sub-05,-0.29699999999999704
HC,RESTING,sub-05,-0.01587499999999409
HC,RESTING,sub-05,0.030874999999994657
HC,RESTING,sub-05,-0.3435000000000059
HC,RESTING,sub-05,-0.17981249999999704
HC,RESTING,sub-05,-0.2893124999999941
HC,RESTING,sub-05,0.35193749999999113
HC,RESTING,sub-05,0.0625
HC,RESTING,sub-05,-0.09362500000000296
HC,RESTING,sub-05,-0.4293749999999932
HC,RESTING,sub-05,0.33587499999998727
HC,RESTING,sub-05,0.43756250000001273
HC,RESTING,sub-05,0.3981249999999932
HC,RESTING,sub-05,0.30512500000000387
HC,RESTING,sub-05,-0.17218750000000682
HC,RESTING,sub-05,-0.21856249999999022
HC,RESTING,sub-05,0.23474999999999113
HC,RESTING,sub-05,-0.4919375000000059
HC,RESTING,sub-05,0.09362500000000296
HC,RESTING,sub-05,-0.31993750000000887
HC,RESTING,sub-05,0.0003125000000068212
HC,RESTING,sub-05,0.23449999999999704
HC,RESTING,sub-05,0.4528750000000059
HC,RESTING,sub-05,0.38318749999999113
HC,RESTING,sub-05,0.17156249999999318
HC,RESTING,sub-05,-0.23406249999999318
HC,RESTING,sub-05,0.31262499999999704
HC,RESTING,sub-05,0.28162499999999113
HC,RESTING,sub-05,0.055125000000003865
HC,RESTING,sub-05,0.28131250000001273
HC,RESTING,sub-05,-0.03912500000001273
HC,RESTING,sub-05,0.06243749999998727
HC,RESTING,sub-05,-0.28162499999999113
HC,RESTING,sub-05,0.23406249999999318
HC,RESTING,sub-05,-0.48443750000001273
HC,RESTING,sub-05,0.3126875000000098
HC,RESTING,sub-05,-0.29724999999999113
HC,RESTING,sub-05,0.4143124999999941
HC,RESTING,sub-05,-0.030750000000011823
HC,RESTING,sub-05,0.023812499999991132
HC,RESTING,sub-05,-0.23474999999999113
HC,RESTING,sub-05,-0.00012499999999704414
HC,RESTING,sub-05,-0.3676874999999882
HC,RESTING,sub-05,0.3669375000000059
HC,RESTING,sub-05,-0.10899999999998045
HC,RESTING,sub-05,-0.047000000000025466
HC,RESTING,sub-05,0.4301874999999882
HC,RESTING,sub-05,-0.28887500000001864
HC,RESTING,sub-05,0.21893749999998136
HC,RESTING,sub-05,-0.03174999999998818
HC,RESTING,sub-05,0.25737500000002456
HC,RESTING,sub-05,-0.10981249999997544
HC,RESTING,sub-05,-0.45268750000002456
HC,RESTING,sub-05,-0.44524999999998727
HC,RESTING,sub-05,-0.46856250000001864
HC,RESTING,sub-05,0.13299999999998136
HC,RESTING,sub-05,0.15631250000001273
HC,RESTING,sub-05,0.39018750000002456
HC,RESTING,sub-05,0.28125
HC,RESTING,sub-05,-0.36756250000001955
HC,RESTING,sub-05,-0.16399999999998727
HC,RESTING,sub-05,-0.14112499999998818
HC,RESTING,sub-05,0.03899999999998727
HC,RESTING,sub-05,-0.39106249999997544
HC,RESTING,sub-05,0.06268749999998136
HC,RESTING,sub-05,-0.05493749999999409
HC,RESTING,sub-05,0.24256250000001955
HC,RESTING,sub-05,-0.34375
HC,RESTING,sub-05,-0.18787500000001955
HC,RESTING,sub-05,0.24206249999997453
HC,RESTING,sub-05,-0.26549999999997453
HC,RESTING,sub-05,-0.09412500000001955
HC,RESTING,sub-05,0.3674374999999941
HC,RESTING,sub-05,-0.3199999999999932
HC,RESTING,sub-05,-0.4533749999999941
HC,RESTING,sub-05,-0.4921875
HC,RESTING,sub-05,0.38287500000001273
HC,RESTING,sub-05,0.07024999999998727
HC,RESTING,sub-05,-0.44574999999997544
HC,RESTING,sub-05,-0.40581250000002456
HC,RESTING,sub-05,0.27387499999997544
HC,RESTING,sub-05,-0.17937499999999318
HC,RESTING,sub-05,-0.35943750000001273
HC,RESTING,sub-05,-0.40631250000001273
HC,RESTING,sub-05,-0.49262499999997544
HC,RESTING,sub-05,-0.10893750000002456
HC,RESTING,sub-05,-0.17925000000002456
HC,RESTING,sub-05,0.2739374999999882
HC,RESTING,sub-05,-0.48418750000001864
HC,RESTING,sub-05,0.1252499999999941
HC,RESTING,sub-05,-0.4453125
HC,RESTING,sub-05,0.40587499999998045
HC,RESTING,sub-05,-0.12512500000002547
HC,RESTING,sub-05,0.39881250000001955
HC,RESTING,sub-05,-0.2106875000000059
HC,RESTING,sub-05,0.37487499999997453
HC,RESTING,sub-05,0.11737499999998136
HC,ODDBALL,sub-06,-0.42212499999999986
HC,ODDBALL,sub-06,0.3831875
HC,ODDBALL,sub-06,0.07837499999999942
HC,ODDBALL,sub-06,-0.3986875000000012
HC,ODDBALL,sub-06,0.07849999999999824
HC,ODDBALL,sub-06,-0.32775000000000176
HC,ODDBALL,sub-06,0.4763124999999988
HC,ODDBALL,sub-06,-0.06212500000000176
HC,ODDBALL,sub-06,-0.2497499999999988
HC,ODDBALL,sub-06,-0.43737500000000296
HC,ODDBALL,sub-06,0.03168749999999676
HC,ODDBALL,sub-06,-0.039249999999995566
HC,ODDBALL,sub-06,0.44487499999999613
HC,ODDBALL,sub-06,0.09356250000000443
HC,ODDBALL,sub-06,-0.4301875000000024
HC,ODDBALL,sub-06,-0.2814999999999941
HC,ODDBALL,sub-06,-0.25743749999999466
HC,ODDBALL,sub-06,0.32075000000000387
HC,ODDBALL,sub-06,-0.40668750000000387
HC,ODDBALL,sub-06,0.4453125
HC,ODDBALL,sub-06,0.46081250000000296
HC,ODDBALL,sub-06,0.42981249999999704
HC,ODDBALL,sub-06,0.4844374999999985
HC,ODDBALL,sub-06,-0.2969374999999985
HC,ODDBALL,sub-06,-0.031187500000001478
HC,ODDBALL,sub-06,-0.21918750000000387
HC,ODDBALL,sub-06,-0.45268749999999613
HC,ODDBALL,sub-06,0.46881250000001273
HC,ODDBALL,sub-06,0.06987499999999613
HC,ODDBALL,sub-06,-0.21862500000000296
HC,ODDBALL,sub-06,-0.3671875
HC,ODDBALL,sub-06,-0.015562499999987267
HC,ODDBALL,sub-06,-0.40637499999999704
HC,ODDBALL,sub-06,-0.13231250000001182
HC,ODDBALL,sub-06,0.46831249999999613
HC,ODDBALL,sub-06,-0.15606249999999022
HC,ODDBALL,sub-06,0.22637499999999022
HC,ODDBALL,sub-06,0.19575000000000387
HC,ODDBALL,sub-06,-0.4059374999999932
HC,ODDBALL,sub-06,0.45306249999998727
HC,ODDBALL,sub-06,0.13300000000000978
HC,ODDBALL,sub-06,-0.3751875000000098
HC,ODDBALL,sub-06,0.15668750000000387
HC,ODDBALL,sub-06,-0.05493749999999409
HC,ODDBALL,sub-06,-0.05431250000000887
HC,ODDBALL,sub-06,-0.03887499999999022
HC,ODDBALL,sub-06,-0.19487499999999613
HC,ODDBALL,sub-06,0.007875000000012733
HC,ODDBALL,sub-06,-0.3903124999999932
HC,ODDBALL,sub-06,0.3825625000000059
HC,ODDBALL,sub-06,-0.038624999999996135
HC,ODDBALL,sub-06,0.4926874999999882
HC,ODDBALL,sub-06,-0.47643750000000296
HC,ODDBALL,sub-06,0.43762499999999704
HC,ODDBALL,sub-06,0.19493750000000887
HC,ODDBALL,sub-06,0.06274999999999409
HC,ODDBALL,sub-06,0.46081250000000296
HC,ODDBALL,sub-06,-0.25743750000000887
HC,ODDBALL,sub-06,-0.12537499999999113
HC,ODDBALL,sub-06,-0.35162500000001273
HC,ODDBALL,sub-06,0.4216874999999902
HC,ODDBALL,sub-06,0.26599999999999113
HC,ODDBALL,sub-06,0.1484375
HC,ODDBALL,sub-06,-0.4064375000000098
HC,ODDBALL,sub-06,-0.3981249999999932
HC,ODDBALL,sub-06,0.14018749999999613
HC,ODDBALL,sub-06,-0.24199999999999022
HC,ODDBALL,sub-06,-0.48443750000001273
HC,ODDBALL,sub-06,0.37537500000001955
HC,ODDBALL,sub-06,0.2734375
HC,ODDBALL,sub-06,-0.15581250000002456
HC,ODDBALL,sub-06,0.07818750000001273
HC,ODDBALL,sub-06,-0.3286249999999882
HC,ODDBALL,sub-06,-0.25768749999997453
HC,ODDBALL,sub-06,0.1325625000000059
HC,ODDBALL,sub-06,0.49237499999998136
HC,ODDBALL,sub-06,0.3051874999999882
HC,ODDBALL,sub-06,0.46106250000002547
HC,ODDBALL,sub-06,0.3518124999999941
HC,ODDBALL,sub-06,0.038937499999974534
HC,ODDBALL,sub-06,0.015562499999987267
HC,ODDBALL,sub-06,0.4919375000000059
HC,ODDBALL,sub-06,-0.054250000000024556
HC,ODDBALL,sub-06,-0.35950000000002547
HC,ODDBALL,sub-06,-0.17237499999998818
HC,ODDBALL,sub-06,0.22674999999998136
HC,ODDBALL,sub-06,0.10162500000001273
HC,ODDBALL,sub-06,-0.20293750000001864
HC,ODDBALL,sub-06,-0.046687500000018645
HC,ODDBALL,sub-06,0.31293749999997544
HC,ODDBALL,sub-06,0.32037500000001273
HC,ODDBALL,sub-06,0.023500000000012733
HC,ODDBALL,sub-06,-0.008125000000006821
HC,ODDBALL,sub-06,-0.27387499999997544
HC,ODDBALL,sub-06,-0.45325000000002547
HC,ODDBALL,sub-06,0.10168750000002547
HC,ODDBALL,sub-06,-0.04712499999999409
HC,ODDBALL,sub-06,0.09331250000002456
HC,ODDBALL,sub-06,-0.1328125
HC,ODDBALL,sub-06,-0.43706250000002456
HC,ODDBALL,sub-06,-0.31243749999998727
HC,ODDBALL,sub-06,0.42193750000001273
HC,ODDBALL,sub-06,0.4371874999999932
HC,ODDBALL,sub-06,-0.4221249999999941
HC,ODDBALL,sub-06,0.12537500000001955
HC,ODDBALL,sub-06,-0.18787500000001955
HC,ODDBALL,sub-06,-0.2341250000000059
HC,ODDBALL,sub-06,0.4924374999999941
HC,ODDBALL,sub-06,-0.05418750000001182
HC,ODDBALL,sub-06,-0.29674999999997453
HC,ODDBALL,sub-06,0.10168750000002547
HC,ODDBALL,sub-06,-0.1486874999999941
HC,ODDBALL,sub-06,0.48475000000001955
HC,ODDBALL,sub-06,-0.2737500000000068
HC,ODDBALL,sub-06,0.4918749999999932
HC,ODDBALL,sub-06,-0.4528124999999932
HC,ODDBALL,sub-06,-0.30475000000001273
HC,ODDBALL,sub-06,0.33550000000002456
HC,ODDBALL,sub-06,-0.4453125
HC,ODDBALL,sub-06,-0.3981875000000059
HC,ODDBALL,sub-06,0.07018749999997453
HC,ODDBALL,sub-06,-0.42174999999997453
HC,ODDBALL,sub-06,0.47668750000002547
HC,ODDBALL,sub-06,-0.38262500000001864
HC,ODDBALL,sub-06,0.25743749999998045
HC,ODDBALL,sub-06,0.007499999999993179
HC,ODDBALL,sub-06,0.4300000000000068
HC,ODDBALL,sub-06,0.31987500000002456
HC,ODDBALL,sub-06,0.34331250000002456
HC,ODDBALL,sub-06,0.031062500000018645
HC,ODDBALL,sub-06,0.15668749999997544
HC,ODDBALL,sub-06,0.3987500000000068
HC,ODDBALL,sub-06,0.29681249999998727
HC,ODDBALL,sub-06,-0.10918750000001864
HC,ODDBALL,sub-06,-0.43768749999998136
HC,RESTING,sub-06,0.0861875000000003
HC,RESTING,sub-06,-0.1791874999999994
HC,RESTING,sub-06,0.1173125000000006
HC,RESTING,sub-06,-0.3828750000000003
HC,RESTING,sub-06,-0.14043750000000088
HC,RESTING,sub-06,-0.24256250000000001
HC,RESTING,sub-06,0.23443749999999852
HC,RESTING,sub-06,-0.43799999999999883
HC,RESTING,sub-06,-0.08556250000000176
HC,RESTING,sub-06,0.28162499999999824
HC,RESTING,sub-06,-0.41443749999999824
HC,RESTING,sub-06,0.10206249999999883
HC,RESTING,sub-06,0.2032500000000006
HC,RESTING,sub-06,0.2809999999999988
HC,RESTING,sub-06,0.18006249999999824
HC,RESTING,sub-06,0.23474999999999824
HC,RESTING,sub-06,0.4140625
HC,RESTING,sub-06,-0.0778749999999988
HC,RESTING,sub-06,0.2737499999999997
HC,RESTING,sub-06,-0.015500000000002956
HC,RESTING,sub-06,-0.29668749999999733
HC,RESTING,sub-06,0.42206250000000267
HC,RESTING,sub-06,-0.25043749999999676
HC,RESTING,sub-06,-0.06987500000000324
HC,RESTING,sub-06,-0.24956250000000324
HC,RESTING,sub-06,-0.24212500000000148
HC,RESTING,sub-06,-0.06281249999999972
HC,RESTING,sub-06,0.20343749999999972
HC,RESTING,sub-06,0.32831250000000267
HC,RESTING,sub-06,0.031062500000004434
HC,RESTING,sub-06,0.23443749999999852
HC,RESTING,sub-06,-0.09387499999999704
HC,RESTING,sub-06,-0.4215624999999932
HC,RESTING,sub-06,0.16400000000000148
HC,RESTING,sub-06,-0.36737499999999557
HC,RESTING,sub-06,-0.19487499999999613
HC,RESTING,sub-06,0.09381249999999852
HC,RESTING,sub-06,0.039187499999997044
HC,RESTING,sub-06,0.4608750000000015
HC,RESTING,sub-06,0.03125
HC,RESTING,sub-06,-0.32824999999999704
HC,RESTING,sub-06,-0.3598750000000024
HC,RESTING,sub-06,-0.4846249999999941
HC,RESTING,sub-06,-0.4921875
HC,RESTING,sub-06,0.4453125
HC,RESTING,sub-06,0.12462499999999466
HC,RESTING,sub-06,-0.2419375000000059
HC,RESTING,sub-06,0.39050000000000296
HC,RESTING,sub-06,-0.4221249999999941
HC,RESTING,sub-06,-0.19493749999999466
HC,RESTING,sub-06,-0.11756250000000534
HC,RESTING,sub-06,0.49962499999999466
HC,RESTING,sub-06,0.4924374999999941
HC,RESTING,sub-06,-0.15587499999999466
HC,RESTING,sub-06,0.12543750000000387
HC,RESTING,sub-06,0.21881249999999852
HC,RESTING,sub-06,-0.1401249999999976
HC,RESTING,sub-06,0.21887499999999704
HC,RESTING,sub-06,0.2419375000000059
HC,RESTING,sub-06,-0.35137500000000443
HC,RESTING,sub-06,0.18756249999999852
HC,RESTING,sub-06,-0.16437500000000682
HC,RESTING,sub-06,-0.22650000000000148
HC,RESTING,sub-06,-0.21881249999999852
HC,RESTING,sub-06,-0.18768750000000978
HC,RESTING,sub-06,-0.25737499999999613
HC,RESTING,sub-06,-0.46868749999998727
HC,RESTING,sub-06,0.19499999999999318
HC,RESTING,sub-06,0.32768749999999613
HC,RESTING,sub-06,6.250000001273293e-05
HC,RESTING,sub-06,0.02312499999999318
HC,RESTING,sub-06,-0.42150000000000887
HC,RESTING,sub-06,-0.18006249999999113
HC,RESTING,sub-06,-0.2109375
HC,RESTING,sub-06,0.06287499999999113
HC,RESTING,sub-06,-0.03125
HC,RESTING,sub-06,0.42231250000000387
HC,RESTING,sub-06,0.47643750000000296
HC,RESTING,sub-06,-0.4456250000000068
HC,RESTING,sub-06,-0.2965624999999932
HC,RESTING,sub-06,-0.34331249999999613
HC,RESTING,sub-06,0.10943750000001273
HC,RESTING,sub-06,-0.2033749999999941
HC,RESTING,sub-06,0.3123124999999902
HC,RESTING,sub-06,-0.05437499999999318
HC,RESTING,sub-06,-0.4845625000000098
HC,RESTING,sub-06,-0.07762500000001182
HC,RESTING,sub-06,0.42199999999999704
HC,RESTING,sub-06,0.3747500000000059
HC,RESTING,sub-06,-0.015375000000005912
HC,RESTING,sub-06,0.32018750000000296
HC,RESTING,sub-06,-0.18712500000000887
HC,RESTING,sub-06,0.2503125000000068
HC,RESTING,sub-06,-0.14887500000000387
HC,RESTING,sub-06,-0.12481249999999022
HC,RESTING,sub-06,0.18731249999999022
HC,RESTING,sub-06,0.18793750000000387
HC,RESTING,sub-06,0.17193750000001273
HC,RESTING,sub-06,-0.2503125000000068
HC,RESTING,sub-06,-0.06218749999999318
HC,RESTING,sub-06,-0.34381250000001273
HC,RESTING,sub-06,-0.34418750000000387
HC,RESTING,sub-06,-0.12481249999999022
HC,RESTING,sub-06,0.11687499999999318
HC,RESTING,sub-06,0.4534375000000068
HC,RESTING,sub-06,0.39100000000001955
HC,RESTING,sub-06,0.08631250000001955
HC,RESTING,sub-06,-0.24200000000001864
HC,RESTING,sub-06,-0.21887500000002547
HC,RESTING,sub-06,0.09424999999998818
HC,RESTING,sub-06,0.20325000000002547
HC,RESTING,sub-06,-0.08581249999997453
HC,RESTING,sub-06,-0.3747500000000059
HC,RESTING,sub-06,-0.07781249999999318
HC,RESTING,sub-06,0.27337499999998727
HC,RESTING,sub-06,0.04712499999999409
HC,RESTING,sub-06,-0.46106250000002547
HC,RESTING,sub-06,0.030750000000011823
HC,RESTING,sub-06,0.062062500000024556
HC,RESTING,sub-06,-0.34393749999998136
HC,RESTING,sub-06,0.031687499999975444
HC,RESTING,sub-06,0.41412500000001273
HC,RESTING,sub-06,-0.22624999999999318
HC,RESTING,sub-06,0.2971875000000068
HC,RESTING,sub-06,0.28143749999998136
HC,RESTING,sub-06,0.37506250000001273
HC,RESTING,sub-06,0.07806249999998727
HC,RESTING,sub-06,0.36700000000001864
HC,RESTING,sub-06,0.2658749999999941
HC,RESTING,sub-06,-0.14887499999997544
HC,RESTING,sub-06,0.1015625
HC,RESTING,sub-06,-0.20350000000001955
HC,RESTING,sub-06,0.41412500000001273
HC,RESTING,sub-06,0.4137499999999932
HC,RESTING,sub-06,-0.24181249999998045
HC,RESTING,sub-06,0.20362499999998818
HC,RESTING,sub-06,0.27356250000002547
HC,RESTING,sub-06,0.4221249999999941
HC,RESTING,sub-06,-0.08581249999997453
HC,RESTING,sub-06,0.29643750000002456
HC,RESTING,sub-06,-0.1796875
HC,RESTING,sub-06,-0.3513125000000059
HC,RESTING,sub-06,0.10143749999997453
HC,RESTING,sub-06,0.016000000000019554
HC,RESTING,sub-06,0.3128125000000068
HC,RESTING,sub-06,0.25774999999998727
HC,RESTING,sub-06,0.031437499999981355
HC,RESTING,sub-06,-0.2341250000000059
HC,RESTING,sub-06,0.48424999999997453
HC,RESTING,sub-06,-0.13268749999997453
HC,RESTING,sub-06,0.00018749999998135536
HC,RESTING,sub-06,-0.19568750000001955
HC,RESTING,sub-06,0.4377499999999941
HC,RESTING,sub-06,-0.19549999999998136
HC,RESTING,sub-06,0.20356249999997544
HC,RESTING,sub-06,0.3831250000000068
HC,RESTING,sub-06,0.007375000000024556
HC,RESTING,sub-06,0.24237499999998136
HC,ODDBALL,sub-07,0.34350000000000014
HC,ODDBALL,sub-07,0.3044375000000006
HC,ODDBALL,sub-07,0.4373749999999994
HC,ODDBALL,sub-07,-0.4217499999999994
HC,ODDBALL,sub-07,0.47693749999999824
HC,ODDBALL,sub-07,0.023749999999999716
HC,ODDBALL,sub-07,0.36681250000000176
HC,ODDBALL,sub-07,-0.2969374999999985
HC,ODDBALL,sub-07,-0.07818749999999852
HC,ODDBALL,sub-07,-0.4922499999999985
HC,ODDBALL,sub-07,0.34418749999999676
HC,ODDBALL,sub-07,-0.1486875000000012
HC,ODDBALL,sub-07,-0.10900000000000176
HC,ODDBALL,sub-07,-0.2426875000000024
HC,ODDBALL,sub-07,0.46074999999999733
HC,ODDBALL,sub-07,-0.34337499999999466
HC,ODDBALL,sub-07,-0.10949999999999704
HC,ODDBALL,sub-07,-0.04712499999999409
HC,ODDBALL,sub-07,0.3674374999999941
HC,ODDBALL,sub-07,-0.31206249999999613
HC,ODDBALL,sub-07,0.3986874999999941
HC,ODDBALL,sub-07,-0.1567500000000024
HC,ODDBALL,sub-07,-0.07075000000000387
HC,ODDBALL,sub-07,-0.008125000000006821
HC,ODDBALL,sub-07,0.37456249999999613
HC,ODDBALL,sub-07,-0.32793750000000443
HC,ODDBALL,sub-07,-0.24262500000000387
HC,ODDBALL,sub-07,0.40581249999999613
HC,ODDBALL,sub-07,0.18737500000000296
HC,ODDBALL,sub-07,-0.39881250000000534
HC,ODDBALL,sub-07,-0.3675000000000068
HC,ODDBALL,sub-07,-0.296875
HC,ODDBALL,sub-07,-0.3908749999999941
HC,ODDBALL,sub-07,0.4455624999999941
HC,ODDBALL,sub-07,-0.21862500000000296
HC,ODDBALL,sub-07,0.47668749999999704
HC,ODDBALL,sub-07,-0.29643749999999613
HC,ODDBALL,sub-07,-0.31243749999998727
HC,ODDBALL,sub-07,-0.39887500000000387
HC,ODDBALL,sub-07,0.12518750000000978
HC,ODDBALL,sub-07,0.4455000000000098
HC,ODDBALL,sub-07,0.32024999999998727
HC,ODDBALL,sub-07,-0.3830000000000098
HC,ODDBALL,sub-07,-0.04706250000000978
HC,ODDBALL,sub-07,-0.2736250000000098
HC,ODDBALL,sub-07,0.46100000000001273
HC,ODDBALL,sub-07,0.3903124999999932
HC,ODDBALL,sub-07,-0.35200000000000387
HC,ODDBALL,sub-07,-0.23418749999999022
HC,ODDBALL,sub-07,-0.49993749999998727
HC,ODDBALL,sub-07,-0.4768750000000068
HC,ODDBALL,sub-07,0.2581250000000068
HC,ODDBALL,sub-07,0.24993749999998727
HC,ODDBALL,sub-07,-0.32068749999999113
HC,ODDBALL,sub-07,-0.22612499999999613
HC,ODDBALL,sub-07,-0.16437500000000682
HC,ODDBALL,sub-07,-0.43737500000000296
HC,ODDBALL,sub-07,-0.2658749999999941
HC,ODDBALL,sub-07,-0.0002499999999940883
HC,ODDBALL,sub-07,-0.10200000000000387
HC,ODDBALL,sub-07,0.22662500000001273
HC,ODDBALL,sub-07,-0.3520624999999882
HC,ODDBALL,sub-07,-0.20300000000000296
HC,ODDBALL,sub-07,-0.2810000000000059
HC,ODDBALL,sub-07,0.3361874999999941
HC,ODDBALL,sub-07,-0.3127499999999941
HC,ODDBALL,sub-07,0.11693750000000591
HC,ODDBALL,sub-07,0.4919375000000059
HC,ODDBALL,sub-07,-0.04724999999999113
HC,ODDBALL,sub-07,-0.13293749999999704
HC,ODDBALL,sub-07,-0.16412500000001273
HC,ODDBALL,sub-07,-0.05462499999998727
HC,ODDBALL,sub-07,0.02312499999999318
HC,ODDBALL,sub-07,0.42224999999999113
HC,ODDBALL,sub-07,-0.2653750000000059
HC,ODDBALL,sub-07,-0.41450000000000387
HC,ODDBALL,sub-07,-0.31243749999998727
HC,ODDBALL,sub-07,0.05475000000001273
HC,ODDBALL,sub-07,0.11712499999998727
HC,ODDBALL,sub-07,-0.13237499999999613
HC,ODDBALL,sub-07,-0.12506250000001273
HC,ODDBALL,sub-07,-0.36762500000000387
HC,ODDBALL,sub-07,-0.22637499999999022
HC,ODDBALL,sub-07,-0.1950625000000059
HC,ODDBALL,sub-07,-0.2814999999999941
HC,ODDBALL,sub-07,-0.18731249999999022
HC,ODDBALL,sub-07,-0.4372500000000059
HC,ODDBALL,sub-07,-0.016124999999988177
HC,ODDBALL,sub-07,-0.42174999999997453
HC,ODDBALL,sub-07,0.4846249999999941
HC,ODDBALL,sub-07,0.015249999999980446
HC,ODDBALL,sub-07,0.22618749999998045
HC,ODDBALL,sub-07,0.3830624999999941
HC,ODDBALL,sub-07,-0.09424999999998818
HC,ODDBALL,sub-07,-0.19549999999998136
HC,ODDBALL,sub-07,-0.19543750000002547
HC,ODDBALL,sub-07,-0.4526250000000118
HC,ODDBALL,sub-07,-0.37543749999997544
HC,ODDBALL,sub-07,-0.28106250000001864
HC,ODDBALL,sub-07,-0.21856250000001864
HC,ODDBALL,sub-07,0.23468750000000682
HC,ODDBALL,sub-07,0.16362500000002456
HC,ODDBALL,sub-07,0.12518749999998136
HC,ODDBALL,sub-07,0.054312499999980446
HC,ODDBALL,sub-07,-0.49212499999998727
HC,ODDBALL,sub-07,0.039187500000025466
HC,ODDBALL,sub-07,-0.43787500000001955
HC,ODDBALL,sub-07,0.33556249999998045
HC,ODDBALL,sub-07,-0.35931249999998727
HC,ODDBALL,sub-07,-0.3745000000000118
HC,ODDBALL,sub-07,-0.32018749999997453
HC,ODDBALL,sub-07,-0.15587499999998045
HC,ODDBALL,sub-07,-0.47693750000001955
HC,ODDBALL,sub-07,0.35118749999998045
HC,ODDBALL,sub-07,-0.24231250000002547
HC,ODDBALL,sub-07,-0.1794375000000059
HC,ODDBALL,sub-07,-0.25012500000002547
HC,ODDBALL,sub-07,-0.14887499999997544
HC,ODDBALL,sub-07,0.2893124999999941
HC,ODDBALL,sub-07,-0.21825000000001182
HC,ODDBALL,sub-07,0.22668750000002547
HC,ODDBALL,sub-07,-0.15625
HC,ODDBALL,sub-07,0.43712499999998045
HC,ODDBALL,sub-07,-0.39856250000002547
HC,ODDBALL,sub-07,-0.3754999999999882
HC,ODDBALL,sub-07,-0.30431249999998045
HC,ODDBALL,sub-07,0.06287500000001955
HC,ODDBALL,sub-07,0.35899999999998045
HC,ODDBALL,sub-07,-0.18700000000001182
HC,ODDBALL,sub-07,-0.10106250000001182
HC,RESTING,sub-07,0.3514375000000003
HC,RESTING,sub-07,-0.3986874999999994
HC,RESTING,sub-07,0.2739375000000006
HC,RESTING,sub-07,0.3904375000000009
HC,RESTING,sub-07,0.3363750000000003
HC,RESTING,sub-07,-0.039374999999999716
HC,RESTING,sub-07,-0.2341249999999988
HC,RESTING,sub-07,-0.18743750000000148
HC,RESTING,sub-07,-0.3828125
HC,RESTING,sub-07,0.1171875
HC,RESTING,sub-07,0.2503124999999997
HC,RESTING,sub-07,-0.36681250000000176
HC,RESTING,sub-07,-0.46112500000000267
HC,RESTING,sub-07,-0.38293749999999704
HC,RESTING,sub-07,-0.18712499999999466
HC,RESTING,sub-07,-0.3359375
HC,RESTING,sub-07,-0.3356875000000059
HC,RESTING,sub-07,0.19518750000000296
HC,RESTING,sub-07,0.12512499999999704
HC,RESTING,sub-07,-0.25037500000000534
HC,RESTING,sub-07,0.20300000000000296
HC,RESTING,sub-07,0.2192500000000024
HC,RESTING,sub-07,0.21912500000000534
HC,RESTING,sub-07,-0.37512499999999704
HC,RESTING,sub-07,0.10143750000000296
HC,RESTING,sub-07,0.10975000000000534
HC,RESTING,sub-07,-0.2659375000000068
HC,RESTING,sub-07,-0.39106250000000387
HC,RESTING,sub-07,0.07049999999999557
HC,RESTING,sub-07,0.21137500000000387
HC,RESTING,sub-07,-0.07025000000000148
HC,RESTING,sub-07,-0.14056250000000148
HC,RESTING,sub-07,-0.49231249999999704
HC,RESTING,sub-07,0.24987500000000296
HC,RESTING,sub-07,0.3590624999999932
HC,RESTING,sub-07,-0.3747500000000059
HC,RESTING,sub-07,0.23425000000000296
HC,RESTING,sub-07,-0.3903124999999932
HC,RESTING,sub-07,0.22668749999999704
HC,RESTING,sub-07,0.2263125000000059
HC,RESTING,sub-07,0.4143124999999941
HC,RESTING,sub-07,-0.21875
HC,RESTING,sub-07,0.21875
HC,RESTING,sub-07,0.07043749999999704
HC,RESTING,sub-07,0.17143749999999613
HC,RESTING,sub-07,-0.265625
HC,RESTING,sub-07,0.4296875
HC,RESTING,sub-07,0.22618750000000887
HC,RESTING,sub-07,0.22643750000000296
HC,RESTING,sub-07,-0.15612500000000296
HC,RESTING,sub-07,0.42962499999998727
HC,RESTING,sub-07,-0.16362499999999613
HC,RESTING,sub-07,0.07781249999999318
HC,RESTING,sub-07,-0.31293750000000387
HC,RESTING,sub-07,-0.007749999999987267
HC,RESTING,sub-07,0.02312499999999318
HC,RESTING,sub-07,-0.39018749999999613
HC,RESTING,sub-07,0.015749999999997044
HC,RESTING,sub-07,-0.3361874999999941
HC,RESTING,sub-07,0.14018749999999613
HC,RESTING,sub-07,-0.3439375000000098
HC,RESTING,sub-07,0.19512499999999022
HC,RESTING,sub-07,0.09387499999999704
HC,RESTING,sub-07,0.40662499999999113
HC,RESTING,sub-07,0.265625
HC,RESTING,sub-07,-0.007562500000005912
HC,RESTING,sub-07,-0.023562499999997044
HC,RESTING,sub-07,-0.4299374999999941
HC,RESTING,sub-07,0.4763125000000059
HC,RESTING,sub-07,0.4375
HC,RESTING,sub-07,-0.12537499999999113
HC,RESTING,sub-07,0.038937500000002956
HC,RESTING,sub-07,0.17962499999998727
HC,RESTING,sub-07,-0.023062500000008868
HC,RESTING,sub-07,0.09356249999999022
HC,RESTING,sub-07,-0.3675000000000068
HC,RESTING,sub-07,-0.038937500000002956
HC,RESTING,sub-07,0.39856249999999704
HC,RESTING,sub-07,0.20349999999999113
HC,RESTING,sub-07,-0.4216250000000059
HC,RESTING,sub-07,-0.4534375000000068
HC,RESTING,sub-07,0.2653124999999932
HC,RESTING,sub-07,-0.40668750000000387
HC,RESTING,sub-07,0.43706249999999613
HC,RESTING,sub-07,-0.34368749999998727
HC,RESTING,sub-07,-0.07806249999998727
HC,RESTING,sub-07,-0.18756250000001273
HC,RESTING,sub-07,0.43012500000000387
HC,RESTING,sub-07,-0.26556249999998727
HC,RESTING,sub-07,-0.18718749999999318
HC,RESTING,sub-07,-0.27350000000001273
HC,RESTING,sub-07,-0.23474999999999113
HC,RESTING,sub-07,-0.1403750000000059
HC,RESTING,sub-07,0.4924374999999941
HC,RESTING,sub-07,0.40637499999999704
HC,RESTING,sub-07,0.2575625000000059
HC,RESTING,sub-07,0.25737499999999613
HC,RESTING,sub-07,0.04706250000000978
HC,RESTING,sub-07,0.3591250000000059
HC,RESTING,sub-07,-0.1486874999999941
HC,RESTING,sub-07,0.39806249999998045
HC,RESTING,sub-07,-0.39831249999997453
HC,RESTING,sub-07,0.12456250000002456
HC,RESTING,sub-07,0.27362499999998136
HC,RESTING,sub-07,0.46856250000001864
HC,RESTING,sub-07,-0.21125000000000682
HC,RESTING,sub-07,0.25043749999997544
HC,RESTING,sub-07,0.46137499999997544
HC,RESTING,sub-07,-0.15656250000000682
HC,RESTING,sub-07,0.19562500000000682
HC,RESTING,sub-07,-0.07068750000001955
HC,RESTING,sub-07,-0.3833124999999882
HC,RESTING,sub-07,0.37512500000002547
HC,RESTING,sub-07,0.234375
HC,RESTING,sub-07,0.1950625000000059
HC,RESTING,sub-07,-0.49181249999998045
HC,RESTING,sub-07,-0.4453125
HC,RESTING,sub-07,0.17956249999997453
HC,RESTING,sub-07,-0.38268749999997453
HC,RESTING,sub-07,-0.4919375000000059
HC,RESTING,sub-07,-0.4450625000000059
HC,RESTING,sub-07,-0.3120000000000118
HC,RESTING,sub-07,-0.42149999999998045
HC,RESTING,sub-07,0.43787500000001955
HC,RESTING,sub-07,0.17975000000001273
HC,RESTING,sub-07,0.015562499999987267
HC,RESTING,sub-07,-0.17225000000001955
HC,RESTING,sub-07,0.46837499999998045
HC,RESTING,sub-07,0.10943750000001273
HC,RESTING,sub-07,-0.3979375000000118
HC,RESTING,sub-07,0.22706249999998818
HC,RESTING,sub-07,0.07043750000002547
HC,RESTING,sub-07,-0.35981249999997544
HC,RESTING,sub-07,-0.23418750000001864
HC,RESTING,sub-07,-0.39081249999998136
HC,RESTING,sub-07,0.13262500000001864
HC,RESTING,sub-07,0.01593750000000682
HC,RESTING,sub-07,-0.22662500000001273
HC,RESTING,sub-07,-0.35137500000001864
HC,RESTING,sub-07,0.038875000000018645
HC,RESTING,sub-07,-0.26556249999998727
HC,RESTING,sub-07,0.03899999999998727
HC,RESTING,sub-07,-0.1408749999999941
HC,RESTING,sub-07,0.16424999999998136
HC,RESTING,sub-07,-0.21893749999998136
HC,RESTING,sub-07,0.35943750000001273
HC,RESTING,sub-07,0.13249999999999318
HC,RESTING,sub-07,0.28924999999998136
HC,RESTING,sub-07,-0.23475000000001955
HC,RESTING,sub-07,-0.15618749999998727
HC,RESTING,sub-07,0.45350000000001955
HC,RESTING,sub-07,-0.46912500000001955
HC,RESTING,sub-07,0.10924999999997453
HC,RESTING,sub-07,-0.4533749999999941
HC,RESTING,sub-07,0.23475000000001955
HC,RESTING,sub-07,-0.2890625
HC,RESTING,sub-07,-0.40662500000001955
HC,RESTING,sub-07,-0.4760625000000118
HC,RESTING,sub-07,-0.4838750000000118
HC,ODDBALL,sub-08,-0.1875
HC,ODDBALL,sub-08,0.21518749999999986
HC,ODDBALL,sub-08,0.47262499999999985
HC,ODDBALL,sub-08,0.36806249999999974
HC,ODDBALL,sub-08,0.3051874999999997
HC,ODDBALL,sub-08,0.44643750000000004
HC,ODDBALL,sub-08,0.27518750000000036
HC,ODDBALL,sub-08,0.3070625000000007
HC,ODDBALL,sub-08,0.3025000000000002
HC,ODDBALL,sub-08,-0.23593750000000036
HC,ODDBALL,sub-08,-0.38475000000000037
HC,ODDBALL,sub-08,-0.42318749999999916
HC,ODDBALL,sub-08,-0.3201250000000009
HC,ODDBALL,sub-08,-0.4298749999999991
HC,ODDBALL,sub-08,-0.2916249999999998
HC,ODDBALL,sub-08,0.2786875000000002
HC,ODDBALL,sub-08,-0.4248125000000016
HC,ODDBALL,sub-08,0.03612499999999841
HC,ODDBALL,sub-08,-0.18593750000000142
HC,ODDBALL,sub-08,-0.26343749999999844
HC,ODDBALL,sub-08,-0.005624999999998437
HC,ODDBALL,sub-08,0.09975000000000023
HC,ODDBALL,sub-08,0.4591250000000002
HC,ODDBALL,sub-08,-0.059437500000001364
HC,ODDBALL,sub-08,-0.13374999999999915
HC,ODDBALL,sub-08,0.046187499999998494
HC,ODDBALL,sub-08,-0.2969374999999985
HC,ODDBALL,sub-08,0.3593125000000015
HC,ODDBALL,sub-08,-0.27324999999999733
HC,ODDBALL,sub-08,0.42206250000000267
HC,ODDBALL,sub-08,0.02850000000000108
HC,ODDBALL,sub-08,-0.46406249999999716
HC,ODDBALL,sub-08,0.047562499999997954
HC,ODDBALL,sub-08,0.45806249999999693
HC,ODDBALL,sub-08,0.25556250000000347
HC,ODDBALL,sub-08,0.07249999999999801
HC,ODDBALL,sub-08,-0.45031250000000256
HC,ODDBALL,sub-08,0.04187499999999744
HC,ODDBALL,sub-08,-0.4776875000000018
HC,ODDBALL,sub-08,0.2761250000000004
HC,ODDBALL,sub-08,-0.48043750000000074
HC,ODDBALL,sub-08,-0.09324999999999761
HC,ODDBALL,sub-08,0.057312500000001876
HC,ODDBALL,sub-08,-0.2346249999999941
HC,ODDBALL,sub-08,-0.43300000000000693
HC,ODDBALL,sub-08,-0.11268750000000693
HC,ODDBALL,sub-08,0.21243749999999295
HC,ODDBALL,sub-08,-0.23556250000000034
HC,ODDBALL,sub-08,-0.4309999999999974
HC,ODDBALL,sub-08,0.3736875000000026
HC,ODDBALL,sub-08,0.34331249999999613
HC,ODDBALL,sub-08,-0.17168750000000443
HC,ODDBALL,sub-08,-0.04968750000000455
HC,ODDBALL,sub-08,-0.12668750000000273
HC,ODDBALL,sub-08,-0.414874999999995
HC,ODDBALL,sub-08,-0.4331875000000025
HC,ODDBALL,sub-08,0.3518750000000068
HC,ODDBALL,sub-08,0.47506250000000705
HC,ODDBALL,sub-08,0.43224999999999625
HC,ODDBALL,sub-08,0.1626875000000041
HC,ODDBALL,sub-08,0.4259375000000034
HC,ODDBALL,sub-08,0.3246249999999975
HC,ODDBALL,sub-08,0.4228750000000048
HC,ODDBALL,sub-08,0.38343749999999943
HC,ODDBALL,sub-08,-0.3572499999999934
HC,ODDBALL,sub-08,0.4951875000000001
HC,ODDBALL,sub-08,-0.2671875000000057
HC,ODDBALL,sub-08,0.4124999999999943
HC,ODDBALL,sub-08,0.12725000000000364
HC,ODDBALL,sub-08,0.3065625000000125
HC,ODDBALL,sub-08,0.3774999999999977
HC,ODDBALL,sub-08,0.36250000000001137
HC,ODDBALL,sub-08,0.358562500000005
HC,ODDBALL,sub-08,-0.10274999999998613
HC,ODDBALL,sub-08,0.2707499999999925
HC,ODDBALL,sub-08,0.383624999999995
HC,ODDBALL,sub-08,-0.10693749999998658
HC,ODDBALL,sub-08,0.2758750000000134
HC,ODDBALL,sub-08,0.01037500000001046
HC,ODDBALL,sub-08,-0.3553124999999966
HC,ODDBALL,sub-08,-0.3431874999999991
HC,ODDBALL,sub-08,0.35737499999999045
HC,ODDBALL,sub-08,-0.4711250000000007
HC,ODDBALL,sub-08,0.041500000000013415
HC,ODDBALL,sub-08,0.32687500000000114
HC,ODDBALL,sub-08,-0.05506249999999113
HC,ODDBALL,sub-08,-0.2185000000000059
HC,ODDBALL,sub-08,-0.3432500000000118
HC,ODDBALL,sub-08,0.4464375000000018
HC,ODDBALL,sub-08,0.45893749999999045
HC,ODDBALL,sub-08,-0.13812500000000227
HC,ODDBALL,sub-08,-0.3129999999999882
HC,ODDBALL,sub-08,0.2807500000000118
HC,ODDBALL,sub-08,-0.28212500000000773
HC,ODDBALL,sub-08,-0.35599999999999454
HC,ODDBALL,sub-08,0.33931250000000546
HC,ODDBALL,sub-08,-0.07412500000000932
HC,ODDBALL,sub-08,-0.46875
HC,ODDBALL,sub-08,-0.26599999999999113
HC,ODDBALL,sub-08,0.21056250000000887
HC,ODDBALL,sub-08,-0.19406250000000114
HC,ODDBALL,sub-08,-0.32724999999999227
HC,ODDBALL,sub-08,0.21143749999998818
HC,ODDBALL,sub-08,0.02456250000000182
HC,ODDBALL,sub-08,0.4275000000000091
HC,ODDBALL,sub-08,-0.22812500000000568
HC,ODDBALL,sub-08,0.4671874999999943
HC,ODDBALL,sub-08,0.37406250000000796
HC,ODDBALL,sub-08,-0.4584375000000023
HC,ODDBALL,sub-08,0.18218749999999773
HC,ODDBALL,sub-08,0.4321874999999977
HC,ODDBALL,sub-08,0.15937500000001137
HC,ODDBALL,sub-08,-0.33637500000000387
HC,ODDBALL,sub-08,0.16362499999999613
HC,ODDBALL,sub-08,-0.3435624999999902
HC,ODDBALL,sub-08,-0.22256250000000932
HC,ODDBALL,sub-08,-0.43706249999999613
HC,ODDBALL,sub-08,0.39106250000000387
HC,ODDBALL,sub-08,-0.4795000000000016
HC,ODDBALL,sub-08,0.3173749999999984
HC,ODDBALL,sub-08,0.12168750000000728
HC,ODDBALL,sub-08,0.20143749999999727
HC,ODDBALL,sub-08,0.2599999999999909
HC,ODDBALL,sub-08,-0.24818750000000023
HC,ODDBALL,sub-08,-0.09431250000000091
HC,ODDBALL,sub-08,-0.0716250000000116
HC,ODDBALL,sub-08,-0.23406249999999318
HC,ODDBALL,sub-08,-0.32818750000001273
HC,ODDBALL,sub-08,0.052187500000002274
HC,ODDBALL,sub-08,0.43981249999998795
HC,ODDBALL,sub-08,0.41962499999999636
HC,ODDBALL,sub-08,-0.2165625000000091
HC,ODDBALL,sub-08,-0.10206249999998818
HC,ODDBALL,sub-08,-0.42062500000000114
HC,ODDBALL,sub-08,-0.12237500000000523
HC,ODDBALL,sub-08,-0.012249999999994543
HC,ODDBALL,sub-08,0.1670624999999859
HC,ODDBALL,sub-08,0.2416249999999991
HC,ODDBALL,sub-08,0.053749999999979536
HC,ODDBALL,sub-08,-0.3161875000000123
HC,ODDBALL,sub-08,-0.182124999999985
HC,ODDBALL,sub-08,-0.43250000000000455
HC,ODDBALL,sub-08,0.45812499999999545
HC,ODDBALL,sub-08,-0.35312499999997726
HC,ODDBALL,sub-08,0.20118750000000318
HC,ODDBALL,sub-08,0.2753749999999968
HC,ODDBALL,sub-08,-0.4343124999999759
HC,ODDBALL,sub-08,0.2610000000000241
HC,ODDBALL,sub-08,0.38943749999998545
HC,ODDBALL,sub-08,-0.47649999999998727
HC,ODDBALL,sub-08,-0.4534375000000068
HC,ODDBALL,sub-08,-0.006874999999979536
HC,ODDBALL,sub-08,0.4849375000000009
HC,ODDBALL,sub-08,0.37618750000001455
HC,ODDBALL,sub-08,-0.22149999999999181
HC,ODDBALL,sub-08,-0.2793750000000159
HC,ODDBALL,sub-08,-0.3422499999999786
HC,ODDBALL,sub-08,0.3911249999999882
HC,ODDBALL,sub-08,0.08706250000000182
HC,ODDBALL,sub-08,0.21593749999999545
HC,ODDBALL,sub-08,-0.2453750000000241
HC,ODDBALL,sub-08,0.2468124999999759
HC,ODDBALL,sub-08,0.15787499999999
HC,ODDBALL,sub-08,0.15068750000000364
HC,ODDBALL,sub-08,0.35706249999998363
HC,ODDBALL,sub-08,0.47187500000001137
HC,ODDBALL,sub-08,-0.07024999999998727
HC,ODDBALL,sub-08,-0.21943750000002638
HC,ODDBALL,sub-08,0.21768750000001091
HC,ODDBALL,sub-08,-0.0436874999999759
HC,ODDBALL,sub-08,0.11700000000001864
HC,ODDBALL,sub-08,0.48481249999997544
HC,ODDBALL,sub-08,0.35312499999997726
HC,ODDBALL,sub-08,0.1268125000000282
HC,ODDBALL,sub-08,0.346187499999985
HC,ODDBALL,sub-08,-0.10368749999997817
HC,ODDBALL,sub-08,0.16975000000002183
HC,ODDBALL,sub-08,-0.10206249999998818
HC,ODDBALL,sub-08,-0.28993750000000773
HC,ODDBALL,sub-08,-0.00868750000000773
HC,ODDBALL,sub-08,-0.32093750000001364
HC,ODDBALL,sub-08,0.40562499999998636
HC,ODDBALL,sub-08,0.1328125
HC,ODDBALL,sub-08,-0.1602500000000191
HC,ODDBALL,sub-08,-0.37412499999999227
HC,ODDBALL,sub-08,-0.4682500000000118
HC,ODDBALL,sub-08,0.07699999999999818
HC,ODDBALL,sub-08,-0.41093749999998863
HC,ODDBALL,sub-08,-0.28418749999997317
HC,ODDBALL,sub-08,-0.15412500000002183
HC,RESTING,sub-08,-0.3515625
HC,RESTING,sub-08,-0.37075000000000014
HC,RESTING,sub-08,-0.09768750000000015
HC,RESTING,sub-08,0.18206250000000068
HC,RESTING,sub-08,-0.3849999999999998
HC,RESTING,sub-08,-0.40037500000000037
HC,RESTING,sub-08,-0.12631249999999916
HC,RESTING,sub-08,-0.2162500000000005
HC,RESTING,sub-08,0.3071874999999995
HC,RESTING,sub-08,0.01875000000000071
HC,RESTING,sub-08,0.09231250000000024
HC,RESTING,sub-08,-0.3435625000000009
HC,RESTING,sub-08,0.4454999999999991
HC,RESTING,sub-08,0.1615000000000002
HC,RESTING,sub-08,-0.3466875000000016
HC,RESTING,sub-08,0.2626874999999984
HC,RESTING,sub-08,-0.10487499999999983
HC,RESTING,sub-08,-0.2292500000000004
HC,RESTING,sub-08,0.017812500000001563
HC,RESTING,sub-08,-0.15806249999999977
HC,RESTING,sub-08,-0.4194375000000008
HC,RESTING,sub-08,0.4243124999999992
HC,RESTING,sub-08,-0.09850000000000136
HC,RESTING,sub-08,-0.14975000000000094
HC,RESTING,sub-08,0.45181249999999906
HC,RESTING,sub-08,-0.1178750000000015
HC,RESTING,sub-08,0.3274374999999985
HC,RESTING,sub-08,-0.007874999999998522
HC,RESTING,sub-08,-0.42231249999999676
HC,RESTING,sub-08,0.39800000000000324
HC,RESTING,sub-08,0.25018750000000267
HC,RESTING,sub-08,0.007624999999997328
HC,RESTING,sub-08,0.10662500000000108
HC,RESTING,sub-08,-0.3812500000000014
HC,RESTING,sub-08,0.02499999999999858
HC,RESTING,sub-08,-0.419687500000002
HC,RESTING,sub-08,0.338124999999998
HC,RESTING,sub-08,0.23718749999999744
HC,RESTING,sub-08,-0.055437499999996476
HC,RESTING,sub-08,0.13168749999999818
HC,RESTING,sub-08,0.4792500000000004
HC,RESTING,sub-08,-0.0738125000000025
HC,RESTING,sub-08,0.13674999999999926
HC,RESTING,sub-08,-0.22237499999999955
HC,RESTING,sub-08,-0.18549999999999756
HC,RESTING,sub-08,0.16293749999999818
HC,RESTING,sub-08,0.4910624999999982
HC,RESTING,sub-08,-0.15993749999999807
HC,RESTING,sub-08,-0.4025000000000034
HC,RESTING,sub-08,0.4646874999999966
HC,RESTING,sub-08,0.03881250000000591
HC,RESTING,sub-08,0.4060000000000059
HC,RESTING,sub-08,-0.17931249999999466
HC,RESTING,sub-08,0.28162500000000534
HC,RESTING,sub-08,-0.24899999999999523
HC,RESTING,sub-08,0.11818750000000477
HC,RESTING,sub-08,-0.05406250000000057
HC,RESTING,sub-08,-0.4795000000000016
HC,RESTING,sub-08,0.4736249999999984
HC,RESTING,sub-08,0.09043749999999307
HC,RESTING,sub-08,0.40774999999999295
HC,RESTING,sub-08,-0.4900624999999934
HC,RESTING,sub-08,0.23612500000000125
HC,RESTING,sub-08,0.3575625000000002
HC,RESTING,sub-08,0.4903750000000002
HC,RESTING,sub-08,0.21756249999999966
HC,RESTING,sub-08,-0.09112500000000523
HC,RESTING,sub-08,0.43231249999999477
HC,RESTING,sub-08,0.41312499999999375
HC,RESTING,sub-08,-0.13537499999999625
HC,RESTING,sub-08,-0.13474999999999682
HC,RESTING,sub-08,-0.0008124999999949978
HC,RESTING,sub-08,-0.06368750000000034
HC,RESTING,sub-08,-0.3365000000000009
HC,RESTING,sub-08,-0.20725000000000193
HC,RESTING,sub-08,0.32399999999999807
HC,RESTING,sub-08,0.2855624999999975
HC,RESTING,sub-08,-0.07781249999999318
HC,RESTING,sub-08,-0.4219374999999985
HC,RESTING,sub-08,0.4921250000000015
HC,RESTING,sub-08,0.4380625000000009
HC,RESTING,sub-08,-0.03762500000000557
HC,RESTING,sub-08,-0.29056249999999295
HC,RESTING,sub-08,-0.22831250000000125
HC,RESTING,sub-08,-0.37350000000000705
HC,RESTING,sub-08,0.04837499999999295
HC,RESTING,sub-08,-0.4431874999999934
HC,RESTING,sub-08,0.025562500000006594
HC,RESTING,sub-08,-0.03249999999999886
HC,RESTING,sub-08,-0.2101874999999893
HC,RESTING,sub-08,0.4232499999999959
HC,RESTING,sub-08,-0.1934374999999875
HC,RESTING,sub-08,0.34687500000001137
HC,RESTING,sub-08,0.288250000000005
HC,RESTING,sub-08,-0.32931249999998613
HC,RESTING,sub-08,0.16287500000001387
HC,RESTING,sub-08,0.30049999999999955
HC,RESTING,sub-08,-0.0035624999999868123
HC,RESTING,sub-08,0.17574999999999363
HC,RESTING,sub-08,-0.18299999999999272
HC,RESTING,sub-08,0.4185625000000073
HC,RESTING,sub-08,0.16881250000000136
HC,RESTING,sub-08,-0.21337500000001342
HC,RESTING,sub-08,-0.389812500000005
HC,RESTING,sub-08,0.438312499999995
HC,RESTING,sub-08,0.2524375000000134
HC,RESTING,sub-08,-0.3378749999999968
HC,RESTING,sub-08,0.39293749999998795
HC,RESTING,sub-08,-0.39587499999998954
HC,RESTING,sub-08,-0.3796250000000043
HC,RESTING,sub-08,0.14381249999999568
HC,RESTING,sub-08,0.11737500000000978
HC,RESTING,sub-08,0.33156249999998977
HC,RESTING,sub-08,-0.47649999999998727
HC,RESTING,sub-08,-0.24906250000000796
HC,RESTING,sub-08,0.08687499999999204
HC,RESTING,sub-08,-0.08537499999999909
HC,RESTING,sub-08,0.2115000000000009
HC,RESTING,sub-08,-0.03325000000000955
HC,RESTING,sub-08,0.37299999999999045
HC,RESTING,sub-08,-0.20068749999998658
HC,RESTING,sub-08,-0.33387500000000614
HC,RESTING,sub-08,0.11143749999999386
HC,RESTING,sub-08,-0.38406249999999886
HC,RESTING,sub-08,-0.37562500000001364
HC,RESTING,sub-08,0.17906249999998636
HC,RESTING,sub-08,-0.18331249999999955
HC,RESTING,sub-08,0.38700000000000045
HC,RESTING,sub-08,0.17175000000000296
HC,RESTING,sub-08,-0.3820624999999893
HC,RESTING,sub-08,-0.37725000000000364
HC,RESTING,sub-08,0.2632499999999993
HC,RESTING,sub-08,0.06981250000001182
HC,RESTING,sub-08,0.49962500000000887
HC,RESTING,sub-08,-0.49912499999999227
HC,RESTING,sub-08,-0.3510625000000118
HC,RESTING,sub-08,-0.00606250000001296
HC,RESTING,sub-08,-0.20856249999999932
HC,RESTING,sub-08,0.14300000000000068
HC,RESTING,sub-08,0.013437500000009095
HC,RESTING,sub-08,-0.38374999999999204
HC,RESTING,sub-08,0.2408749999999884
HC,RESTING,sub-08,-0.020937500000002274
HC,RESTING,sub-08,-0.25468749999998863
HC,RESTING,sub-08,-0.47700000000000387
HC,RESTING,sub-08,0.4493124999999907
HC,RESTING,sub-08,0.3459374999999909
HC,RESTING,sub-08,-0.39181249999998613
HC,RESTING,sub-08,0.053062500000010004
HC,RESTING,sub-08,0.0070624999999893134
HC,RESTING,sub-08,-0.23312499999997272
HC,RESTING,sub-08,-0.4668750000000159
HC,RESTING,sub-08,-0.21687500000001592
HC,RESTING,sub-08,-0.14693749999997863
HC,RESTING,sub-08,0.208500000000015
HC,RESTING,sub-08,-0.27787499999999454
HC,RESTING,sub-08,0.19087500000000546
HC,RESTING,sub-08,-0.4657500000000141
HC,RESTING,sub-08,0.1904999999999859
HC,RESTING,sub-08,-0.44925000000000637
HC,RESTING,sub-08,0.3027500000000032
HC,RESTING,sub-08,0.37268749999998363
HC,RESTING,sub-08,-0.03243750000001455
HC,RESTING,sub-08,0.39724999999998545
HC,RESTING,sub-08,0.039499999999975444
HC,RESTING,sub-08,-0.16399999999998727
HC,RESTING,sub-08,0.32818750000001273
HC,RESTING,sub-08,0.15593749999999318
HC,RESTING,sub-08,-0.2965624999999932
HC,RESTING,sub-08,0.4143750000000068
HC,RESTING,sub-08,-0.10062499999997954
HC,RESTING,sub-08,-0.4525624999999991
HC,RESTING,sub-08,0.07868750000000091
HC,RESTING,sub-08,0.03243750000001455
HC,RESTING,sub-08,-0.389812500000005
HC,RESTING,sub-08,0.469562499999995
HC,RESTING,sub-08,0.16131250000000819
HC,RESTING,sub-08,-0.002124999999978172
HC,RESTING,sub-08,-0.07962500000002137
HC,RESTING,sub-08,-0.18937499999998408
HC,RESTING,sub-08,-0.27831250000002683
HC,RESTING,sub-08,0.22949999999997317
HC,RESTING,sub-08,-0.05993749999998954
HC,RESTING,sub-08,-0.4577499999999759
HC,RESTING,sub-08,0.4875625000000241
HC,RESTING,sub-08,-0.05968749999999545
HC,RESTING,sub-08,-0.19881249999997408
HC,RESTING,sub-08,0.4739374999999768
HC,RESTING,sub-08,0.4188750000000141
HC,RESTING,sub-08,0.09525000000002137
HC,RESTING,sub-08,0.35068749999999227
HC,RESTING,sub-08,0.4639374999999859
HC,RESTING,sub-08,0.2448125000000232
HC,RESTING,sub-08,0.42149999999998045
HC,RESTING,sub-08,-0.32737500000001774
HC,RESTING,sub-08,0.0827499999999759
HC,RESTING,sub-08,0.13049999999998363
HC,RESTING,sub-08,-0.35325000000000273
HC,RESTING,sub-08,0.44868750000000546
HC,RESTING,sub-08,-0.062062500000024556
HC,RESTING,sub-08,0.042937499999993634
HC,RESTING,sub-08,0.20431250000001455
HC,RESTING,sub-08,-0.0803124999999909
HC,RESTING,sub-08,0.23931249999998272
HC,RESTING,sub-08,0.22031249999997726
HC,RESTING,sub-08,-0.3106874999999718
HC,RESTING,sub-08,-0.075687500000015
HC,RESTING,sub-08,-0.025562499999978172
HC,RESTING,sub-08,0.46662500000002183
HC,RESTING,sub-08,-0.06299999999998818
HC,RESTING,sub-08,-0.20400000000000773
HC,RESTING,sub-08,-0.3059375000000273
HC,RESTING,sub-08,-0.03125
HC,RESTING,sub-08,0.4491249999999809
HC,RESTING,sub-08,-0.19818750000001728
HC,RESTING,sub-08,0.38056249999999636
HC,RESTING,sub-08,0.14337499999999181
HC,RESTING,sub-08,-0.3984375
HC,RESTING,sub-08,0.1875
HC,RESTING,sub-08,0.10418750000002319
HC,RESTING,sub-08,0.4713750000000232
HC,RESTING,sub-08,-0.4463749999999891
HC,RESTING,sub-08,-0.2979374999999891
HC,RESTING,sub-08,-0.25824999999997544
HC,RESTING,sub-08,0.2153124999999818
HC,ODDBALL,sub-09,-0.46537499999999987
HC,ODDBALL,sub-09,-0.40625
HC,ODDBALL,sub-09,-0.23362499999999997
HC,ODDBALL,sub-09,0.27418750000000003
HC,ODDBALL,sub-09,-0.27924999999999933
HC,ODDBALL,sub-09,0.32193750000000065
HC,ODDBALL,sub-09,0.19806249999999892
HC,ODDBALL,sub-09,-0.3120624999999997
HC,ODDBALL,sub-09,0.44624999999999915
HC,ODDBALL,sub-09,-0.4314999999999998
HC,ODDBALL,sub-09,0.3930624999999992
HC,ODDBALL,sub-09,-0.18950000000000244
HC,ODDBALL,sub-09,0.041499999999999204
HC,ODDBALL,sub-09,-0.45006250000000136
HC,ODDBALL,sub-09,0.41368750000000176
HC,ODDBALL,sub-09,-0.4793124999999989
HC,ODDBALL,sub-09,-0.01968750000000341
HC,ODDBALL,sub-09,-0.0025624999999962483
HC,ODDBALL,sub-09,-0.21750000000000114
HC,ODDBALL,sub-09,0.20056250000000375
HC,ODDBALL,sub-09,-0.16100000000000136
HC,ODDBALL,sub-09,-0.35381250000000364
HC,ODDBALL,sub-09,-0.2044999999999959
HC,ODDBALL,sub-09,0.37006249999998886
HC,ODDBALL,sub-09,0.03350000000000364
HC,ODDBALL,sub-09,-0.2949999999999875
HC,ODDBALL,sub-09,0.17462499999999181
HC,ODDBALL,sub-09,0.31256250000001273
HC,ODDBALL,sub-09,0.4566250000000025
HC,ODDBALL,sub-09,0.028437499999995453
HC,ODDBALL,sub-09,-0.4975624999999866
HC,ODDBALL,sub-09,0.07275000000001342
HC,ODDBALL,sub-09,-0.1861874999999884
HC,ODDBALL,sub-09,-0.3341250000000002
HC,ODDBALL,sub-09,-0.3959999999999866
HC,ODDBALL,sub-09,-0.31043750000000614
HC,ODDBALL,sub-09,0.32237499999999386
HC,ODDBALL,sub-09,-0.4107500000000073
HC,ODDBALL,sub-09,-0.22781249999999886
HC,ODDBALL,sub-09,-0.30506249999999113
HC,ODDBALL,sub-09,-0.06956249999998931
HC,ODDBALL,sub-09,-0.26762500000000955
HC,ODDBALL,sub-09,-0.24306250000000773
HC,ODDBALL,sub-09,0.008187499999991132
HC,ODDBALL,sub-09,-0.3151875000000075
HC,ODDBALL,sub-09,0.2638125000000002
HC,ODDBALL,sub-09,-0.40462500000001
HC,ODDBALL,sub-09,-0.1497500000000116
HC,ODDBALL,sub-09,0.4518124999999884
HC,ODDBALL,sub-09,0.25437500000001023
HC,ODDBALL,sub-09,-0.14056249999998727
HC,ODDBALL,sub-09,-0.3623125000000016
HC,ODDBALL,sub-09,0.3801249999999925
HC,ODDBALL,sub-09,0.3849999999999909
HC,ODDBALL,sub-09,-0.4693125000000009
HC,ODDBALL,sub-09,-0.17168749999999022
HC,ODDBALL,sub-09,-0.1540625000000091
HC,ODDBALL,sub-09,-0.06274999999999409
HC,ODDBALL,sub-09,0.2168749999999875
HC,ODDBALL,sub-09,0.4911874999999952
HC,ODDBALL,sub-09,-0.30156249999998863
HC,ODDBALL,sub-09,-0.32724999999999227
HC,ODDBALL,sub-09,0.44706250000001546
HC,ODDBALL,sub-09,0.11200000000002319
HC,ODDBALL,sub-09,-0.3480625000000259
HC,ODDBALL,sub-09,-0.308749999999975
HC,ODDBALL,sub-09,0.004624999999975898
HC,ODDBALL,sub-09,-0.06837500000000318
HC,ODDBALL,sub-09,0.4011249999999791
HC,ODDBALL,sub-09,-0.2230000000000132
HC,ODDBALL,sub-09,0.3629374999999868
HC,ODDBALL,sub-09,0.12137500000000045
HC,ODDBALL,sub-09,0.16525000000001455
HC,ODDBALL,sub-09,0.46649999999999636
HC,ODDBALL,sub-09,0.45237500000001774
HC,ODDBALL,sub-09,-0.2853749999999877
HC,ODDBALL,sub-09,0.3747500000000059
HC,ODDBALL,sub-09,0.23893750000002
HC,ODDBALL,sub-09,-0.3769374999999968
HC,ODDBALL,sub-09,0.41287499999998545
HC,ODDBALL,sub-09,-0.4723124999999868
HC,ODDBALL,sub-09,0.3650000000000091
HC,ODDBALL,sub-09,-0.035750000000007276
HC,ODDBALL,sub-09,0.23856250000000045
HC,ODDBALL,sub-09,-0.0899375000000191
HC,ODDBALL,sub-09,0.4256874999999809
HC,RESTING,sub-09,0.2180624999999985
HC,RESTING,sub-09,-0.44062499999999716
HC,RESTING,sub-09,0.2752499999999998
HC,RESTING,sub-09,-0.44225000000000136
HC,RESTING,sub-09,0.2729374999999976
HC,RESTING,sub-09,-0.14450000000000074
HC,RESTING,sub-09,0.49962500000000176
HC,RESTING,sub-09,0.08393750000000466
HC,RESTING,sub-09,-0.31050000000000466
HC,RESTING,sub-09,-0.10675000000000523
HC,RESTING,sub-09,0.19437499999999375
HC,RESTING,sub-09,-0.28293750000000273
HC,RESTING,sub-09,-0.44737499999999386
HC,RESTING,sub-09,-0.1597500000000025
HC,RESTING,sub-09,-0.034874999999999545
HC,RESTING,sub-09,0.027874999999994543
HC,RESTING,sub-09,0.44681249999999295
HC,RESTING,sub-09,0.1436249999999859
HC,RESTING,sub-09,-0.39837499999998727
HC,RESTING,sub-09,0.14068750000001273
HC,RESTING,sub-09,0.38756250000000136
HC,RESTING,sub-09,-0.08787499999999682
HC,RESTING,sub-09,-0.43924999999998704
HC,RESTING,sub-09,0.13937500000000114
HC,RESTING,sub-09,-0.09793750000000045
HC,RESTING,sub-09,0.49693750000000136
HC,RESTING,sub-09,0.24931250000000205
HC,RESTING,sub-09,0.23056249999999068
HC,RESTING,sub-09,0.05475000000001273
HC,RESTING,sub-09,0.3801249999999925
HC,RESTING,sub-09,0.48343750000000796
HC,RESTING,sub-09,-0.13400000000001455
HC,RESTING,sub-09,-0.1692499999999768
HC,RESTING,sub-09,0.09481249999998909
HC,RESTING,sub-09,0.124187500000005
HC,RESTING,sub-09,0.19799999999997908
HC,RESTING,sub-09,0.4221875000000068
HC,RESTING,sub-09,0.1519999999999868
HC,RESTING,sub-09,0.27762500000000045
HC,RESTING,sub-09,0.047687499999995
HC,RESTING,sub-09,-0.26418749999999136
HC,RESTING,sub-09,-0.33818750000000364
HC,RESTING,sub-09,0.46649999999999636
HC,RESTING,sub-09,0.0266250000000241
HC,RESTING,sub-09,0.25706250000001774
HC,RESTING,sub-09,0.14831249999997453
HC,RESTING,sub-09,0.3552500000000123
HC,RESTING,sub-09,0.43762500000002547
HC,RESTING,sub-09,0.02800000000002001
HC,RESTING,sub-09,-0.25175000000001546
HC,RESTING,sub-09,-0.28337499999997817
HC,RESTING,sub-09,0.4516249999999786
HC,RESTING,sub-09,0.35143749999997453
HC,RESTING,sub-09,-0.15881250000001046
HC,RESTING,sub-09,-0.48668750000001637
HC,RESTING,sub-09,0.19299999999998363
HC,RESTING,sub-09,0.26393749999999727
HC,RESTING,sub-09,0.07368750000000546
HC,RESTING,sub-09,-0.04631249999999909
HC,RESTING,sub-09,0.4615000000000009
HC,RESTING,sub-09,-0.030062499999985448
HC,RESTING,sub-09,-0.1268125000000282
HC,RESTING,sub-09,0.2243750000000091
HC,RESTING,sub-09,0.014312500000016826
HC,RESTING,sub-09,-0.42687499999999545
HC,RESTING,sub-09,0.15631250000001273
HC,RESTING,sub-09,0.07881250000002638
HC,RESTING,sub-09,-0.16275000000001683
HC,RESTING,sub-09,0.37593750000002046
HC,RESTING,sub-09,-0.4248749999999859
HC,RESTING,sub-09,0.1580625000000282
HC,RESTING,sub-09,-0.2785625000000209
HC,RESTING,sub-09,0.18299999999999272
HC,RESTING,sub-09,0.0741249999999809
HC,RESTING,sub-09,0.23324999999999818
HC,RESTING,sub-09,-0.04737499999998818
HC,RESTING,sub-09,0.4448125000000118
HC,RESTING,sub-09,-0.07450000000000045
HC,RESTING,sub-09,-0.3473124999999868
HC,RESTING,sub-09,0.30556250000000773
HC,RESTING,sub-09,0.07543750000002092
HC,RESTING,sub-09,0.0915625000000091
HC,ODDBALL,sub-10,-0.01706249999999976
HC,ODDBALL,sub-10,0.3071249999999992
HC,ODDBALL,sub-10,0.08900000000000041
HC,ODDBALL,sub-10,0.30524999999999913
HC,ODDBALL,sub-10,-0.49556249999999835
HC,ODDBALL,sub-10,0.47862500000000097
HC,ODDBALL,sub-10,0.3496875000000017
HC,ODDBALL,sub-10,0.4664999999999999
HC,ODDBALL,sub-10,0.073125000000001
HC,ODDBALL,sub-10,0.4420624999999987
HC,ODDBALL,sub-10,0.40687499999999943
HC,ODDBALL,sub-10,-0.4822500000000005
HC,ODDBALL,sub-10,-0.4696250000000006
HC,ODDBALL,sub-10,-0.39187499999999886
HC,ODDBALL,sub-10,0.4641875000000013
HC,ODDBALL,sub-10,0.3706875000000025
HC,ODDBALL,sub-10,0.3396874999999966
HC,ODDBALL,sub-10,0.32531250000000256
HC,ODDBALL,sub-10,0.4000624999999971
HC,ODDBALL,sub-10,-0.2950000000000017
HC,ODDBALL,sub-10,0.45624999999999716
HC,ODDBALL,sub-10,-0.4930000000000021
HC,ODDBALL,sub-10,0.3130625000000009
HC,ODDBALL,sub-10,0.2558750000000032
HC,ODDBALL,sub-10,0.3154375000000016
HC,ODDBALL,sub-10,0.47912499999999625
HC,ODDBALL,sub-10,-0.23456249999999557
HC,ODDBALL,sub-10,0.3243750000000034
HC,ODDBALL,sub-10,-0.30374999999999375
HC,ODDBALL,sub-10,0.2993124999999992
HC,ODDBALL,sub-10,-0.4692500000000024
HC,ODDBALL,sub-10,-0.44199999999999307
HC,ODDBALL,sub-10,-0.013062500000003752
HC,ODDBALL,sub-10,-0.11312499999999659
HC,ODDBALL,sub-10,-0.36249999999999716
HC,ODDBALL,sub-10,-0.47943750000000307
HC,ODDBALL,sub-10,-0.10381250000000364
HC,ODDBALL,sub-10,0.3922500000000042
HC,ODDBALL,sub-10,0.2049999999999983
HC,ODDBALL,sub-10,-0.4071249999999935
HC,ODDBALL,sub-10,0.3008750000000049
HC,ODDBALL,sub-10,0.09337499999999466
HC,ODDBALL,sub-10,0.48043749999999363
HC,ODDBALL,sub-10,0.43418749999999307
HC,ODDBALL,sub-10,-0.3149374999999992
HC,ODDBALL,sub-10,-0.21274999999999977
HC,ODDBALL,sub-10,0.29887499999999534
HC,ODDBALL,sub-10,0.35087500000000205
HC,ODDBALL,sub-10,-0.4881874999999951
HC,ODDBALL,sub-10,0.38643749999999955
HC,ODDBALL,sub-10,-0.17875000000000796
HC,ODDBALL,sub-10,-0.2874999999999943
HC,ODDBALL,sub-10,-0.09912499999998658
HC,ODDBALL,sub-10,0.08118749999999864
HC,ODDBALL,sub-10,-0.41499999999999204
HC,ODDBALL,sub-10,0.46781250000000796
HC,ODDBALL,sub-10,0.4361874999999884
HC,ODDBALL,sub-10,0.2769999999999868
HC,ODDBALL,sub-10,0.3126875000000098
HC,ODDBALL,sub-10,0.40187499999998977
HC,ODDBALL,sub-10,0.2287499999999909
HC,ODDBALL,sub-10,-0.4851250000000107
HC,ODDBALL,sub-10,-0.3448750000000018
HC,ODDBALL,sub-10,0.3480624999999975
HC,ODDBALL,sub-10,0.48474999999999113
HC,ODDBALL,sub-10,-0.3779999999999859
HC,ODDBALL,sub-10,-0.4708750000000066
HC,ODDBALL,sub-10,0.37674999999998704
HC,ODDBALL,sub-10,-0.3525625000000048
HC,ODDBALL,sub-10,-0.09424999999998818
HC,ODDBALL,sub-10,0.32043749999999704
HC,ODDBALL,sub-10,0.30906250000001023
HC,ODDBALL,sub-10,0.4258749999999907
HC,ODDBALL,sub-10,-0.25718749999998636
HC,ODDBALL,sub-10,0.2939374999999984
HC,ODDBALL,sub-10,0.32643749999999727
HC,ODDBALL,sub-10,0.12674999999998704
HC,ODDBALL,sub-10,0.33150000000000546
HC,ODDBALL,sub-10,0.28031250000000796
HC,ODDBALL,sub-10,-0.2621249999999975
HC,ODDBALL,sub-10,0.35274999999998613
HC,ODDBALL,sub-10,-0.3391249999999957
HC,ODDBALL,sub-10,0.40012500000000273
HC,ODDBALL,sub-10,0.30750000000000455
HC,ODDBALL,sub-10,0.3552500000000123
HC,ODDBALL,sub-10,0.4098124999999868
HC,ODDBALL,sub-10,0.2706875000000082
HC,ODDBALL,sub-10,0.4041249999999934
HC,ODDBALL,sub-10,0.29624999999998636
HC,ODDBALL,sub-10,0.4521249999999952
HC,ODDBALL,sub-10,0.4884375000000034
HC,ODDBALL,sub-10,-0.023312500000002956
HC,ODDBALL,sub-10,-0.46381249999998886
HC,ODDBALL,sub-10,0.04400000000001114
HC,ODDBALL,sub-10,0.47368750000001114
HC,ODDBALL,sub-10,0.05606249999999591
HC,ODDBALL,sub-10,-0.15524999999999523
HC,ODDBALL,sub-10,0.4345000000000141
HC,ODDBALL,sub-10,0.3726249999999993
HC,ODDBALL,sub-10,0.31399999999999295
HC,ODDBALL,sub-10,0.20587499999999181
HC,ODDBALL,sub-10,0.38543749999999477
HC,ODDBALL,sub-10,0.2502499999999941
HC,ODDBALL,sub-10,0.2775624999999877
HC,ODDBALL,sub-10,-0.2492499999999893
HC,ODDBALL,sub-10,0.43168750000000955
HC,ODDBALL,sub-10,0.40068750000000364
HC,ODDBALL,sub-10,0.3384374999999977
HC,ODDBALL,sub-10,0.2683749999999918
HC,ODDBALL,sub-10,0.29243750000000546
HC,ODDBALL,sub-10,0.3868124999999907
HC,ODDBALL,sub-10,-0.09731249999998681
HC,ODDBALL,sub-10,-0.12112500000000637
HC,ODDBALL,sub-10,0.3919375000000116
HC,ODDBALL,sub-10,0.46187499999999204
HC,ODDBALL,sub-10,0.3599375000000009
HC,ODDBALL,sub-10,-0.08774999999999977
HC,ODDBALL,sub-10,0.17812500000002274
HC,ODDBALL,sub-10,0.3815000000000168
HC,ODDBALL,sub-10,0.04162500000001046
HC,ODDBALL,sub-10,0.43768749999998136
HC,ODDBALL,sub-10,0.17231249999997544
HC,ODDBALL,sub-10,-0.08062499999999773
HC,ODDBALL,sub-10,-0.05756250000001728
HC,ODDBALL,sub-10,0.29843749999997726
HC,ODDBALL,sub-10,0.35700000000002774
HC,ODDBALL,sub-10,0.49824999999998454
HC,ODDBALL,sub-10,0.2533124999999927
HC,ODDBALL,sub-10,-0.03125
HC,ODDBALL,sub-10,-0.3559374999999818
HC,ODDBALL,sub-10,-0.13556249999999181
HC,ODDBALL,sub-10,0.4223749999999882
HC,ODDBALL,sub-10,0.42025000000001
HC,ODDBALL,sub-10,0.12262500000002774
HC,ODDBALL,sub-10,0.2997500000000173
HC,ODDBALL,sub-10,-0.1721249999999941
HC,ODDBALL,sub-10,0.3323750000000132
HC,ODDBALL,sub-10,-0.26474999999999227
HC,ODDBALL,sub-10,0.3957500000000209
HC,ODDBALL,sub-10,0.364750000000015
HC,ODDBALL,sub-10,0.44375000000002274
HC,ODDBALL,sub-10,0.33550000000002456
HC,ODDBALL,sub-10,0.4727500000000191
HC,ODDBALL,sub-10,0.005249999999989541
HC,ODDBALL,sub-10,-0.29856250000000273
HC,ODDBALL,sub-10,0.3416874999999777
HC,ODDBALL,sub-10,0.3846250000000282
HC,ODDBALL,sub-10,-0.2583750000000009
HC,ODDBALL,sub-10,-0.06343750000002046
HC,ODDBALL,sub-10,-0.30856249999999363
HC,ODDBALL,sub-10,0.40237500000000637
HC,ODDBALL,sub-10,0.3161875000000123
HC,ODDBALL,sub-10,-0.1408749999999941
HC,ODDBALL,sub-10,0.3921250000000214
HC,ODDBALL,sub-10,-0.3065624999999841
HC,ODDBALL,sub-10,-0.0829375000000141
HC,ODDBALL,sub-10,-0.3176874999999768
HC,ODDBALL,sub-10,0.31175000000001774
HC,ODDBALL,sub-10,-0.3588750000000118
HC,ODDBALL,sub-10,0.4848749999999882
HC,ODDBALL,sub-10,0.14562499999999545
HC,ODDBALL,sub-10,0.21156250000001364
HC,ODDBALL,sub-10,0.37987500000002683
HC,ODDBALL,sub-10,0.27893749999998363
HC,ODDBALL,sub-10,0.0015000000000213731
HC,ODDBALL,sub-10,-0.24006250000002183
HC,ODDBALL,sub-10,0.372562500000015
HC,ODDBALL,sub-10,0.3311249999999859
HC,ODDBALL,sub-10,0.4994374999999991
HC,ODDBALL,sub-10,0.12887499999999363
HC,ODDBALL,sub-10,-0.3943125000000123
HC,ODDBALL,sub-10,0.37975000000000136
HC,ODDBALL,sub-10,0.03750000000002274
HC,ODDBALL,sub-10,0.3886875000000032
HC,ODDBALL,sub-10,0.3378749999999968
HC,ODDBALL,sub-10,0.4208125000000109
HC,ODDBALL,sub-10,0.49074999999999136
HC,ODDBALL,sub-10,-0.153812500000015
HC,ODDBALL,sub-10,-0.370937500000025
HC,ODDBALL,sub-10,0.38287500000001273
HC,ODDBALL,sub-10,0.34468750000002046
HC,ODDBALL,sub-10,0.30912499999999454
HC,RESTING,sub-10,-0.23693750000000002
HC,RESTING,sub-10,-0.24412499999999993
HC,RESTING,sub-10,-0.02149999999999963
HC,RESTING,sub-10,-0.3458125000000001
HC,RESTING,sub-10,0.3963749999999999
HC,RESTING,sub-10,-0.3211250000000003
HC,RESTING,sub-10,0.1352499999999992
HC,RESTING,sub-10,0.4093125000000004
HC,RESTING,sub-10,0.2575000000000003
HC,RESTING,sub-10,-0.2500625000000003
HC,RESTING,sub-10,-0.26506250000000087
HC,RESTING,sub-10,-0.049875000000000114
HC,RESTING,sub-10,0.017062500000001535
HC,RESTING,sub-10,-0.41199999999999903
HC,RESTING,sub-10,0.3766874999999992
HC,RESTING,sub-10,-0.0721874999999983
HC,RESTING,sub-10,0.044624999999999915
HC,RESTING,sub-10,0.4634999999999998
HC,RESTING,sub-10,0.4321249999999992
HC,RESTING,sub-10,0.19900000000000162
HC,RESTING,sub-10,-0.08943749999999895
HC,RESTING,sub-10,0.21587500000000048
HC,RESTING,sub-10,-0.20212499999999878
HC,RESTING,sub-10,0.21637499999999932
HC,RESTING,sub-10,0.20918749999999875
HC,RESTING,sub-10,-0.2478750000000005
HC,RESTING,sub-10,0.17843750000000114
HC,RESTING,sub-10,0.1670625000000001
HC,RESTING,sub-10,0.11981250000000188
HC,RESTING,sub-10,0.018875000000001307
HC,RESTING,sub-10,0.16793750000000074
HC,RESTING,sub-10,-0.32399999999999807
HC,RESTING,sub-10,0.1678124999999966
HC,RESTING,sub-10,-0.47156249999999744
HC,RESTING,sub-10,0.4234999999999971
HC,RESTING,sub-10,0.47512499999999847
HC,RESTING,sub-10,-0.08231250000000045
HC,RESTING,sub-10,-0.03481250000000102
HC,RESTING,sub-10,-0.12893749999999926
HC,RESTING,sub-10,0.0519999999999996
HC,RESTING,sub-10,0.4981875000000002
HC,RESTING,sub-10,-0.36168750000000216
HC,RESTING,sub-10,0.1670000000000016
HC,RESTING,sub-10,-0.02087500000000375
HC,RESTING,sub-10,0.42468750000000455
HC,RESTING,sub-10,-0.4908750000000026
HC,RESTING,sub-10,0.12593750000000625
HC,RESTING,sub-10,0.1958750000000009
HC,RESTING,sub-10,0.4789999999999992
HC,RESTING,sub-10,-0.3364375000000024
HC,RESTING,sub-10,0.13612500000000693
HC,RESTING,sub-10,0.4881874999999951
HC,RESTING,sub-10,0.1525000000000034
HC,RESTING,sub-10,-0.22906249999999773
HC,RESTING,sub-10,-0.37725000000000364
HC,RESTING,sub-10,0.38056249999999636
HC,RESTING,sub-10,0.07256250000000364
HC,RESTING,sub-10,0.09624999999999773
HC,RESTING,sub-10,0.10106249999999761
HC,RESTING,sub-10,0.4756875000000065
HC,RESTING,sub-10,0.07774999999999466
HC,RESTING,sub-10,0.48106249999999307
HC,RESTING,sub-10,-0.4939999999999998
HC,RESTING,sub-10,0.2281875000000042
HC,RESTING,sub-10,0.46806250000000205
HC,RESTING,sub-10,-0.32075000000000387
HC,RESTING,sub-10,-0.09756249999999511
HC,RESTING,sub-10,0.12656250000000568
HC,RESTING,sub-10,0.3383750000000134
HC,RESTING,sub-10,-0.32124999999999204
HC,RESTING,sub-10,-0.22624999999999318
HC,RESTING,sub-10,0.03318749999999682
HC,RESTING,sub-10,-0.0269375000000025
HC,RESTING,sub-10,-0.1201874999999859
HC,RESTING,sub-10,-0.32637500000001296
HC,RESTING,sub-10,-0.3138749999999959
HC,RESTING,sub-10,0.10081249999998931
HC,RESTING,sub-10,-0.031125000000002956
HC,RESTING,sub-10,0.12937500000001023
HC,RESTING,sub-10,0.040062500000004775
HC,RESTING,sub-10,-0.022812499999986358
HC,RESTING,sub-10,-0.22481250000001296
HC,RESTING,sub-10,-0.024374999999992042
HC,RESTING,sub-10,-0.20681250000001228
HC,RESTING,sub-10,0.2146874999999966
HC,RESTING,sub-10,-0.483562500000005
HC,RESTING,sub-10,-0.3973750000000109
HC,RESTING,sub-10,-0.43918750000000273
HC,RESTING,sub-10,-0.29893749999999386
HC,RESTING,sub-10,-0.19287499999998658
HC,RESTING,sub-10,-0.12131249999998772
HC,RESTING,sub-10,-0.2653124999999932
HC,RESTING,sub-10,0.33331250000000523
HC,RESTING,sub-10,-0.483562500000005
HC,RESTING,sub-10,-0.17462499999999181
HC,RESTING,sub-10,0.2216875000000016
HC,RESTING,sub-10,-0.27062499999999545
HC,RESTING,sub-10,-0.24206250000000296
HC,RESTING,sub-10,0.40337500000001114
HC,RESTING,sub-10,-0.4086250000000007
HC,RESTING,sub-10,-0.45162500000000705
HC,RESTING,sub-10,-0.34037499999999454
HC,RESTING,sub-10,-0.05531250000001364
HC,RESTING,sub-10,0.29168749999999477
HC,RESTING,sub-10,0.1995625000000132
HC,RESTING,sub-10,-0.2386874999999975
HC,RESTING,sub-10,-0.2883124999999893
HC,RESTING,sub-10,-0.22493750000001
HC,RESTING,sub-10,-0.2559374999999875
HC,RESTING,sub-10,-0.20062500000000227
HC,RESTING,sub-10,0.06649999999999068
HC,RESTING,sub-10,0.20699999999999363
HC,RESTING,sub-10,-0.3611874999999998
HC,RESTING,sub-10,-0.14999999999997726
HC,RESTING,sub-10,0.3574375000000032
HC,RESTING,sub-10,0.41699999999997317
HC,RESTING,sub-10,0.45331249999998136
HC,RESTING,sub-10,0.46918749999997544
HC,RESTING,sub-10,0.028750000000002274
HC,RESTING,sub-10,-0.38125000000002274
HC,RESTING,sub-10,0.11481250000002774
HC,RESTING,sub-10,-0.35368749999997817
HC,RESTING,sub-10,0.24487499999997908
HC,RESTING,sub-10,-0.4026875000000132
HC,RESTING,sub-10,0.4765625
HC,RESTING,sub-10,0.44493749999998045
HC,RESTING,sub-10,-0.13231250000001182
HC,RESTING,sub-10,0.008937500000001819
HC,RESTING,sub-10,0.43524999999999636
HC,RESTING,sub-10,-0.2861874999999827
HC,RESTING,sub-10,0.17437499999999773
HC,RESTING,sub-10,-0.1252499999999941
HC,RESTING,sub-10,-0.015249999999980446
HC,RESTING,sub-10,0.0
HC,RESTING,sub-10,0.4183125000000132
HC,RESTING,sub-10,-0.38193749999999227
HC,RESTING,sub-10,-0.29212499999999864
HC,RESTING,sub-10,0.310062500000015
HC,RESTING,sub-10,0.3263124999999718
HC,RESTING,sub-10,-0.39106249999997544
HC,RESTING,sub-10,-0.3553749999999809
HC,RESTING,sub-10,0.08424999999999727
HC,RESTING,sub-10,-0.3731874999999718
HC,RESTING,sub-10,0.143062499999985
HC,RESTING,sub-10,-0.051375000000007276
HC,RESTING,sub-10,-0.29693750000001273
HC,RESTING,sub-10,0.28862500000002456
HC,RESTING,sub-10,-0.163250000000005
HC,RESTING,sub-10,0.14987500000000864
HC,RESTING,sub-10,-0.2558750000000032
HC,RESTING,sub-10,0.14218749999997726
HC,RESTING,sub-10,0.3860000000000241
HC,RESTING,sub-10,0.12000000000000455
HC,RESTING,sub-10,-0.13756250000000136
HC,RESTING,sub-10,-0.46862499999997453
HC,RESTING,sub-10,-0.4377499999999941
HC,RESTING,sub-10,-0.3323750000000132
HC,RESTING,sub-10,-0.13218749999998636
HC,RESTING,sub-10,0.4543750000000273
HC,RESTING,sub-10,-0.018374999999991815
HC,RESTING,sub-10,0.47431249999999636
HC,RESTING,sub-10,0.3932500000000232
HC,RESTING,sub-10,0.34300000000001774
HC,RESTING,sub-10,0.2817499999999882
HC,RESTING,sub-10,0.3715624999999818
HC,RESTING,sub-10,0.20375000000001364
HC,RESTING,sub-10,0.16893750000002683
HC,RESTING,sub-10,-0.4594374999999786
HC,RESTING,sub-10,-0.012625000000014097
HC,RESTING,sub-10,0.10881249999999909
HC,RESTING,sub-10,-0.4183750000000259
HC,RESTING,sub-10,-0.2771250000000123
HC,RESTING,sub-10,0.16881250000000136
HC,RESTING,sub-10,0.20431250000001455
HC,RESTING,sub-10,-0.046062500000005
HC,RESTING,sub-10,0.1999374999999759
HC,RESTING,sub-10,-0.4628749999999968
HC,RESTING,sub-10,0.09606250000001637
HC,RESTING,sub-10,0.33043750000001637
HC,RESTING,sub-10,0.29543749999999136
HC,RESTING,sub-10,0.30475000000001273
HC,ODDBALL,sub-11,-0.29268750000000043
HC,ODDBALL,sub-11,0.47293749999999957
HC,ODDBALL,sub-11,-0.49556250000000013
HC,ODDBALL,sub-11,-0.42262500000000003
HC,ODDBALL,sub-11,0.35862499999999997
HC,ODDBALL,sub-11,0.36768749999999883
HC,ODDBALL,sub-11,-0.38662499999999866
HC,ODDBALL,sub-11,0.45437499999999886
HC,ODDBALL,sub-11,0.44681250000000006
HC,ODDBALL,sub-11,0.3302499999999995
HC,ODDBALL,sub-11,0.12381249999999966
HC,ODDBALL,sub-11,0.4798125000000013
HC,ODDBALL,sub-11,0.4019375000000025
HC,ODDBALL,sub-11,0.4530625000000015
HC,ODDBALL,sub-11,-0.4555624999999992
HC,ODDBALL,sub-11,-0.46325000000000216
HC,ODDBALL,sub-11,0.46643749999999784
HC,ODDBALL,sub-11,0.36549999999999727
HC,ODDBALL,sub-11,0.03406249999999744
HC,ODDBALL,sub-11,0.3411249999999981
HC,ODDBALL,sub-11,0.3133125000000021
HC,ODDBALL,sub-11,0.331562500000004
HC,ODDBALL,sub-11,-0.43381250000000193
HC,ODDBALL,sub-11,0.42556249999999807
HC,ODDBALL,sub-11,0.28618749999999693
HC,ODDBALL,sub-11,-0.13912500000000705
HC,ODDBALL,sub-11,0.24556250000000546
HC,ODDBALL,sub-11,0.25718750000000057
HC,ODDBALL,sub-11,-0.00518750000000523
HC,ODDBALL,sub-11,0.01587499999999409
HC,ODDBALL,sub-11,-0.30481249999999704
HC,ODDBALL,sub-11,-0.19812500000000455
HC,ODDBALL,sub-11,-0.1834999999999951
HC,ODDBALL,sub-11,-0.015187499999996135
HC,ODDBALL,sub-11,-0.24087500000000261
HC,ODDBALL,sub-11,-0.2241250000000008
HC,ODDBALL,sub-11,-0.4000000000000057
HC,ODDBALL,sub-11,0.33143750000000693
HC,ODDBALL,sub-11,-0.2745000000000033
HC,ODDBALL,sub-11,-0.32075000000000387
HC,ODDBALL,sub-11,0.39799999999999613
HC,ODDBALL,sub-11,0.378437500000004
HC,ODDBALL,sub-11,-0.0024999999999977263
HC,ODDBALL,sub-11,-0.030312499999993747
HC,ODDBALL,sub-11,0.3611874999999998
HC,ODDBALL,sub-11,0.42793749999999875
HC,ODDBALL,sub-11,-0.007562500000005912
HC,ODDBALL,sub-11,-0.20587499999999181
HC,ODDBALL,sub-11,0.4770624999999882
HC,ODDBALL,sub-11,0.3683125000000018
HC,ODDBALL,sub-11,0.13775000000001114
HC,ODDBALL,sub-11,-0.2201249999999959
HC,ODDBALL,sub-11,0.4126875000000041
HC,ODDBALL,sub-11,0.37006249999998886
HC,ODDBALL,sub-11,0.19062500000001137
HC,ODDBALL,sub-11,0.13343750000001364
HC,ODDBALL,sub-11,-0.32687500000000114
HC,ODDBALL,sub-11,-0.4243125000000134
HC,ODDBALL,sub-11,0.3647499999999866
HC,ODDBALL,sub-11,-0.1115624999999909
HC,ODDBALL,sub-11,-0.4771250000000009
HC,ODDBALL,sub-11,-0.13775000000001114
HC,ODDBALL,sub-11,0.3213749999999891
HC,ODDBALL,sub-11,0.26631249999999795
HC,ODDBALL,sub-11,0.4153750000000116
HC,ODDBALL,sub-11,0.23631249999999682
HC,ODDBALL,sub-11,0.11474999999998658
HC,ODDBALL,sub-11,0.155437500000005
HC,ODDBALL,sub-11,-0.28218749999999204
HC,ODDBALL,sub-11,0.011750000000006366
HC,ODDBALL,sub-11,0.44143750000000637
HC,ODDBALL,sub-11,-0.24893750000001091
HC,ODDBALL,sub-11,-0.42412500000000364
HC,ODDBALL,sub-11,0.31531250000000455
HC,ODDBALL,sub-11,0.23681250000001342
HC,ODDBALL,sub-11,0.3262499999999875
HC,ODDBALL,sub-11,0.21649999999999636
HC,ODDBALL,sub-11,0.13999999999998636
HC,ODDBALL,sub-11,0.4751875000000041
HC,ODDBALL,sub-11,0.32318749999998886
HC,ODDBALL,sub-11,0.3628750000000025
HC,ODDBALL,sub-11,0.4228750000000048
HC,ODDBALL,sub-11,0.39906250000001364
HC,ODDBALL,sub-11,0.44300000000001205
HC,ODDBALL,sub-11,0.010562499999991815
HC,ODDBALL,sub-11,-0.15287499999999454
HC,ODDBALL,sub-11,-0.42962499999998727
HC,ODDBALL,sub-11,-0.11750000000000682
HC,ODDBALL,sub-11,0.0972500000000025
HC,ODDBALL,sub-11,-0.22962499999999864
HC,ODDBALL,sub-11,-0.2680625000000134
HC,ODDBALL,sub-11,-0.45593750000000455
HC,ODDBALL,sub-11,0.30968749999999545
HC,ODDBALL,sub-11,0.4499375000000043
HC,ODDBALL,sub-11,0.4984374999999943
HC,ODDBALL,sub-11,0.36106250000000273
HC,ODDBALL,sub-11,-0.0037499999999965894
HC,ODDBALL,sub-11,0.2044375000000116
HC,ODDBALL,sub-11,0.0009374999999920419
HC,ODDBALL,sub-11,-0.04081249999998704
HC,ODDBALL,sub-11,-0.49049999999999727
HC,ODDBALL,sub-11,0.10487499999999272
HC,ODDBALL,sub-11,-0.07556249999998954
HC,ODDBALL,sub-11,0.24118749999999523
HC,ODDBALL,sub-11,-0.04724999999999113
HC,ODDBALL,sub-11,0.2553125000000023
HC,ODDBALL,sub-11,0.3408749999999827
HC,ODDBALL,sub-11,-0.01887499999997999
HC,ODDBALL,sub-11,0.03643749999997681
HC,ODDBALL,sub-11,0.32974999999999
HC,ODDBALL,sub-11,-0.4828749999999786
HC,ODDBALL,sub-11,-0.07850000000001955
HC,ODDBALL,sub-11,0.34218750000002274
HC,ODDBALL,sub-11,-0.29643750000002456
HC,ODDBALL,sub-11,0.29731249999997544
HC,ODDBALL,sub-11,-0.4095624999999927
HC,ODDBALL,sub-11,-0.2995624999999791
HC,ODDBALL,sub-11,-0.4940000000000282
HC,ODDBALL,sub-11,0.3341249999999718
HC,ODDBALL,sub-11,0.338374999999985
HC,ODDBALL,sub-11,0.24425000000002228
HC,ODDBALL,sub-11,0.24124999999997954
HC,ODDBALL,sub-11,-0.14131250000002638
HC,ODDBALL,sub-11,-0.30212499999998954
HC,ODDBALL,sub-11,0.08231250000000045
HC,ODDBALL,sub-11,-0.0586875000000191
HC,ODDBALL,sub-11,0.4803749999999809
HC,ODDBALL,sub-11,-0.00437499999998181
HC,ODDBALL,sub-11,-0.39699999999999136
HC,ODDBALL,sub-11,-0.053999999999973625
HC,ODDBALL,sub-11,-0.49543749999998
HC,ODDBALL,sub-11,0.35612500000002
HC,ODDBALL,sub-11,-0.41606250000000955
HC,ODDBALL,sub-11,-0.43987499999997226
HC,ODDBALL,sub-11,-0.2596874999999841
HC,ODDBALL,sub-11,0.2950000000000159
HC,ODDBALL,sub-11,0.27581249999997226
HC,ODDBALL,sub-11,0.12749999999999773
HC,ODDBALL,sub-11,0.19062500000001137
HC,ODDBALL,sub-11,0.05843750000002501
HC,ODDBALL,sub-11,-0.34275000000002365
HC,ODDBALL,sub-11,-0.030624999999986358
HC,ODDBALL,sub-11,0.22743750000000773
HC,ODDBALL,sub-11,-0.48200000000002774
HC,ODDBALL,sub-11,0.19818750000001728
HC,ODDBALL,sub-11,0.425625000000025
HC,ODDBALL,sub-11,0.03649999999998954
HC,ODDBALL,sub-11,-0.07324999999997317
HC,ODDBALL,sub-11,0.4863124999999968
HC,ODDBALL,sub-11,-0.424312499999985
HC,ODDBALL,sub-11,0.200687500000015
HC,ODDBALL,sub-11,-0.099125000000015
HC,ODDBALL,sub-11,0.478999999999985
HC,ODDBALL,sub-11,-0.17662500000000136
HC,ODDBALL,sub-11,-0.03899999999998727
HC,ODDBALL,sub-11,0.05437499999999318
HC,ODDBALL,sub-11,0.3987500000000068
HC,ODDBALL,sub-11,0.25118750000001455
HC,ODDBALL,sub-11,0.41849999999999454
HC,ODDBALL,sub-11,-0.4666874999999777
HC,ODDBALL,sub-11,0.34543750000000273
HC,ODDBALL,sub-11,-0.41631250000000364
HC,ODDBALL,sub-11,-0.05212499999998954
HC,ODDBALL,sub-11,0.0813125000000241
HC,ODDBALL,sub-11,-0.18700000000001182
HC,ODDBALL,sub-11,-0.30456249999997453
HC,ODDBALL,sub-11,-0.26168749999999363
HC,ODDBALL,sub-11,-0.38606249999998
HC,ODDBALL,sub-11,0.48099999999999454
HC,ODDBALL,sub-11,0.09943750000002183
HC,ODDBALL,sub-11,0.37712499999997817
HC,ODDBALL,sub-11,-0.2083124999999768
HC,RESTING,sub-11,-0.44956249999999986
HC,RESTING,sub-11,-0.1280000000000001
HC,RESTING,sub-11,0.44193749999999987
HC,RESTING,sub-11,0.3302499999999995
HC,RESTING,sub-11,0.3220624999999995
HC,RESTING,sub-11,-0.44593749999999943
HC,RESTING,sub-11,-0.05606249999999946
HC,RESTING,sub-11,0.41331249999999997
HC,RESTING,sub-11,0.43431250000000077
HC,RESTING,sub-11,-0.21750000000000114
HC,RESTING,sub-11,-0.014124999999999943
HC,RESTING,sub-11,-0.24337500000000034
HC,RESTING,sub-11,-0.03962500000000091
HC,RESTING,sub-11,-0.18362499999999926
HC,RESTING,sub-11,-0.0824374999999975
HC,RESTING,sub-11,0.35112500000000324
HC,RESTING,sub-11,-0.4624999999999986
HC,RESTING,sub-11,0.04493750000000318
HC,RESTING,sub-11,0.48206249999999784
HC,RESTING,sub-11,0.49049999999999727
HC,RESTING,sub-11,0.3504999999999967
HC,RESTING,sub-11,0.21412500000000279
HC,RESTING,sub-11,0.04187499999999744
HC,RESTING,sub-11,-0.20431250000000034
HC,RESTING,sub-11,-0.07768750000000324
HC,RESTING,sub-11,-0.16400000000000148
HC,RESTING,sub-11,0.4215625000000003
HC,RESTING,sub-11,-0.41312500000000085
HC,RESTING,sub-11,-0.13543750000000188
HC,RESTING,sub-11,0.059499999999999886
HC,RESTING,sub-11,0.2742500000000021
HC,RESTING,sub-11,0.12731250000000216
HC,RESTING,sub-11,0.42062500000000114
HC,RESTING,sub-11,0.22193750000000279
HC,RESTING,sub-11,-0.394999999999996
HC,RESTING,sub-11,-0.09006250000000193
HC,RESTING,sub-11,-0.2454374999999942
HC,RESTING,sub-11,-0.03324999999999534
HC,RESTING,sub-11,-0.2836250000000007
HC,RESTING,sub-11,0.4819999999999993
HC,RESTING,sub-11,-0.13006249999999397
HC,RESTING,sub-11,-0.21612500000000523
HC,RESTING,sub-11,-0.17981249999999704
HC,RESTING,sub-11,-0.4441874999999982
HC,RESTING,sub-11,0.33037500000000364
HC,RESTING,sub-11,0.2987499999999983
HC,RESTING,sub-11,0.14374999999999716
HC,RESTING,sub-11,-0.1913124999999951
HC,RESTING,sub-11,0.4297499999999985
HC,RESTING,sub-11,-0.38187499999999375
HC,RESTING,sub-11,0.20787500000000136
HC,RESTING,sub-11,0.4819375000000008
HC,RESTING,sub-11,0.1196249999999992
HC,RESTING,sub-11,0.17031249999999432
HC,RESTING,sub-11,0.28456250000000693
HC,RESTING,sub-11,0.4404375000000016
HC,RESTING,sub-11,-0.269999999999996
HC,RESTING,sub-11,-0.1990624999999966
HC,RESTING,sub-11,-0.18218749999999773
HC,RESTING,sub-11,-0.06874999999999432
HC,RESTING,sub-11,0.2678125000000051
HC,RESTING,sub-11,-0.3995625000000018
HC,RESTING,sub-11,0.2723124999999982
HC,RESTING,sub-11,-0.035749999999993065
HC,RESTING,sub-11,0.023062500000008868
HC,RESTING,sub-11,-0.1794375000000059
HC,RESTING,sub-11,0.19256250000000819
HC,RESTING,sub-11,0.14112499999998818
HC,RESTING,sub-11,-0.09537499999999
HC,RESTING,sub-11,0.06831249999999045
HC,RESTING,sub-11,0.1626875000000041
HC,RESTING,sub-11,-0.47343749999998863
HC,RESTING,sub-11,-0.2424374999999941
HC,RESTING,sub-11,-0.25718749999998636
HC,RESTING,sub-11,0.4428749999999866
HC,RESTING,sub-11,-0.25493750000001114
HC,RESTING,sub-11,-0.13031250000000227
HC,RESTING,sub-11,-0.38325000000000387
HC,RESTING,sub-11,-0.11699999999999022
HC,RESTING,sub-11,0.4571249999999907
HC,RESTING,sub-11,-0.4361874999999884
HC,RESTING,sub-11,-0.1255625000000009
HC,RESTING,sub-11,-0.4221875000000068
HC,RESTING,sub-11,0.10550000000000637
HC,RESTING,sub-11,-0.008250000000003865
HC,RESTING,sub-11,-0.31912500000001387
HC,RESTING,sub-11,-0.053875000000005
HC,RESTING,sub-11,-0.09268750000001091
HC,RESTING,sub-11,-0.36549999999999727
HC,RESTING,sub-11,0.2246874999999875
HC,RESTING,sub-11,0.37274999999999636
HC,RESTING,sub-11,0.4312500000000057
HC,RESTING,sub-11,0.29187500000000455
HC,RESTING,sub-11,-0.12193750000000136
HC,RESTING,sub-11,-0.24268749999998818
HC,RESTING,sub-11,-0.17175000000000296
HC,RESTING,sub-11,-0.2308125000000132
HC,RESTING,sub-11,0.2223124999999868
HC,RESTING,sub-11,-0.41343749999998636
HC,RESTING,sub-11,0.03993750000000773
HC,RESTING,sub-11,0.11568750000000705
HC,RESTING,sub-11,-0.1425000000000125
HC,RESTING,sub-11,-0.40068750000000364
HC,RESTING,sub-11,-0.32093750000001364
HC,RESTING,sub-11,-0.4931875000000048
HC,RESTING,sub-11,-0.3373124999999959
HC,RESTING,sub-11,-0.05962500000001114
HC,RESTING,sub-11,-0.2464999999999975
HC,RESTING,sub-11,-0.023937499999988177
HC,RESTING,sub-11,0.28918749999999704
HC,RESTING,sub-11,0.3679375000000107
HC,RESTING,sub-11,0.4310624999999959
HC,RESTING,sub-11,0.4775625000000048
HC,RESTING,sub-11,-0.31024999999999636
HC,RESTING,sub-11,0.16237499999999727
HC,RESTING,sub-11,0.1505625000000066
HC,RESTING,sub-11,-0.08712499999998613
HC,RESTING,sub-11,-0.33587499999998727
HC,RESTING,sub-11,-0.0668124999999975
HC,RESTING,sub-11,-0.16512499999998909
HC,RESTING,sub-11,-0.2892500000000098
HC,RESTING,sub-11,-0.3088124999999877
HC,RESTING,sub-11,0.17156249999999318
HC,RESTING,sub-11,-0.2181874999999991
HC,RESTING,sub-11,-0.26900000000000546
HC,RESTING,sub-11,0.23643749999999386
HC,RESTING,sub-11,-0.3954999999999984
HC,RESTING,sub-11,0.4716875000000016
HC,RESTING,sub-11,-0.19631250000000477
HC,RESTING,sub-11,-0.13318749999999113
HC,RESTING,sub-11,-0.41418750000002547
HC,RESTING,sub-11,-0.21924999999998818
HC,RESTING,sub-11,0.2709375000000023
HC,RESTING,sub-11,0.30143750000002
HC,RESTING,sub-11,0.25162499999999
HC,RESTING,sub-11,-0.20125000000001592
HC,RESTING,sub-11,0.4995000000000118
HC,RESTING,sub-11,0.19881249999997408
HC,RESTING,sub-11,0.4504375000000209
HC,RESTING,sub-11,0.06537500000001728
HC,RESTING,sub-11,0.19512500000001864
HC,RESTING,sub-11,-0.31556249999999864
HC,RESTING,sub-11,-0.205562499999985
HC,RESTING,sub-11,0.4005000000000223
HC,RESTING,sub-11,-0.3868125000000191
HC,RESTING,sub-11,-0.22037499999999
HC,RESTING,sub-11,-0.05706249999997226
HC,RESTING,sub-11,0.14731249999999818
HC,RESTING,sub-11,0.4291875000000118
HC,RESTING,sub-11,0.036562500000002274
HC,RESTING,sub-11,0.17424999999997226
HC,RESTING,sub-11,-0.19031250000000455
HC,RESTING,sub-11,-0.1828750000000241
HC,RESTING,sub-11,-0.29137500000001637
HC,RESTING,sub-11,0.47424999999998363
HC,RESTING,sub-11,-0.27187500000002274
HC,RESTING,sub-11,-0.322749999999985
HC,RESTING,sub-11,0.16712499999999864
HC,RESTING,sub-11,-0.3978749999999991
HC,RESTING,sub-11,-0.35037499999998545
HC,RESTING,sub-11,0.33712500000001455
HC,RESTING,sub-11,0.3809375000000159
HC,RESTING,sub-11,0.40399999999999636
HC,RESTING,sub-11,-0.4030624999999759
HC,RESTING,sub-11,-0.48937499999999545
HC,RESTING,sub-11,0.24887499999999818
HC,RESTING,sub-11,-0.21081249999997453
HC,RESTING,sub-11,-0.14743750000002365
HC,RESTING,sub-11,-0.12056250000000546
HC,RESTING,sub-11,0.43574999999998454
HC,RESTING,sub-11,-0.09943750000002183
HC,RESTING,sub-11,0.4206249999999727
HC,RESTING,sub-11,-0.04824999999999591
HC,RESTING,sub-11,0.4689999999999941
HC,RESTING,sub-11,0.34362499999997453
HC,ODDBALL,sub-12,0.2729375000000003
HC,ODDBALL,sub-12,-0.08468749999999936
HC,ODDBALL,sub-12,0.4943124999999995
HC,ODDBALL,sub-12,0.02224999999999966
HC,ODDBALL,sub-12,0.015312500000000284
HC,ODDBALL,sub-12,0.2553750000000008
HC,ODDBALL,sub-12,0.13449999999999918
HC,ODDBALL,sub-12,0.2913749999999986
HC,ODDBALL,sub-12,0.12087499999999807
HC,ODDBALL,sub-12,-0.17156250000000028
HC,ODDBALL,sub-12,0.1532499999999999
HC,ODDBALL,sub-12,0.44193750000000165
HC,ODDBALL,sub-12,0.32237500000000097
HC,ODDBALL,sub-12,0.4903125000000017
HC,ODDBALL,sub-12,-0.18068749999999767
HC,ODDBALL,sub-12,0.28025000000000233
HC,ODDBALL,sub-12,-0.3628750000000025
HC,ODDBALL,sub-12,-0.35443750000000307
HC,ODDBALL,sub-12,-0.4240000000000066
HC,ODDBALL,sub-12,0.4288125000000065
HC,ODDBALL,sub-12,0.22593750000000057
HC,ODDBALL,sub-12,-0.4060000000000059
HC,ODDBALL,sub-12,0.22643750000000296
HC,ODDBALL,sub-12,0.3228124999999977
HC,ODDBALL,sub-12,-0.399249999999995
HC,ODDBALL,sub-12,-0.12137500000000045
HC,ODDBALL,sub-12,0.46893749999999557
HC,ODDBALL,sub-12,-0.40131250000000307
HC,ODDBALL,sub-12,-0.3578124999999943
HC,ODDBALL,sub-12,0.2998125000000016
HC,ODDBALL,sub-12,0.1015625
HC,ODDBALL,sub-12,-0.48775000000000546
HC,ODDBALL,sub-12,-0.3823124999999976
HC,ODDBALL,sub-12,-0.21318750000000364
HC,ODDBALL,sub-12,-0.020937500000002274
HC,ODDBALL,sub-12,-0.2580624999999941
HC,ODDBALL,sub-12,0.2966250000000059
HC,ODDBALL,sub-12,0.4375
HC,ODDBALL,sub-12,0.15418750000000614
HC,ODDBALL,sub-12,0.22412499999998658
HC,ODDBALL,sub-12,0.4743750000000091
HC,ODDBALL,sub-12,0.45243750000000205
HC,ODDBALL,sub-12,-0.31593749999998977
HC,ODDBALL,sub-12,-0.40906250000000455
HC,ODDBALL,sub-12,0.2666874999999891
HC,ODDBALL,sub-12,-0.18981249999998795
HC,ODDBALL,sub-12,0.31862499999999727
HC,ODDBALL,sub-12,0.2443749999999909
HC,ODDBALL,sub-12,0.4861874999999998
HC,ODDBALL,sub-12,-0.29024999999998613
HC,ODDBALL,sub-12,-0.2473124999999925
HC,ODDBALL,sub-12,-0.16806249999999068
HC,ODDBALL,sub-12,0.2901249999999891
HC,ODDBALL,sub-12,0.4278124999999875
HC,ODDBALL,sub-12,-0.2702500000000043
HC,ODDBALL,sub-12,0.47531250000000114
HC,ODDBALL,sub-12,0.35874999999998636
HC,ODDBALL,sub-12,-0.2666250000000048
HC,ODDBALL,sub-12,-0.4544999999999959
HC,ODDBALL,sub-12,-0.16343749999998636
HC,ODDBALL,sub-12,0.27956249999999727
HC,ODDBALL,sub-12,-0.24993749999998727
HC,ODDBALL,sub-12,-0.3909375000000068
HC,ODDBALL,sub-12,0.3909375000000068
HC,ODDBALL,sub-12,0.24693750000000136
HC,ODDBALL,sub-12,0.18518750000001205
HC,ODDBALL,sub-12,-0.20418749999998909
HC,ODDBALL,sub-12,0.29543749999999136
HC,ODDBALL,sub-12,-0.086749999999995
HC,ODDBALL,sub-12,-0.061187499999988404
HC,ODDBALL,sub-12,0.2200625000000116
HC,ODDBALL,sub-12,-0.06937500000000796
HC,ODDBALL,sub-12,-0.4435000000000002
HC,ODDBALL,sub-12,-0.3536875000000066
HC,ODDBALL,sub-12,0.20481250000000273
HC,ODDBALL,sub-12,0.2787500000000023
HC,ODDBALL,sub-12,0.11074999999999591
HC,ODDBALL,sub-12,-0.20350000000001955
HC,ODDBALL,sub-12,-0.42881249999999227
HC,ODDBALL,sub-12,0.38368750000000773
HC,ODDBALL,sub-12,-0.07699999999999818
HC,ODDBALL,sub-12,0.372562500000015
HC,ODDBALL,sub-12,0.19731250000000955
HC,ODDBALL,sub-12,-0.30243749999999636
HC,ODDBALL,sub-12,-0.15606250000001864
HC,ODDBALL,sub-12,-0.42606250000000045
HC,ODDBALL,sub-12,-0.27637499999997317
HC,ODDBALL,sub-12,-0.4786250000000223
HC,ODDBALL,sub-12,0.4666874999999777
HC,ODDBALL,sub-12,0.12406249999997954
HC,ODDBALL,sub-12,-0.09862500000002683
HC,ODDBALL,sub-12,-0.4277500000000032
HC,ODDBALL,sub-12,-0.3728125000000091
HC,ODDBALL,sub-12,-0.37574999999998226
HC,ODDBALL,sub-12,-0.4805625000000191
HC,ODDBALL,sub-12,-0.28437500000001137
HC,ODDBALL,sub-12,0.4121875000000159
HC,ODDBALL,sub-12,-0.3159375000000182
HC,ODDBALL,sub-12,-0.20274999999998045
HC,ODDBALL,sub-12,-0.13937499999997272
HC,ODDBALL,sub-12,-0.4125624999999786
HC,ODDBALL,sub-12,0.4356874999999718
HC,ODDBALL,sub-12,-0.0360625000000141
HC,ODDBALL,sub-12,0.10881249999999909
HC,ODDBALL,sub-12,-0.46187500000002046
HC,ODDBALL,sub-12,-0.048187499999983174
HC,ODDBALL,sub-12,-0.2574999999999932
HC,ODDBALL,sub-12,0.3206250000000068
HC,ODDBALL,sub-12,0.16818749999998772
HC,ODDBALL,sub-12,0.15331250000002683
HC,ODDBALL,sub-12,-0.49062500000002274
HC,ODDBALL,sub-12,0.40506249999998545
HC,ODDBALL,sub-12,-0.02693749999997408
HC,ODDBALL,sub-12,-0.08237500000001319
HC,ODDBALL,sub-12,0.4146250000000009
HC,ODDBALL,sub-12,-0.22931249999999181
HC,ODDBALL,sub-12,0.3926875000000223
HC,ODDBALL,sub-12,-0.48206249999998363
HC,ODDBALL,sub-12,0.19762500000001637
HC,ODDBALL,sub-12,-0.364750000000015
HC,ODDBALL,sub-12,0.08218749999997499
HC,ODDBALL,sub-12,0.06262500000002547
HC,ODDBALL,sub-12,0.35950000000002547
HC,ODDBALL,sub-12,-0.45637499999998
HC,ODDBALL,sub-12,0.42287499999997635
HC,ODDBALL,sub-12,0.46699999999998454
HC,ODDBALL,sub-12,0.21431250000000546
HC,ODDBALL,sub-12,0.36618750000002365
HC,ODDBALL,sub-12,-0.05518749999998818
HC,ODDBALL,sub-12,-0.17074999999999818
HC,ODDBALL,sub-12,0.017125000000021373
HC,ODDBALL,sub-12,0.4233750000000214
HC,ODDBALL,sub-12,-0.2550625000000082
HC,RESTING,sub-12,0.4365000000000001
HC,RESTING,sub-12,0.0966250000000004
HC,RESTING,sub-12,-0.4141874999999997
HC,RESTING,sub-12,-0.3754999999999997
HC,RESTING,sub-12,-0.12124999999999986
HC,RESTING,sub-12,-0.2534375000000004
HC,RESTING,sub-12,-0.04550000000000054
HC,RESTING,sub-12,0.13406250000000064
HC,RESTING,sub-12,-0.3103750000000005
HC,RESTING,sub-12,0.20481249999999918
HC,RESTING,sub-12,0.08006249999999682
HC,RESTING,sub-12,-0.014062500000001421
HC,RESTING,sub-12,-0.27487500000000153
HC,RESTING,sub-12,-0.14475000000000193
HC,RESTING,sub-12,0.1686249999999987
HC,RESTING,sub-12,0.4895624999999981
HC,RESTING,sub-12,0.49824999999999875
HC,RESTING,sub-12,0.4067500000000024
HC,RESTING,sub-12,0.19606249999999648
HC,RESTING,sub-12,-0.49018750000000466
HC,RESTING,sub-12,0.3528749999999974
HC,RESTING,sub-12,0.033687499999999204
HC,RESTING,sub-12,-0.46968750000000625
HC,RESTING,sub-12,-0.12006250000000307
HC,RESTING,sub-12,-0.026812500000005457
HC,RESTING,sub-12,-0.2748124999999959
HC,RESTING,sub-12,-0.3618125000000134
HC,RESTING,sub-12,-0.13824999999999932
HC,RESTING,sub-12,-0.1818749999999909
HC,RESTING,sub-12,-0.30943750000000136
HC,RESTING,sub-12,0.11731249999999704
HC,RESTING,sub-12,-0.1605000000000132
HC,RESTING,sub-12,0.3916250000000048
HC,RESTING,sub-12,0.19593750000001364
HC,RESTING,sub-12,-0.07525000000001114
HC,RESTING,sub-12,0.20324999999999704
HC,RESTING,sub-12,-0.47156250000000455
HC,RESTING,sub-12,-0.18918750000000273
HC,RESTING,sub-12,0.08868749999999181
HC,RESTING,sub-12,-0.14056249999998727
HC,RESTING,sub-12,-0.07781249999999318
HC,RESTING,sub-12,0.21868749999998727
HC,RESTING,sub-12,0.16937500000000227
HC,RESTING,sub-12,0.0061875000000100044
HC,RESTING,sub-12,-0.30306250000001
HC,RESTING,sub-12,0.3153750000000173
HC,RESTING,sub-12,-0.32956250000000864
HC,RESTING,sub-12,0.12518749999998136
HC,RESTING,sub-12,-0.27637499999997317
HC,RESTING,sub-12,0.3919374999999832
HC,RESTING,sub-12,-0.4786250000000223
HC,RESTING,sub-12,-0.385249999999985
HC,RESTING,sub-12,-0.4536875000000009
HC,RESTING,sub-12,0.08499999999997954
HC,RESTING,sub-12,-0.16387500000001864
HC,RESTING,sub-12,0.3268125000000168
HC,RESTING,sub-12,-0.039499999999975444
HC,RESTING,sub-12,-0.4094375000000241
HC,RESTING,sub-12,0.28649999999998954
HC,RESTING,sub-12,0.42675000000002683
HC,RESTING,sub-12,0.25612499999999727
HC,RESTING,sub-12,0.08749999999997726
HC,RESTING,sub-12,0.1428124999999909
HC,RESTING,sub-12,-0.086749999999995
HC,RESTING,sub-12,-0.41525000000001455
HC,RESTING,sub-12,-0.14962500000001455
HC,RESTING,sub-12,-0.05818749999997408
HC,RESTING,sub-12,-0.42525000000000546
HC,RESTING,sub-12,-0.0061249999999972715
HC,RESTING,sub-12,0.31506250000001046
HC,RESTING,sub-12,0.3189375000000041
HC,RESTING,sub-12,-0.19074999999998
HC,ODDBALL,sub-13,-0.4263125000000001
HC,ODDBALL,sub-13,0.3627499999999999
HC,ODDBALL,sub-13,0.16349999999999998
HC,ODDBALL,sub-13,-0.0235000000000003
HC,ODDBALL,sub-13,0.11837500000000034
HC,ODDBALL,sub-13,-0.19449999999999967
HC,ODDBALL,sub-13,0.3923124999999992
HC,ODDBALL,sub-13,-0.14268750000000097
HC,ODDBALL,sub-13,0.12024999999999864
HC,ODDBALL,sub-13,-0.3152499999999989
HC,ODDBALL,sub-13,0.2863125000000011
HC,ODDBALL,sub-13,0.31187500000000057
HC,ODDBALL,sub-13,0.3898750000000035
HC,ODDBALL,sub-13,0.48662499999999653
HC,ODDBALL,sub-13,0.20462500000000006
HC,ODDBALL,sub-13,0.4943124999999995
HC,ODDBALL,sub-13,-0.35281249999999886
HC,ODDBALL,sub-13,0.020375000000001364
HC,ODDBALL,sub-13,0.38756250000000136
HC,ODDBALL,sub-13,0.4460624999999965
HC,ODDBALL,sub-13,-0.1858750000000029
HC,ODDBALL,sub-13,-0.24993750000000148
HC,ODDBALL,sub-13,0.09581249999999386
HC,ODDBALL,sub-13,-0.3763124999999974
HC,ODDBALL,sub-13,0.2955625000000026
HC,ODDBALL,sub-13,-0.09306250000000205
HC,ODDBALL,sub-13,0.41474999999999795
HC,ODDBALL,sub-13,-0.4038125000000008
HC,ODDBALL,sub-13,-0.015625
HC,ODDBALL,sub-13,0.2866874999999993
HC,ODDBALL,sub-13,-0.14806249999999466
HC,ODDBALL,sub-13,-0.1904375000000016
HC,ODDBALL,sub-13,-0.2966874999999902
HC,ODDBALL,sub-13,0.4732500000000073
HC,ODDBALL,sub-13,-0.11474999999998658
HC,ODDBALL,sub-13,-0.14156249999999204
HC,ODDBALL,sub-13,0.47562500000000796
HC,ODDBALL,sub-13,-0.10831250000001091
HC,ODDBALL,sub-13,-0.048750000000012506
HC,ODDBALL,sub-13,-0.21812499999998636
HC,ODDBALL,sub-13,0.07156249999999886
HC,ODDBALL,sub-13,-0.06350000000000477
HC,ODDBALL,sub-13,-0.3793124999999975
HC,ODDBALL,sub-13,0.04043749999999591
HC,ODDBALL,sub-13,-0.2322499999999934
HC,ODDBALL,sub-13,-0.2427500000000009
HC,ODDBALL,sub-13,-0.18062499999999204
HC,ODDBALL,sub-13,-0.24612500000000637
HC,ODDBALL,sub-13,0.015562499999987267
HC,ODDBALL,sub-13,0.16162499999998658
HC,ODDBALL,sub-13,-0.33093750000000455
HC,ODDBALL,sub-13,-0.018437500000004547
HC,ODDBALL,sub-13,0.49718749999999545
HC,ODDBALL,sub-13,-0.31481249999998795
HC,ODDBALL,sub-13,-0.3448124999999891
HC,ODDBALL,sub-13,-0.3413124999999866
HC,ODDBALL,sub-13,-0.16981250000000614
HC,ODDBALL,sub-13,0.36887500000000273
HC,ODDBALL,sub-13,-0.08362500000001205
HC,ODDBALL,sub-13,-0.12600000000000477
HC,ODDBALL,sub-13,-0.3009999999999877
HC,ODDBALL,sub-13,-0.16656249999999773
HC,ODDBALL,sub-13,0.4038749999999993
HC,ODDBALL,sub-13,0.30381249999999227
HC,ODDBALL,sub-13,0.40106249999999477
HC,ODDBALL,sub-13,-0.1598124999999868
HC,ODDBALL,sub-13,0.04912500000000364
HC,ODDBALL,sub-13,-0.3574999999999875
HC,ODDBALL,sub-13,0.44387499999999136
HC,ODDBALL,sub-13,0.4961875000000191
HC,ODDBALL,sub-13,0.055124999999975444
HC,ODDBALL,sub-13,-0.41018750000000637
HC,ODDBALL,sub-13,-0.1349999999999909
HC,ODDBALL,sub-13,0.4096875000000182
HC,ODDBALL,sub-13,-0.3791249999999877
HC,ODDBALL,sub-13,-0.3833124999999882
HC,ODDBALL,sub-13,0.44824999999997317
HC,ODDBALL,sub-13,0.4375
HC,ODDBALL,sub-13,-0.1293749999999818
HC,ODDBALL,sub-13,0.20625000000001137
HC,ODDBALL,sub-13,-0.16912500000000819
HC,ODDBALL,sub-13,0.22706249999998818
HC,ODDBALL,sub-13,0.3341249999999718
HC,ODDBALL,sub-13,0.06512500000002319
HC,ODDBALL,sub-13,0.33918749999998
HC,ODDBALL,sub-13,-0.05324999999999136
HC,ODDBALL,sub-13,0.44675000000000864
HC,ODDBALL,sub-13,-0.24112500000001091
HC,ODDBALL,sub-13,-0.283687499999985
HC,ODDBALL,sub-13,-0.29806250000001455
HC,ODDBALL,sub-13,-0.3716875000000073
HC,ODDBALL,sub-13,0.22987499999999272
HC,ODDBALL,sub-13,-0.23043749999999363
HC,ODDBALL,sub-13,0.07768750000002456
HC,ODDBALL,sub-13,-0.21768750000001091
HC,ODDBALL,sub-13,0.3526249999999891
HC,ODDBALL,sub-13,-0.16956249999998363
HC,ODDBALL,sub-13,-0.005875000000003183
HC,ODDBALL,sub-13,-0.3761250000000018
HC,ODDBALL,sub-13,0.1610625000000141
HC,ODDBALL,sub-13,-0.32368750000000546
HC,ODDBALL,sub-13,0.43675000000001774
HC,ODDBALL,sub-13,-0.38206250000001774
HC,ODDBALL,sub-13,-0.4751875000000041
HC,ODDBALL,sub-13,-0.22443750000002183
HC,ODDBALL,sub-13,-0.164874999999995
HC,ODDBALL,sub-13,0.27968750000002274
HC,RESTING,sub-13,0.2533749999999999
HC,RESTING,sub-13,0.05424999999999969
HC,RESTING,sub-13,-0.35793750000000024
HC,RESTING,sub-13,-0.4791249999999998
HC,RESTING,sub-13,-0.10324999999999918
HC,RESTING,sub-13,-0.43431250000000077
HC,RESTING,sub-13,-0.114374999999999
HC,RESTING,sub-13,0.1508749999999992
HC,RESTING,sub-13,0.031562499999999716
HC,RESTING,sub-13,-0.16287499999999966
HC,RESTING,sub-13,-0.49631250000000193
HC,RESTING,sub-13,0.1842499999999987
HC,RESTING,sub-13,-0.4479375000000019
HC,RESTING,sub-13,-0.008187499999998238
HC,RESTING,sub-13,-0.04274999999999807
HC,RESTING,sub-13,0.4226249999999965
HC,RESTING,sub-13,0.2359999999999971
HC,RESTING,sub-13,-0.013375000000003467
HC,RESTING,sub-13,0.01331249999999784
HC,RESTING,sub-13,-0.28293750000000273
HC,RESTING,sub-13,-0.2788125000000008
HC,RESTING,sub-13,0.1118124999999992
HC,RESTING,sub-13,-0.036874999999994884
HC,RESTING,sub-13,-0.22475000000000023
HC,RESTING,sub-13,0.1430624999999992
HC,RESTING,sub-13,-0.020124999999993065
HC,RESTING,sub-13,-0.3486249999999984
HC,RESTING,sub-13,0.4178749999999951
HC,RESTING,sub-13,-0.22312499999999602
HC,RESTING,sub-13,-0.37812499999999716
HC,RESTING,sub-13,-0.3898750000000035
HC,RESTING,sub-13,-0.15862500000000068
HC,RESTING,sub-13,-0.10231249999999648
HC,RESTING,sub-13,-0.140625
HC,RESTING,sub-13,0.262062499999999
HC,RESTING,sub-13,0.4579999999999984
HC,RESTING,sub-13,0.11024999999999352
HC,RESTING,sub-13,0.4506875000000008
HC,RESTING,sub-13,0.3734374999999943
HC,RESTING,sub-13,0.33549999999999613
HC,RESTING,sub-13,-0.10918749999999022
HC,RESTING,sub-13,0.4579999999999984
HC,RESTING,sub-13,0.12331249999999727
HC,RESTING,sub-13,0.36625000000000796
HC,RESTING,sub-13,0.3079999999999927
HC,RESTING,sub-13,-0.19893749999999955
HC,RESTING,sub-13,0.18475000000000819
HC,RESTING,sub-13,-0.4315625000000125
HC,RESTING,sub-13,0.2988124999999968
HC,RESTING,sub-13,-0.25162499999999
HC,RESTING,sub-13,-0.49718749999999545
HC,RESTING,sub-13,-0.4331875000000025
HC,RESTING,sub-13,-0.11981249999999477
HC,RESTING,sub-13,-0.23312500000000114
HC,RESTING,sub-13,0.14693750000000705
HC,RESTING,sub-13,-0.40850000000000364
HC,RESTING,sub-13,-0.13343750000001364
HC,RESTING,sub-13,-0.23150000000001114
HC,RESTING,sub-13,0.3745000000000118
HC,RESTING,sub-13,0.28137499999999704
HC,RESTING,sub-13,0.4060000000000059
HC,RESTING,sub-13,0.3763749999999959
HC,RESTING,sub-13,-0.40856249999998795
HC,RESTING,sub-13,-0.38887500000001296
HC,RESTING,sub-13,0.38456249999998704
HC,RESTING,sub-13,-0.05912499999999454
HC,RESTING,sub-13,0.47212500000000546
HC,RESTING,sub-13,-0.43062499999999204
HC,RESTING,sub-13,-0.03131250000001273
HC,RESTING,sub-13,-0.22043750000000273
HC,RESTING,sub-13,0.264812500000005
HC,RESTING,sub-13,-0.18087499999998613
HC,RESTING,sub-13,0.32906249999999204
HC,RESTING,sub-13,0.01856250000000159
HC,RESTING,sub-13,0.15906250000000455
HC,RESTING,sub-13,-0.2931874999999877
HC,RESTING,sub-13,-0.21343749999999773
HC,RESTING,sub-13,0.2936249999999916
HC,RESTING,sub-13,-0.3036874999999952
HC,RESTING,sub-13,0.07687500000000114
HC,RESTING,sub-13,0.3645000000000209
HC,RESTING,sub-13,-0.3146874999999909
HC,RESTING,sub-13,-0.13437499999997726
HC,RESTING,sub-13,0.13031250000000227
HC,RESTING,sub-13,-0.1696875000000091
HC,RESTING,sub-13,0.3924375000000282
HC,RESTING,sub-13,-0.4576250000000073
HC,RESTING,sub-13,0.47168749999997317
HC,RESTING,sub-13,-0.484375
HC,RESTING,sub-13,-0.12156249999998181
HC,RESTING,sub-13,-0.3588750000000118
HC,RESTING,sub-13,0.40937500000001137
HC,RESTING,sub-13,-0.14793750000001182
HC,RESTING,sub-13,0.3676874999999882
HC,RESTING,sub-13,0.005625000000009095
HC,RESTING,sub-13,-0.3018124999999827
HC,RESTING,sub-13,0.23725000000001728
HC,RESTING,sub-13,-0.183749999999975
HC,RESTING,sub-13,-0.1362500000000182
HC,RESTING,sub-13,0.3873125000000073
HC,RESTING,sub-13,0.1309999999999718
HC,RESTING,sub-13,-0.18087500000001455
HC,RESTING,sub-13,-0.3801250000000209
HC,RESTING,sub-13,0.01831249999997908
HC,RESTING,sub-13,-0.18356249999999363
HC,RESTING,sub-13,-0.4089999999999918
HC,RESTING,sub-13,0.38450000000000273
HC,RESTING,sub-13,-0.2233749999999759
HC,RESTING,sub-13,0.07006250000000591
HC,RESTING,sub-13,0.36262499999998
HC,RESTING,sub-13,0.08968750000002501
HC,RESTING,sub-13,0.1276250000000232
HC,RESTING,sub-13,-0.40237500000000637
HC,RESTING,sub-13,0.42799999999999727
HC,RESTING,sub-13,-0.001062499999989086
HC,ODDBALL,sub-14,0.36793750000000003
HC,ODDBALL,sub-14,0.23662500000000009
HC,ODDBALL,sub-14,-0.17875000000000085
HC,ODDBALL,sub-14,0.4903750000000002
HC,ODDBALL,sub-14,0.4322499999999998
HC,ODDBALL,sub-14,-0.46493750000000134
HC,ODDBALL,sub-14,-0.3730625000000032
HC,ODDBALL,sub-14,-0.46293750000000244
HC,ODDBALL,sub-14,0.140625
HC,ODDBALL,sub-14,0.36568749999999994
HC,ODDBALL,sub-14,0.4859999999999971
HC,ODDBALL,sub-14,-0.0940000000000012
HC,ODDBALL,sub-14,-0.4898124999999993
HC,ODDBALL,sub-14,0.38968749999999375
HC,ODDBALL,sub-14,0.45812499999999545
HC,ODDBALL,sub-14,-0.3647500000000008
HC,ODDBALL,sub-14,0.3227499999999992
HC,ODDBALL,sub-14,-0.33337500000000375
HC,ODDBALL,sub-14,-0.49631250000000193
HC,ODDBALL,sub-14,0.3251249999999999
HC,ODDBALL,sub-14,-0.29056249999999295
HC,ODDBALL,sub-14,-0.44656249999999886
HC,ODDBALL,sub-14,-0.31262499999999704
HC,ODDBALL,sub-14,-0.4604374999999976
HC,ODDBALL,sub-14,-0.3321875000000034
HC,ODDBALL,sub-14,0.36099999999999
HC,ODDBALL,sub-14,0.36275000000000546
HC,ODDBALL,sub-14,-0.41312500000000796
HC,ODDBALL,sub-14,0.2958125000000109
HC,ODDBALL,sub-14,-0.19325000000000614
HC,ODDBALL,sub-14,0.19950000000000045
HC,ODDBALL,sub-14,-0.3787499999999966
HC,ODDBALL,sub-14,0.4230000000000018
HC,ODDBALL,sub-14,-0.10318749999999
HC,ODDBALL,sub-14,-0.12700000000000955
HC,ODDBALL,sub-14,-0.028500000000008185
HC,ODDBALL,sub-14,-0.13168749999999818
HC,ODDBALL,sub-14,0.3084374999999966
HC,ODDBALL,sub-14,-0.08143749999999272
HC,ODDBALL,sub-14,0.011625000000009322
HC,ODDBALL,sub-14,-0.39349999999998886
HC,ODDBALL,sub-14,0.2990624999999909
HC,ODDBALL,sub-14,-0.17425000000000068
HC,ODDBALL,sub-14,0.1376250000000141
HC,ODDBALL,sub-14,-0.02056250000001114
HC,ODDBALL,sub-14,-0.072749999999985
HC,ODDBALL,sub-14,-0.0018125000000281943
HC,ODDBALL,sub-14,-0.13737500000002
HC,ODDBALL,sub-14,-0.027375000000006366
HC,ODDBALL,sub-14,-0.18250000000000455
HC,ODDBALL,sub-14,0.05275000000000318
HC,ODDBALL,sub-14,-0.31875000000002274
HC,ODDBALL,sub-14,-0.051625000000001364
HC,ODDBALL,sub-14,-0.08981249999999363
HC,ODDBALL,sub-14,0.1411875000000009
HC,ODDBALL,sub-14,0.0360625000000141
HC,ODDBALL,sub-14,0.26012500000001637
HC,ODDBALL,sub-14,0.36618750000002365
HC,ODDBALL,sub-14,-0.3999375000000214
HC,ODDBALL,sub-14,-0.24318749999997635
HC,ODDBALL,sub-14,0.17918750000001182
HC,ODDBALL,sub-14,-0.030250000000023647
HC,ODDBALL,sub-14,-0.45731250000000045
HC,ODDBALL,sub-14,0.4137499999999932
HC,ODDBALL,sub-14,-0.38437499999997726
HC,ODDBALL,sub-14,0.45168749999999136
HC,ODDBALL,sub-14,-0.3949999999999818
HC,ODDBALL,sub-14,-0.06900000000001683
HC,ODDBALL,sub-14,-0.497562500000015
HC,ODDBALL,sub-14,-0.41931249999998954
HC,ODDBALL,sub-14,-0.375
HC,ODDBALL,sub-14,0.484375
HC,ODDBALL,sub-14,0.27306249999998045
HC,ODDBALL,sub-14,-0.4165624999999977
HC,ODDBALL,sub-14,-0.32737500000001774
HC,ODDBALL,sub-14,0.2987499999999841
HC,ODDBALL,sub-14,-0.18412499999999454
HC,ODDBALL,sub-14,0.4649375000000191
HC,ODDBALL,sub-14,0.390625
HC,ODDBALL,sub-14,0.46837499999998045
HC,ODDBALL,sub-14,-0.4798749999999927
HC,ODDBALL,sub-14,0.4895000000000209
HC,ODDBALL,sub-14,0.3136250000000018
HC,ODDBALL,sub-14,0.1075624999999718
HC,ODDBALL,sub-14,0.048499999999989996
HC,ODDBALL,sub-14,-0.23456249999998136
HC,ODDBALL,sub-14,-0.28381250000001046
HC,RESTING,sub-14,-0.33431250000000023
HC,RESTING,sub-14,0.4788125000000001
HC,RESTING,sub-14,0.003812499999998664
HC,RESTING,sub-14,-0.09812499999999957
HC,RESTING,sub-14,-0.28762499999999847
HC,RESTING,sub-14,0.03281249999999858
HC,RESTING,sub-14,-0.2400624999999934
HC,RESTING,sub-14,-0.42012499999999875
HC,RESTING,sub-14,0.042062500000000114
HC,RESTING,sub-14,0.24212500000000148
HC,RESTING,sub-14,0.04743750000000091
HC,RESTING,sub-14,0.28918749999999704
HC,RESTING,sub-14,0.1481875000000059
HC,RESTING,sub-14,0.004562500000005798
HC,RESTING,sub-14,0.20187500000000114
HC,RESTING,sub-14,-0.40362500000000523
HC,RESTING,sub-14,0.47918749999999477
HC,RESTING,sub-14,0.23399999999999466
HC,RESTING,sub-14,-0.048187500000011596
HC,RESTING,sub-14,0.3580624999999884
HC,RESTING,sub-14,-0.45381249999999795
HC,RESTING,sub-14,-0.14131249999999795
HC,RESTING,sub-14,-0.039749999999997954
HC,RESTING,sub-14,0.24150000000000205
HC,RESTING,sub-14,-0.4385624999999891
HC,RESTING,sub-14,-0.2823124999999891
HC,RESTING,sub-14,-0.012187500000010232
HC,RESTING,sub-14,-0.4256249999999966
HC,RESTING,sub-14,0.4884375000000034
HC,RESTING,sub-14,0.1646250000000009
HC,RESTING,sub-14,0.3615624999999909
HC,RESTING,sub-14,0.18149999999999977
HC,RESTING,sub-14,-0.013187499999986585
HC,RESTING,sub-14,0.11231250000000159
HC,RESTING,sub-14,0.01818750000001046
HC,RESTING,sub-14,-0.17549999999999955
HC,RESTING,sub-14,-0.21006249999999227
HC,RESTING,sub-14,-0.4604375000000118
HC,RESTING,sub-14,-0.4754374999999982
HC,RESTING,sub-14,0.45268749999999613
HC,RESTING,sub-14,0.3710000000000093
HC,RESTING,sub-14,-0.3283749999999941
HC,RESTING,sub-14,0.23099999999999454
HC,RESTING,sub-14,-0.08087499999999181
HC,RESTING,sub-14,-0.15937500000001137
HC,RESTING,sub-14,-0.16568749999999
HC,RESTING,sub-14,-0.3447500000000048
HC,RESTING,sub-14,0.48443750000001273
HC,RESTING,sub-14,0.19499999999999318
HC,RESTING,sub-14,-0.11525000000000318
HC,RESTING,sub-14,0.19468749999998636
HC,RESTING,sub-14,0.10837500000002365
HC,RESTING,sub-14,0.010625000000004547
HC,RESTING,sub-14,-0.3908749999999941
HC,RESTING,sub-14,0.3122500000000059
HC,RESTING,sub-14,-0.022062500000004093
HC,RESTING,sub-14,-0.18650000000002365
HC,RESTING,sub-14,-0.34212500000001
HC,RESTING,sub-14,-0.4572499999999877
HC,RESTING,sub-14,0.03493750000001228
HC,RESTING,sub-14,-0.24931249999997362
HC,RESTING,sub-14,0.4935624999999959
HC,RESTING,sub-14,-0.15625
HC,RESTING,sub-14,0.4185625000000073
HC,RESTING,sub-14,0.2941875000000209
HC,ODDBALL,sub-15,0.4504999999999999
HC,ODDBALL,sub-15,0.2916249999999998
HC,ODDBALL,sub-15,0.424687500000001
HC,ODDBALL,sub-15,-0.3150000000000013
HC,ODDBALL,sub-15,0.29749999999999943
HC,ODDBALL,sub-15,0.16743749999999835
HC,ODDBALL,sub-15,0.37975000000000136
HC,ODDBALL,sub-15,0.37700000000000244
HC,ODDBALL,sub-15,-0.39531250000000284
HC,ODDBALL,sub-15,-0.07050000000000267
HC,ODDBALL,sub-15,-0.49524999999999864
HC,ODDBALL,sub-15,-0.13893749999999727
HC,ODDBALL,sub-15,-0.44575000000000387
HC,ODDBALL,sub-15,0.2936250000000058
HC,ODDBALL,sub-15,-0.21987500000000182
HC,ODDBALL,sub-15,0.4170000000000016
HC,ODDBALL,sub-15,0.359375
HC,ODDBALL,sub-15,0.016374999999996476
HC,ODDBALL,sub-15,-0.04487500000000466
HC,ODDBALL,sub-15,0.40131250000000307
HC,ODDBALL,sub-15,-0.5
HC,ODDBALL,sub-15,0.21543749999999307
HC,ODDBALL,sub-15,0.14712500000000261
HC,ODDBALL,sub-15,-0.3165625000000034
HC,ODDBALL,sub-15,0.434062499999996
HC,ODDBALL,sub-15,-0.1670000000000016
HC,ODDBALL,sub-15,0.010249999999999204
HC,ODDBALL,sub-15,-0.1995625000000132
HC,ODDBALL,sub-15,0.43893750000000864
HC,ODDBALL,sub-15,-0.4199375000000032
HC,ODDBALL,sub-15,-0.3445000000000107
HC,ODDBALL,sub-15,-0.24606249999999363
HC,ODDBALL,sub-15,0.14150000000000773
HC,ODDBALL,sub-15,0.15081250000000068
HC,ODDBALL,sub-15,0.17474999999998886
HC,ODDBALL,sub-15,0.4857499999999959
HC,ODDBALL,sub-15,-0.044749999999993406
HC,ODDBALL,sub-15,0.2365000000000066
HC,ODDBALL,sub-15,0.3623749999999859
HC,ODDBALL,sub-15,0.09343749999999318
HC,ODDBALL,sub-15,0.49718749999999545
HC,ODDBALL,sub-15,0.43581249999999727
HC,ODDBALL,sub-15,0.18287499999999568
HC,ODDBALL,sub-15,0.18993750000001342
HC,ODDBALL,sub-15,-0.2503125000000068
HC,ODDBALL,sub-15,-0.19868750000000546
HC,ODDBALL,sub-15,0.3392499999999927
HC,ODDBALL,sub-15,-0.3477499999999907
HC,ODDBALL,sub-15,-0.1560000000000059
HC,ODDBALL,sub-15,-0.41418749999999704
HC,ODDBALL,sub-15,0.28893750000000296
HC,ODDBALL,sub-15,-0.19162499999998772
HC,ODDBALL,sub-15,0.11468750000000227
HC,ODDBALL,sub-15,-0.4679999999999893
HC,ODDBALL,sub-15,0.3685624999999959
HC,ODDBALL,sub-15,-0.48612499999998704
HC,ODDBALL,sub-15,0.35468750000001137
HC,ODDBALL,sub-15,0.15987499999999955
HC,ODDBALL,sub-15,0.4064999999999941
HC,ODDBALL,sub-15,-0.049062499999990905
HC,ODDBALL,sub-15,-0.27962500000001
HC,ODDBALL,sub-15,0.38443749999999
HC,ODDBALL,sub-15,0.3464999999999918
HC,ODDBALL,sub-15,-0.2815625000000068
HC,ODDBALL,sub-15,0.13756250000000136
HC,ODDBALL,sub-15,0.13487499999999386
HC,ODDBALL,sub-15,-0.19843750000001137
HC,ODDBALL,sub-15,-0.15825000000000955
HC,ODDBALL,sub-15,-0.26600000000001955
HC,ODDBALL,sub-15,0.35899999999998045
HC,ODDBALL,sub-15,-0.2943750000000023
HC,ODDBALL,sub-15,-0.291499999999985
HC,ODDBALL,sub-15,0.450687500000015
HC,ODDBALL,sub-15,-0.11762499999997544
HC,ODDBALL,sub-15,-0.038374999999973625
HC,ODDBALL,sub-15,0.22006249999998317
HC,ODDBALL,sub-15,-0.26924999999999955
HC,ODDBALL,sub-15,-0.4676875000000109
HC,ODDBALL,sub-15,0.09931249999999636
HC,ODDBALL,sub-15,0.05712499999998499
HC,ODDBALL,sub-15,-0.023062499999980446
HC,ODDBALL,sub-15,-0.10093749999998636
HC,ODDBALL,sub-15,0.49900000000002365
HC,ODDBALL,sub-15,0.12849999999997408
HC,ODDBALL,sub-15,-0.2221875000000182
HC,ODDBALL,sub-15,0.48537499999997635
HC,ODDBALL,sub-15,-0.3184375000000159
HC,ODDBALL,sub-15,-0.13487500000002228
HC,ODDBALL,sub-15,0.09006249999998772
HC,ODDBALL,sub-15,-0.20949999999999136
HC,ODDBALL,sub-15,-0.25156249999997726
HC,ODDBALL,sub-15,0.021500000000003183
HC,ODDBALL,sub-15,-0.24175000000002456
HC,ODDBALL,sub-15,0.07425000000000637
HC,ODDBALL,sub-15,-0.19681250000002137
HC,ODDBALL,sub-15,-0.15724999999997635
HC,RESTING,sub-15,0.05512499999999987
HC,RESTING,sub-15,-0.36287499999999984
HC,RESTING,sub-15,-0.3470000000000004
HC,RESTING,sub-15,0.0364374999999999
HC,RESTING,sub-15,-0.19087500000000013
HC,RESTING,sub-15,-0.3564375000000002
HC,RESTING,sub-15,0.15943749999999923
HC,RESTING,sub-15,0.4175000000000004
HC,RESTING,sub-15,0.45362499999999883
HC,RESTING,sub-15,0.18850000000000122
HC,RESTING,sub-15,0.08381250000000051
HC,RESTING,sub-15,0.01899999999999835
HC,RESTING,sub-15,-0.02406249999999943
HC,RESTING,sub-15,0.09637500000000188
HC,RESTING,sub-15,-0.162687499999997
HC,RESTING,sub-15,-0.4316249999999968
HC,RESTING,sub-15,-0.0019374999999968168
HC,RESTING,sub-15,0.041562499999997726
HC,RESTING,sub-15,0.010937499999997158
HC,RESTING,sub-15,-0.1101875000000021
HC,RESTING,sub-15,0.03887499999999733
HC,RESTING,sub-15,0.37081249999999955
HC,RESTING,sub-15,-0.07424999999999926
HC,RESTING,sub-15,-0.045562500000002615
HC,RESTING,sub-15,-0.16712499999999864
HC,RESTING,sub-15,-0.1821249999999992
HC,RESTING,sub-15,0.24037500000000023
HC,RESTING,sub-15,-0.11512499999999903
HC,RESTING,sub-15,-0.2513124999999974
HC,RESTING,sub-15,0.17900000000000205
HC,RESTING,sub-15,-0.08993750000000489
HC,RESTING,sub-15,-0.004374999999996021
HC,RESTING,sub-15,0.008875000000003297
HC,RESTING,sub-15,0.37568749999999795
HC,RESTING,sub-15,-0.3157499999999942
HC,RESTING,sub-15,-0.21656249999999488
HC,RESTING,sub-15,0.07993749999999977
HC,RESTING,sub-15,-0.04418750000000671
HC,RESTING,sub-15,-0.09081249999999841
HC,RESTING,sub-15,0.07850000000000534
HC,RESTING,sub-15,-0.0078125
HC,RESTING,sub-15,0.04287499999999511
HC,RESTING,sub-15,0.4413124999999951
HC,RESTING,sub-15,-0.377750000000006
HC,RESTING,sub-15,-0.21018750000000352
HC,RESTING,sub-15,-0.26006250000000364
HC,RESTING,sub-15,0.24774999999999636
HC,RESTING,sub-15,-0.20893750000000466
HC,RESTING,sub-15,-0.3968124999999958
HC,RESTING,sub-15,-0.1858749999999958
HC,RESTING,sub-15,-0.15375000000000227
HC,RESTING,sub-15,-0.2736874999999941
HC,RESTING,sub-15,0.45350000000000534
HC,RESTING,sub-15,-0.17906250000000057
HC,RESTING,sub-15,0.30137499999999307
HC,RESTING,sub-15,-0.49737500000000523
HC,RESTING,sub-15,0.42449999999999477
HC,RESTING,sub-15,-0.19625000000000625
HC,RESTING,sub-15,0.31937499999999375
HC,RESTING,sub-15,0.24600000000000932
HC,RESTING,sub-15,0.21324999999998795
HC,RESTING,sub-15,0.4003749999999968
HC,RESTING,sub-15,0.4370000000000118
HC,RESTING,sub-15,-0.31637499999999363
HC,RESTING,sub-15,-0.3701874999999859
HC,RESTING,sub-15,0.1688750000000141
HC,RESTING,sub-15,-0.04599999999999227
HC,RESTING,sub-15,0.3650624999999934
HC,RESTING,sub-15,0.40475000000000705
HC,RESTING,sub-15,-0.3491874999999993
HC,RESTING,sub-15,-0.4733124999999916
HC,RESTING,sub-15,0.2532500000000084
HC,RESTING,sub-15,-0.19243750000001114
HC,RESTING,sub-15,0.47943749999998886
HC,RESTING,sub-15,0.046750000000002956
HC,RESTING,sub-15,0.3354375000000118
HC,RESTING,sub-15,0.32824999999999704
HC,RESTING,sub-15,0.26625000000001364
HC,RESTING,sub-15,0.017500000000012506
HC,RESTING,sub-15,-0.2863125000000082
HC,RESTING,sub-15,0.4089999999999918
HC,RESTING,sub-15,-0.4032500000000141
HC,RESTING,sub-15,-0.05562499999999204
HC,RESTING,sub-15,-0.18274999999999864
HC,RESTING,sub-15,-0.34656250000000455
HC,RESTING,sub-15,-0.09531250000000568
HC,RESTING,sub-15,0.12818749999999568
HC,RESTING,sub-15,-0.3814999999999884
HC,RESTING,sub-15,0.39156249999999204
HC,RESTING,sub-15,-0.2416249999999991
HC,RESTING,sub-15,-0.1670624999999859
HC,RESTING,sub-15,-0.27681250000000546
HC,RESTING,sub-15,0.03293750000000273
HC,RESTING,sub-15,0.23025000000001228
HC,RESTING,sub-15,-0.2603124999999977
HC,RESTING,sub-15,0.2513749999999959
HC,RESTING,sub-15,0.0654999999999859
HC,RESTING,sub-15,0.18468749999999545
HC,RESTING,sub-15,0.15093749999999773
HC,RESTING,sub-15,0.26143749999999955
HC,RESTING,sub-15,0.16612499999999386
HC,RESTING,sub-15,-0.17206249999998136
HC,RESTING,sub-15,0.027375000000006366
HC,RESTING,sub-15,0.28981249999998226
HC,RESTING,sub-15,-0.31412499999999
HC,RESTING,sub-15,-0.46056249999998045
HC,RESTING,sub-15,-0.48349999999999227
HC,RESTING,sub-15,0.01018749999997226
HC,RESTING,sub-15,-0.22331250000002
HC,RESTING,sub-15,0.2919375000000173
HC,RESTING,sub-15,0.06499999999999773
HC,RESTING,sub-15,0.4318749999999909
HC,RESTING,sub-15,-0.24337500000001455
HC,RESTING,sub-15,0.4690625000000068
HC,RESTING,sub-15,-0.40850000000000364
HC,RESTING,sub-15,0.18524999999999636
HC,RESTING,sub-15,0.0813125000000241
HC,RESTING,sub-15,-0.42906249999998636
HC,RESTING,sub-15,-0.016875000000027285
HC,RESTING,sub-15,-0.03968750000001364
HC,RESTING,sub-15,-0.27443749999997635
HC,RESTING,sub-15,0.28025000000002365
HC,RESTING,sub-15,-0.4310624999999959
HC,RESTING,sub-15,0.1419999999999959
HC,RESTING,sub-15,-0.045000000000015916
HC,RESTING,sub-15,-0.17493749999999864
HC,RESTING,sub-15,0.453937499999995
HC,RESTING,sub-15,-0.48393750000002456
HC,RESTING,sub-15,-0.4404999999999859
HC,RESTING,sub-15,0.4158750000000282
HC,RESTING,sub-15,0.2147499999999809
HC,ODDBALL,sub-16,0.052000000000000046
HC,ODDBALL,sub-16,0.1306250000000002
HC,ODDBALL,sub-16,-0.16174999999999962
HC,ODDBALL,sub-16,0.45206250000000026
HC,ODDBALL,sub-16,-0.1558124999999997
HC,ODDBALL,sub-16,-0.10806249999999906
HC,ODDBALL,sub-16,-0.3119374999999991
HC,ODDBALL,sub-16,0.06731249999999989
HC,ODDBALL,sub-16,-0.018000000000000682
HC,ODDBALL,sub-16,-0.15800000000000125
HC,ODDBALL,sub-16,0.05256250000000051
HC,ODDBALL,sub-16,-0.028562499999999602
HC,ODDBALL,sub-16,0.08924999999999983
HC,ODDBALL,sub-16,-0.28968749999999943
HC,ODDBALL,sub-16,-0.06650000000000134
HC,ODDBALL,sub-16,-0.3276249999999976
HC,ODDBALL,sub-16,0.306062500000003
HC,ODDBALL,sub-16,-0.3226875000000007
HC,ODDBALL,sub-16,0.09300000000000352
HC,ODDBALL,sub-16,0.30024999999999835
HC,ODDBALL,sub-16,-0.402000000000001
HC,ODDBALL,sub-16,0.25124999999999886
HC,ODDBALL,sub-16,-0.2573124999999976
HC,ODDBALL,sub-16,-0.2211874999999992
HC,ODDBALL,sub-16,-0.28706249999999756
HC,ODDBALL,sub-16,-0.4784999999999968
HC,ODDBALL,sub-16,-0.4350000000000023
HC,ODDBALL,sub-16,-0.36762499999999676
HC,ODDBALL,sub-16,0.44112499999999955
HC,ODDBALL,sub-16,-0.49906249999999375
HC,ODDBALL,sub-16,0.29481250000000614
HC,ODDBALL,sub-16,0.029437500000000227
HC,ODDBALL,sub-16,-0.31725000000000136
HC,ODDBALL,sub-16,0.46781249999999375
HC,ODDBALL,sub-16,-0.42168750000000443
HC,ODDBALL,sub-16,0.09881249999999397
HC,ODDBALL,sub-16,-0.13531249999999773
HC,ODDBALL,sub-16,-0.24025000000000318
HC,ODDBALL,sub-16,-0.3617500000000007
HC,ODDBALL,sub-16,-0.4698750000000018
HC,ODDBALL,sub-16,0.4760624999999976
HC,ODDBALL,sub-16,0.31287500000000534
HC,ODDBALL,sub-16,0.31693749999999454
HC,ODDBALL,sub-16,-0.3588749999999976
HC,ODDBALL,sub-16,0.28681249999999636
HC,ODDBALL,sub-16,0.4905624999999958
HC,ODDBALL,sub-16,0.49506250000000307
HC,ODDBALL,sub-16,0.2260624999999976
HC,ODDBALL,sub-16,0.488749999999996
HC,ODDBALL,sub-16,0.11337500000000489
HC,ODDBALL,sub-16,0.016874999999998863
HC,ODDBALL,sub-16,0.3534374999999983
HC,ODDBALL,sub-16,-0.33799999999999386
HC,ODDBALL,sub-16,0.4278750000000002
HC,ODDBALL,sub-16,0.05500000000000682
HC,ODDBALL,sub-16,0.10931250000000148
HC,ODDBALL,sub-16,-0.34987499999999727
HC,ODDBALL,sub-16,0.37668750000000273
HC,ODDBALL,sub-16,0.35768749999999727
HC,ODDBALL,sub-16,0.3041249999999991
HC,ODDBALL,sub-16,-0.3903124999999932
HC,ODDBALL,sub-16,-0.11625000000000796
HC,ODDBALL,sub-16,-0.39993749999999295
HC,ODDBALL,sub-16,0.0840624999999875
HC,ODDBALL,sub-16,0.38537500000001046
HC,ODDBALL,sub-16,0.2726874999999893
HC,ODDBALL,sub-16,-0.0191250000000025
HC,ODDBALL,sub-16,-0.4283125000000041
HC,ODDBALL,sub-16,0.4463125000000048
HC,ODDBALL,sub-16,-0.22831249999998704
HC,ODDBALL,sub-16,0.17037500000000705
HC,ODDBALL,sub-16,0.3623749999999859
HC,ODDBALL,sub-16,-0.050812500000006366
HC,ODDBALL,sub-16,-0.18993750000001342
HC,ODDBALL,sub-16,-0.3703749999999957
HC,ODDBALL,sub-16,-0.4937500000000057
HC,ODDBALL,sub-16,-0.2793749999999875
HC,ODDBALL,sub-16,0.3270625000000109
HC,ODDBALL,sub-16,-0.28568749999999454
HC,ODDBALL,sub-16,-0.48318750000001387
HC,ODDBALL,sub-16,0.2946875000000091
HC,ODDBALL,sub-16,-0.3716875000000073
HC,ODDBALL,sub-16,0.3859999999999957
HC,ODDBALL,sub-16,-0.4494374999999877
HC,ODDBALL,sub-16,-0.40106249999999477
HC,ODDBALL,sub-16,-0.25868750000000773
HC,ODDBALL,sub-16,-0.020000000000010232
HC,ODDBALL,sub-16,-0.13081249999999045
HC,ODDBALL,sub-16,-0.013374999999996362
HC,ODDBALL,sub-16,0.2566874999999982
HC,ODDBALL,sub-16,-0.2941250000000082
HC,ODDBALL,sub-16,-0.09337500000000887
HC,ODDBALL,sub-16,-0.4798749999999927
HC,ODDBALL,sub-16,-0.3855000000000075
HC,ODDBALL,sub-16,0.4855000000000018
HC,ODDBALL,sub-16,0.3731875000000002
HC,ODDBALL,sub-16,0.09537499999999
HC,ODDBALL,sub-16,-0.44874999999998977
HC,ODDBALL,sub-16,0.39887500000000387
HC,ODDBALL,sub-16,0.3057499999999891
HC,ODDBALL,sub-16,0.29518749999999727
HC,ODDBALL,sub-16,0.07693749999998545
HC,ODDBALL,sub-16,0.48393750000002456
HC,ODDBALL,sub-16,-0.3074374999999918
HC,ODDBALL,sub-16,-0.2993749999999977
HC,ODDBALL,sub-16,-0.4355625000000032
HC,ODDBALL,sub-16,0.3386249999999791
HC,ODDBALL,sub-16,0.2421875
HC,ODDBALL,sub-16,-0.22456249999999045
HC,ODDBALL,sub-16,-0.2807500000000118
HC,ODDBALL,sub-16,0.024812499999995907
HC,ODDBALL,sub-16,-0.12374999999997272
HC,ODDBALL,sub-16,0.03449999999997999
HC,ODDBALL,sub-16,-0.49225000000001273
HC,ODDBALL,sub-16,-0.291499999999985
HC,ODDBALL,sub-16,0.4824375000000032
HC,ODDBALL,sub-16,-0.14206250000000864
HC,ODDBALL,sub-16,-0.083500000000015
HC,ODDBALL,sub-16,0.34381250000001273
HC,ODDBALL,sub-16,-0.4166875000000232
HC,ODDBALL,sub-16,0.36056250000001455
HC,ODDBALL,sub-16,-0.3885624999999777
HC,ODDBALL,sub-16,0.26793750000001637
HC,ODDBALL,sub-16,-0.06312500000001364
HC,ODDBALL,sub-16,0.4875625000000241
HC,ODDBALL,sub-16,-0.15575000000001182
HC,ODDBALL,sub-16,0.27356250000002547
HC,ODDBALL,sub-16,0.005187499999976808
HC,ODDBALL,sub-16,0.2860625000000141
HC,ODDBALL,sub-16,-0.037187500000015916
HC,ODDBALL,sub-16,0.2593125000000214
HC,ODDBALL,sub-16,-0.2981250000000273
HC,ODDBALL,sub-16,-0.18006250000001955
HC,ODDBALL,sub-16,-0.28431249999999864
HC,ODDBALL,sub-16,0.38049999999998363
HC,ODDBALL,sub-16,-0.46487500000000637
HC,ODDBALL,sub-16,0.4224375000000009
HC,ODDBALL,sub-16,0.41250000000002274
HC,ODDBALL,sub-16,-0.3841249999999832
HC,ODDBALL,sub-16,-0.08612499999998136
HC,ODDBALL,sub-16,-0.4914999999999736
HC,RESTING,sub-16,-0.34643749999999995
HC,RESTING,sub-16,-0.018687499999999968
HC,RESTING,sub-16,0.4308749999999999
HC,RESTING,sub-16,0.4431250000000002
HC,RESTING,sub-16,0.16300000000000026
HC,RESTING,sub-16,0.4744375000000005
HC,RESTING,sub-16,-0.39906249999999943
HC,RESTING,sub-16,0.027249999999998664
HC,RESTING,sub-16,-0.18762499999999704
HC,RESTING,sub-16,-0.2416874999999976
HC,RESTING,sub-16,0.3725000000000023
HC,RESTING,sub-16,-0.014249999999996987
HC,RESTING,sub-16,-0.0328749999999971
HC,RESTING,sub-16,0.39643749999999756
HC,RESTING,sub-16,0.4758125000000035
HC,RESTING,sub-16,-0.2505000000000024
HC,RESTING,sub-16,0.12837499999999835
HC,RESTING,sub-16,-0.339500000000001
HC,RESTING,sub-16,-0.3198124999999976
HC,RESTING,sub-16,0.4711250000000007
HC,RESTING,sub-16,-0.13812500000000227
HC,RESTING,sub-16,-0.40262500000000045
HC,RESTING,sub-16,-0.28812499999999375
HC,RESTING,sub-16,0.0835000000000008
HC,RESTING,sub-16,-0.20787500000000136
HC,RESTING,sub-16,-0.3763124999999974
HC,RESTING,sub-16,-0.42950000000000443
HC,RESTING,sub-16,-0.47968749999999716
HC,RESTING,sub-16,0.2753749999999968
HC,RESTING,sub-16,-0.23512499999999648
HC,RESTING,sub-16,0.39074999999999704
HC,RESTING,sub-16,-0.03125
HC,RESTING,sub-16,0.3719999999999999
HC,RESTING,sub-16,0.10599999999999454
HC,RESTING,sub-16,-0.34600000000000364
HC,RESTING,sub-16,-0.04043749999999591
HC,RESTING,sub-16,0.06499999999999773
HC,RESTING,sub-16,0.05418749999999761
HC,RESTING,sub-16,0.47668749999999704
HC,RESTING,sub-16,-0.1913124999999951
HC,RESTING,sub-16,0.2978750000000048
HC,RESTING,sub-16,0.07156249999999886
HC,RESTING,sub-16,-0.16575000000000273
HC,RESTING,sub-16,0.09168750000000614
HC,RESTING,sub-16,-0.2752499999999998
HC,RESTING,sub-16,0.1126249999999942
HC,RESTING,sub-16,-0.3199999999999932
HC,RESTING,sub-16,-0.4219374999999985
HC,RESTING,sub-16,0.08549999999999613
HC,RESTING,sub-16,-0.2922499999999957
HC,RESTING,sub-16,-0.09268750000001091
HC,RESTING,sub-16,0.18137500000000273
HC,RESTING,sub-16,-0.35325000000000273
HC,RESTING,sub-16,0.08387500000000614
HC,RESTING,sub-16,0.303875000000005
HC,RESTING,sub-16,-0.04743750000000091
HC,RESTING,sub-16,0.3005625000000123
HC,RESTING,sub-16,-0.24187499999999318
HC,RESTING,sub-16,-0.4056874999999991
HC,RESTING,sub-16,0.41524999999998613
HC,RESTING,sub-16,-0.49368749999999295
HC,RESTING,sub-16,-0.13806249999998954
HC,RESTING,sub-16,-0.24631249999998772
HC,RESTING,sub-16,0.11037500000000477
HC,RESTING,sub-16,-0.1271250000000066
HC,RESTING,sub-16,-0.3876250000000141
HC,RESTING,sub-16,-0.3714999999999975
HC,RESTING,sub-16,-0.33899999999999864
HC,RESTING,sub-16,0.09912499999998658
HC,RESTING,sub-16,0.06387499999999591
HC,RESTING,sub-16,-0.48212499999999636
HC,RESTING,sub-16,0.48662500000000364
HC,RESTING,sub-16,0.4087499999999977
HC,RESTING,sub-16,-0.04349999999999454
HC,RESTING,sub-16,0.4102499999999907
HC,RESTING,sub-16,0.1292500000000132
HC,RESTING,sub-16,-0.4486249999999927
HC,RESTING,sub-16,-0.0573750000000075
HC,RESTING,sub-16,-0.10818750000001387
HC,RESTING,sub-16,-0.4553124999999909
HC,RESTING,sub-16,0.2796874999999943
HC,RESTING,sub-16,-0.4029375000000073
HC,RESTING,sub-16,-0.09081249999999841
HC,RESTING,sub-16,0.3234999999999957
HC,RESTING,sub-16,-0.10893749999999613
HC,RESTING,sub-16,0.4818750000000023
HC,RESTING,sub-16,-0.2707499999999925
HC,RESTING,sub-16,-0.34499999999999886
HC,RESTING,sub-16,0.28543750000000045
HC,RESTING,sub-16,0.48781249999998977
HC,RESTING,sub-16,-0.2642500000000041
HC,RESTING,sub-16,0.08393749999999045
HC,RESTING,sub-16,0.014499999999998181
HC,RESTING,sub-16,-0.12225000000000819
HC,RESTING,sub-16,0.25818749999999113
HC,RESTING,sub-16,0.41368750000000887
HC,RESTING,sub-16,-0.1433125000000075
HC,RESTING,sub-16,-0.26387500000001296
HC,RESTING,sub-16,-0.34993750000001
HC,RESTING,sub-16,-0.11431250000001114
HC,RESTING,sub-16,0.04281249999999659
HC,RESTING,sub-16,-0.17924999999999613
HC,RESTING,sub-16,0.31318749999999795
HC,RESTING,sub-16,0.3494999999999777
HC,RESTING,sub-16,-0.36056250000001455
HC,RESTING,sub-16,0.2995624999999791
HC,RESTING,sub-16,0.44524999999998727
HC,RESTING,sub-16,0.44487500000002456
HC,RESTING,sub-16,0.08156250000001819
HC,RESTING,sub-16,-0.08843749999999773
HC,RESTING,sub-16,-0.18556250000000318
HC,RESTING,sub-16,0.3615624999999909
HC,RESTING,sub-16,0.01831249999997908
HC,RESTING,sub-16,-0.26499999999998636
HC,RESTING,sub-16,0.44974999999999454
HC,RESTING,sub-16,-0.30693750000000364
HC,RESTING,sub-16,0.24925000000001774
HC,RESTING,sub-16,-0.29674999999997453
HC,RESTING,sub-16,0.4138125000000059
HC,RESTING,sub-16,-0.17781250000001592
HC,RESTING,sub-16,0.09587499999997817
HC,RESTING,sub-16,0.026062500000023192
HC,RESTING,sub-16,-0.4059374999999932
HC,RESTING,sub-16,0.06243749999998727
HC,RESTING,sub-16,-0.377437499999985
HC,RESTING,sub-16,0.328937499999995
HC,RESTING,sub-16,-0.16662500000001046
HC,RESTING,sub-16,0.12306250000000318
HC,RESTING,sub-16,-0.06056250000000318
HC,RESTING,sub-16,0.44387499999999136
HC,RESTING,sub-16,-0.012562500000001364
HC,RESTING,sub-16,0.10968750000000682
HC,RESTING,sub-16,0.17306250000001455
HC,RESTING,sub-16,-0.31018749999998363
HC,RESTING,sub-16,-0.2699999999999818
HC,RESTING,sub-16,0.4379999999999882
HC,RESTING,sub-16,0.3407500000000141
HC,RESTING,sub-16,-0.20162499999997863
HC,RESTING,sub-16,-0.46181250000000773
HC,RESTING,sub-16,0.4170624999999859
HC,RESTING,sub-16,0.3205624999999941
HC,RESTING,sub-16,0.019749999999987722
HC,RESTING,sub-16,0.11012499999998226
HC,RESTING,sub-16,-0.48275000000001
HC,RESTING,sub-16,-0.12731250000001637
HC,RESTING,sub-16,0.057437499999991815
HC,RESTING,sub-16,0.1524375000000191
HC,RESTING,sub-16,-0.22268750000000637
HC,RESTING,sub-16,0.1958750000000009
HC,RESTING,sub-16,0.2556250000000091
HC,RESTING,sub-16,-0.38768750000002683
HC,RESTING,sub-16,0.269687499999975
HC,ODDBALL,sub-17,0.20643749999999983
HC,ODDBALL,sub-17,-0.20018750000000018
HC,ODDBALL,sub-17,-0.4896250000000002
HC,ODDBALL,sub-17,0.1900624999999998
HC,ODDBALL,sub-17,0.17606249999999957
HC,ODDBALL,sub-17,-0.2579375000000006
HC,ODDBALL,sub-17,-0.4562500000000007
HC,ODDBALL,sub-17,0.2703124999999993
HC,ODDBALL,sub-17,-0.3466249999999995
HC,ODDBALL,sub-17,0.3330625000000005
HC,ODDBALL,sub-17,0.29362500000000047
HC,ODDBALL,sub-17,-0.45931249999999935
HC,ODDBALL,sub-17,0.08756250000000065
HC,ODDBALL,sub-17,-0.12737500000000068
HC,ODDBALL,sub-17,0.4429374999999993
HC,ODDBALL,sub-17,0.24043749999999875
HC,ODDBALL,sub-17,0.061375000000001734
HC,ODDBALL,sub-17,0.20262500000000117
HC,ODDBALL,sub-17,-0.047750000000000625
HC,ODDBALL,sub-17,-0.29650000000000176
HC,ODDBALL,sub-17,0.0703125
HC,ODDBALL,sub-17,-0.06643749999999926
HC,ODDBALL,sub-17,-0.3930624999999992
HC,ODDBALL,sub-17,0.4741250000000008
HC,ODDBALL,sub-17,-0.3763124999999974
HC,ODDBALL,sub-17,0.3658750000000026
HC,ODDBALL,sub-17,-0.039749999999997954
HC,ODDBALL,sub-17,-0.01968750000000341
HC,ODDBALL,sub-17,-0.12062499999999687
HC,ODDBALL,sub-17,-0.17568750000000222
HC,ODDBALL,sub-17,-0.23856250000000045
HC,ODDBALL,sub-17,-0.38537500000000335
HC,ODDBALL,sub-17,0.33662499999999795
HC,ODDBALL,sub-17,-0.41612500000000097
HC,ODDBALL,sub-17,-0.325937500000002
HC,ODDBALL,sub-17,0.267812499999998
HC,ODDBALL,sub-17,-0.275624999999998
HC,ODDBALL,sub-17,0.041125000000000966
HC,ODDBALL,sub-17,-0.4035624999999996
HC,ODDBALL,sub-17,0.3073750000000004
HC,ODDBALL,sub-17,-0.07943749999999739
HC,ODDBALL,sub-17,-0.36787499999999795
HC,ODDBALL,sub-17,0.4647500000000022
HC,ODDBALL,sub-17,-0.3803750000000008
HC,ODDBALL,sub-17,0.4207499999999982
HC,ODDBALL,sub-17,0.3276249999999976
HC,ODDBALL,sub-17,0.39531250000000284
HC,ODDBALL,sub-17,0.4746875000000017
HC,ODDBALL,sub-17,0.4353749999999934
HC,ODDBALL,sub-17,-0.4108124999999916
HC,ODDBALL,sub-17,0.37812500000001137
HC,ODDBALL,sub-17,-0.42531249999998977
HC,ODDBALL,sub-17,-0.2605000000000075
HC,ODDBALL,sub-17,-0.3990000000000009
HC,ODDBALL,sub-17,0.3189999999999884
HC,ODDBALL,sub-17,0.26493750000000205
HC,ODDBALL,sub-17,-0.45243750000000205
HC,ODDBALL,sub-17,-0.4488124999999741
HC,ODDBALL,sub-17,-0.4689999999999941
HC,ODDBALL,sub-17,-0.45274999999998045
HC,ODDBALL,sub-17,0.3813124999999786
HC,ODDBALL,sub-17,0.4043750000000159
HC,ODDBALL,sub-17,-0.47818749999999
HC,ODDBALL,sub-17,-0.3330624999999827
HC,ODDBALL,sub-17,-0.4193750000000023
HC,ODDBALL,sub-17,0.2661249999999882
HC,ODDBALL,sub-17,-0.10800000000000409
HC,ODDBALL,sub-17,-0.0735000000000241
HC,ODDBALL,sub-17,-0.42443750000001046
HC,ODDBALL,sub-17,0.3996875000000273
HC,ODDBALL,sub-17,0.4706249999999841
HC,ODDBALL,sub-17,0.2593125000000214
HC,ODDBALL,sub-17,0.22087499999997817
HC,ODDBALL,sub-17,0.26737500000001546
HC,ODDBALL,sub-17,0.10037499999998545
HC,ODDBALL,sub-17,-0.4927500000000009
HC,ODDBALL,sub-17,0.2025624999999991
HC,ODDBALL,sub-17,0.4175624999999741
HC,ODDBALL,sub-17,0.31243749999998727
HC,ODDBALL,sub-17,-0.025874999999984993
HC,ODDBALL,sub-17,0.485187499999995
HC,ODDBALL,sub-17,0.27868749999998954
HC,ODDBALL,sub-17,0.2793125000000032
HC,ODDBALL,sub-17,0.31481250000001637
HC,ODDBALL,sub-17,-0.4864375000000223
HC,ODDBALL,sub-17,0.4666874999999777
HC,ODDBALL,sub-17,0.272625000000005
HC,ODDBALL,sub-17,0.361812499999985
HC,ODDBALL,sub-17,-0.18318749999997408
HC,ODDBALL,sub-17,0.08800000000002228
HC,ODDBALL,sub-17,0.10325000000000273
HC,ODDBALL,sub-17,0.20087499999999636
HC,ODDBALL,sub-17,0.42112500000001774
HC,ODDBALL,sub-17,-0.039187500000025466
HC,ODDBALL,sub-17,-0.05881249999998772
HC,ODDBALL,sub-17,-0.4377499999999941
HC,ODDBALL,sub-17,-0.1548750000000041
HC,ODDBALL,sub-17,0.35256249999997635
HC,ODDBALL,sub-17,0.26625000000001364
HC,ODDBALL,sub-17,0.04450000000002774
HC,ODDBALL,sub-17,0.15449999999998454
HC,ODDBALL,sub-17,-0.11931249999997817
HC,ODDBALL,sub-17,-0.06400000000002137
HC,ODDBALL,sub-17,0.39756249999999227
HC,ODDBALL,sub-17,0.47993750000000546
HC,ODDBALL,sub-17,-0.4817499999999768
HC,ODDBALL,sub-17,0.49987499999997453
HC,ODDBALL,sub-17,-0.45618749999999864
HC,ODDBALL,sub-17,-0.29968750000000455
HC,ODDBALL,sub-17,-0.4719375000000241
HC,ODDBALL,sub-17,-0.31024999999999636
HC,ODDBALL,sub-17,-0.20943749999997863
HC,ODDBALL,sub-17,0.2983750000000214
HC,ODDBALL,sub-17,-0.12187499999998863
HC,ODDBALL,sub-17,-0.4660000000000082
HC,ODDBALL,sub-17,0.3308749999999918
HC,ODDBALL,sub-17,0.26900000000000546
HC,ODDBALL,sub-17,0.39724999999998545
HC,ODDBALL,sub-17,0.15718750000002046
HC,ODDBALL,sub-17,0.31418750000000273
HC,ODDBALL,sub-17,0.21325000000001637
HC,ODDBALL,sub-17,0.16337499999997362
HC,ODDBALL,sub-17,-0.18493749999998954
HC,ODDBALL,sub-17,-0.4030624999999759
HC,ODDBALL,sub-17,0.4016250000000241
HC,ODDBALL,sub-17,0.41687500000000455
HC,ODDBALL,sub-17,0.3315625000000182
HC,ODDBALL,sub-17,0.324374999999975
HC,ODDBALL,sub-17,0.2536875000000123
HC,ODDBALL,sub-17,0.2741250000000264
HC,ODDBALL,sub-17,0.3684999999999832
HC,ODDBALL,sub-17,0.05143750000002001
HC,ODDBALL,sub-17,-0.02543750000000955
HC,ODDBALL,sub-17,0.39606250000002774
HC,ODDBALL,sub-17,0.400874999999985
HC,ODDBALL,sub-17,-0.2895624999999882
HC,ODDBALL,sub-17,0.3354375000000118
HC,ODDBALL,sub-17,0.24131249999999227
HC,ODDBALL,sub-17,0.33887499999997317
HC,ODDBALL,sub-17,-0.005249999999989541
HC,ODDBALL,sub-17,-0.20674999999999955
HC,ODDBALL,sub-17,-0.14881250000001955
HC,ODDBALL,sub-17,-0.472500000000025
HC,ODDBALL,sub-17,0.27031249999998863
HC,ODDBALL,sub-17,-0.2566874999999982
HC,ODDBALL,sub-17,0.3761250000000018
HC,ODDBALL,sub-17,-0.43549999999999045
HC,ODDBALL,sub-17,-0.40825000000000955
HC,ODDBALL,sub-17,-0.44768749999997226
HC,ODDBALL,sub-17,-0.15699999999998226
HC,ODDBALL,sub-17,-0.013125000000002274
HC,ODDBALL,sub-17,0.3306249999999977
HC,RESTING,sub-17,-0.28575000000000017
HC,RESTING,sub-17,-0.4814375000000002
HC,RESTING,sub-17,0.2994374999999998
HC,RESTING,sub-17,-0.18256249999999952
HC,RESTING,sub-17,0.41862500000000047
HC,RESTING,sub-17,-0.36768749999999883
HC,RESTING,sub-17,0.06125000000000114
HC,RESTING,sub-17,0.45187500000000114
HC,RESTING,sub-17,0.28512500000000074
HC,RESTING,sub-17,0.07862499999999883
HC,RESTING,sub-17,-0.33899999999999864
HC,RESTING,sub-17,-0.3968125000000029
HC,RESTING,sub-17,-0.41662500000000335
HC,RESTING,sub-17,-0.19400000000000261
HC,RESTING,sub-17,0.23568749999999739
HC,RESTING,sub-17,0.4582499999999996
HC,RESTING,sub-17,0.48231249999999903
HC,RESTING,sub-17,0.49425000000000097
HC,RESTING,sub-17,-0.031937499999997954
HC,RESTING,sub-17,-0.0848749999999967
HC,RESTING,sub-17,0.27675000000000693
HC,RESTING,sub-17,-0.14449999999999363
HC,RESTING,sub-17,-0.402687499999999
HC,RESTING,sub-17,0.409812500000001
HC,RESTING,sub-17,-0.38431249999999295
HC,RESTING,sub-17,0.013750000000001705
HC,RESTING,sub-17,-0.17412500000000364
HC,RESTING,sub-17,-0.4547500000000042
HC,RESTING,sub-17,0.2093124999999958
HC,RESTING,sub-17,0.08493749999999523
HC,RESTING,sub-17,-0.2123124999999959
HC,RESTING,sub-17,0.4908125000000041
HC,RESTING,sub-17,-0.2540625000000034
HC,RESTING,sub-17,-0.3908749999999941
HC,RESTING,sub-17,-0.0071875000000005684
HC,RESTING,sub-17,0.25149999999999295
HC,RESTING,sub-17,0.4272500000000008
HC,RESTING,sub-17,-0.2518124999999998
HC,RESTING,sub-17,-0.4380625000000009
HC,RESTING,sub-17,0.13968749999999375
HC,RESTING,sub-17,-0.4528124999999932
HC,RESTING,sub-17,0.4768750000000068
HC,RESTING,sub-17,-0.14431249999999807
HC,RESTING,sub-17,-0.4806250000000034
HC,RESTING,sub-17,-0.3227499999999992
HC,RESTING,sub-17,-0.014812500000005002
HC,RESTING,sub-17,-0.36575000000000557
HC,RESTING,sub-17,0.39206249999999443
HC,RESTING,sub-17,0.40368750000000375
HC,RESTING,sub-17,0.43606250000000557
HC,RESTING,sub-17,0.4215624999999932
HC,RESTING,sub-17,-0.2764375000000001
HC,RESTING,sub-17,0.18918750000000273
HC,RESTING,sub-17,-0.45056249999998954
HC,RESTING,sub-17,0.44006250000001046
HC,RESTING,sub-17,0.08131249999999568
HC,RESTING,sub-17,-0.18468749999999545
HC,RESTING,sub-17,0.3664374999999893
HC,RESTING,sub-17,-0.24506249999998886
HC,RESTING,sub-17,-0.3580000000000041
HC,RESTING,sub-17,0.4466874999999959
HC,RESTING,sub-17,0.12600000000000477
HC,RESTING,sub-17,0.25656250000000114
HC,RESTING,sub-17,-0.45050000000000523
HC,RESTING,sub-17,-0.30506249999999113
HC,RESTING,sub-17,0.40587500000000887
HC,RESTING,sub-17,0.4299374999999941
HC,RESTING,sub-17,0.3093125000000043
HC,RESTING,sub-17,0.0016249999999899956
HC,RESTING,sub-17,0.49368749999999295
HC,RESTING,sub-17,-0.49362500000000864
HC,RESTING,sub-17,-0.3329375000000141
HC,RESTING,sub-17,-0.2066874999999868
HC,RESTING,sub-17,-0.14093750000000682
HC,RESTING,sub-17,-0.3512499999999932
HC,RESTING,sub-17,-0.2136250000000075
HC,RESTING,sub-17,-0.11243749999999864
HC,RESTING,sub-17,-0.4790000000000134
HC,RESTING,sub-17,0.3071250000000134
HC,RESTING,sub-17,0.14912499999999795
HC,RESTING,sub-17,-0.3224375000000066
HC,RESTING,sub-17,0.4989999999999952
HC,RESTING,sub-17,-0.12156250000001023
HC,RESTING,sub-17,-0.1945624999999893
HC,RESTING,sub-17,-0.09700000000000841
HC,RESTING,sub-17,-0.12662499999999
HC,RESTING,sub-17,-0.27962500000001
HC,RESTING,sub-17,0.44568749999999113
HC,RESTING,sub-17,-0.09768750000000637
HC,RESTING,sub-17,-0.10849999999999227
HC,RESTING,sub-17,0.06362500000000182
HC,RESTING,sub-17,-0.20918750000001296
HC,RESTING,sub-17,-0.4507499999999993
HC,RESTING,sub-17,0.24456250000000068
HC,RESTING,sub-17,-0.16987499999999045
HC,RESTING,sub-17,-0.43587500000001
HC,RESTING,sub-17,0.27506249999999
HC,RESTING,sub-17,0.30781250000001137
HC,RESTING,sub-17,0.4256249999999966
HC,RESTING,sub-17,-0.14393749999999272
HC,RESTING,sub-17,-0.4089375000000075
HC,RESTING,sub-17,0.2082499999999925
HC,RESTING,sub-17,-0.15831249999999386
HC,RESTING,sub-17,0.38856250000000614
HC,RESTING,sub-17,-0.036875000000009095
HC,RESTING,sub-17,0.4002499999999998
HC,RESTING,sub-17,0.0681250000000091
HC,RESTING,sub-17,-0.2349375000000009
HC,RESTING,sub-17,0.4838124999999991
HC,RESTING,sub-17,0.27250000000000796
HC,RESTING,sub-17,0.061187499999988404
HC,RESTING,sub-17,-0.024124999999997954
HC,RESTING,sub-17,-0.35162500000001273
HC,RESTING,sub-17,0.28899999999998727
HC,RESTING,sub-17,-0.031687500000003865
HC,RESTING,sub-17,-0.3591874999999902
HC,RESTING,sub-17,-0.40281250000001023
HC,RESTING,sub-17,-0.3464999999999918
HC,RESTING,sub-17,0.10262499999998909
HC,RESTING,sub-17,-0.14775000000000205
HC,RESTING,sub-17,0.41637499999998795
HC,RESTING,sub-17,0.15818749999999682
HC,RESTING,sub-17,0.056250000000005684
HC,RESTING,sub-17,-0.33012500000000955
HC,RESTING,sub-17,0.31831249999999045
HC,RESTING,sub-17,0.08356249999999932
HC,RESTING,sub-17,-0.13037499999998658
HC,RESTING,sub-17,-0.4536249999999882
HC,RESTING,sub-17,0.4057500000000118
HC,RESTING,sub-17,-0.10962499999999409
HC,RESTING,sub-17,-0.16368749999998045
HC,RESTING,sub-17,0.47293750000000045
HC,RESTING,sub-17,0.10899999999998045
HC,RESTING,sub-17,-0.19406249999997272
HC,RESTING,sub-17,-0.4636874999999918
HC,RESTING,sub-17,0.4191250000000082
HC,RESTING,sub-17,0.40312499999998863
HC,RESTING,sub-17,-0.15812499999998408
HC,RESTING,sub-17,-0.14224999999999
HC,RESTING,sub-17,0.4247500000000173
HC,RESTING,sub-17,0.041562499999997726
HC,RESTING,sub-17,0.2465624999999818
HC,RESTING,sub-17,0.1061874999999759
HC,RESTING,sub-17,-0.037812499999972715
HC,RESTING,sub-17,-0.17000000000001592
HC,RESTING,sub-17,-0.3734999999999786
HC,RESTING,sub-17,0.3374375000000214
HC,RESTING,sub-17,-0.021312500000021828
HC,RESTING,sub-17,-0.34981249999998454
HC,RESTING,sub-17,0.38456250000001546
HC,RESTING,sub-17,0.12056250000000546
HC,RESTING,sub-17,-0.15743750000001455
HC,RESTING,sub-17,0.43706250000002456
HC,RESTING,sub-17,-0.16262499999999136
HC,RESTING,sub-17,-0.25475000000000136
HC,RESTING,sub-17,0.0735000000000241
HC,RESTING,sub-17,-0.11012499999998226
HC,RESTING,sub-17,-0.039187500000025466
HC,RESTING,sub-17,-0.12087500000001228
HC,RESTING,sub-17,0.41124999999999545
HC,RESTING,sub-17,-0.31806249999999636
HC,RESTING,sub-17,0.3948750000000132
HC,RESTING,sub-17,0.4721875000000182
HC,RESTING,sub-17,0.3370625000000018
HC,RESTING,sub-17,0.33518750000001774
HC,ODDBALL,sub-18,0.4168750000000001
HC,ODDBALL,sub-18,-0.19881249999999984
HC,ODDBALL,sub-18,0.47793750000000035
HC,ODDBALL,sub-18,-0.31968750000000057
HC,ODDBALL,sub-18,0.3341875000000005
HC,ODDBALL,sub-18,-0.4591875000000005
HC,ODDBALL,sub-18,-0.43412499999999987
HC,ODDBALL,sub-18,-0.06731249999999989
HC,ODDBALL,sub-18,0.3661874999999988
HC,ODDBALL,sub-18,-0.3474375000000016
HC,ODDBALL,sub-18,0.07143749999999827
HC,ODDBALL,sub-18,-0.18674999999999997
HC,ODDBALL,sub-18,-0.37362500000000054
HC,ODDBALL,sub-18,-0.0181874999999998
HC,ODDBALL,sub-18,-0.4031249999999993
HC,ODDBALL,sub-18,0.4640625000000007
HC,ODDBALL,sub-18,-0.02737499999999926
HC,ODDBALL,sub-18,-0.4730624999999975
HC,ODDBALL,sub-18,-0.3822499999999991
HC,ODDBALL,sub-18,0.4146250000000009
HC,ODDBALL,sub-18,-0.29187499999999744
HC,ODDBALL,sub-18,0.37268749999999784
HC,ODDBALL,sub-18,0.32743750000000205
HC,ODDBALL,sub-18,0.4485000000000028
HC,ODDBALL,sub-18,0.4054374999999979
HC,ODDBALL,sub-18,-0.28862500000000324
HC,ODDBALL,sub-18,0.2855624999999975
HC,ODDBALL,sub-18,-0.28031250000000085
HC,ODDBALL,sub-18,-0.1349374999999995
HC,ODDBALL,sub-18,-0.4426249999999996
HC,ODDBALL,sub-18,0.3386250000000004
HC,ODDBALL,sub-18,0.43299999999999983
HC,ODDBALL,sub-18,-0.19568750000000534
HC,ODDBALL,sub-18,0.284687500000004
HC,ODDBALL,sub-18,-0.47187499999999716
HC,ODDBALL,sub-18,-0.20237500000000352
HC,ODDBALL,sub-18,-0.2871875000000017
HC,ODDBALL,sub-18,0.4832499999999982
HC,ODDBALL,sub-18,0.3510624999999976
HC,ODDBALL,sub-18,-0.3944374999999951
HC,ODDBALL,sub-18,0.301124999999999
HC,ODDBALL,sub-18,0.47262499999999363
HC,ODDBALL,sub-18,-0.1979999999999933
HC,ODDBALL,sub-18,0.3370625000000018
HC,ODDBALL,sub-18,0.4476875000000007
HC,ODDBALL,sub-18,0.3375625000000042
HC,ODDBALL,sub-18,0.4251249999999942
HC,ODDBALL,sub-18,0.32343749999999716
HC,ODDBALL,sub-18,0.3553124999999966
HC,ODDBALL,sub-18,0.277812499999996
HC,ODDBALL,sub-18,-0.19487499999999613
HC,ODDBALL,sub-18,-0.10412499999999625
HC,ODDBALL,sub-18,-0.10025000000000261
HC,ODDBALL,sub-18,-0.1589374999999933
HC,ODDBALL,sub-18,0.2661875000000009
HC,ODDBALL,sub-18,-0.3381250000000051
HC,ODDBALL,sub-18,0.4821874999999949
HC,ODDBALL,sub-18,0.04174999999999329
HC,ODDBALL,sub-18,0.13931250000000261
HC,ODDBALL,sub-18,0.14775000000000205
HC,ODDBALL,sub-18,0.27762500000000045
HC,ODDBALL,sub-18,0.0001874999999955662
HC,ODDBALL,sub-18,0.023250000000004434
HC,ODDBALL,sub-18,0.18474999999999397
HC,ODDBALL,sub-18,-0.33124999999999716
HC,ODDBALL,sub-18,-0.23368750000000205
HC,ODDBALL,sub-18,0.055999999999997385
HC,ODDBALL,sub-18,0.4472499999999968
HC,ODDBALL,sub-18,-0.2868749999999949
HC,ODDBALL,sub-18,0.3924374999999998
HC,ODDBALL,sub-18,0.37024999999999864
HC,ODDBALL,sub-18,0.3823125000000118
HC,ODDBALL,sub-18,0.48349999999999227
HC,ODDBALL,sub-18,-0.40587500000000887
HC,ODDBALL,sub-18,0.34037499999999454
HC,ODDBALL,sub-18,0.08318750000000819
HC,ODDBALL,sub-18,-0.22024999999999295
HC,ODDBALL,sub-18,0.35006250000000705
HC,ODDBALL,sub-18,0.4199999999999875
HC,ODDBALL,sub-18,-0.11074999999999591
HC,ODDBALL,sub-18,0.03831249999998931
HC,ODDBALL,sub-18,-0.3243750000000034
HC,ODDBALL,sub-18,0.36299999999999955
HC,ODDBALL,sub-18,-0.06906250000000114
HC,ODDBALL,sub-18,-0.2605000000000075
HC,ODDBALL,sub-18,-0.2166249999999934
HC,ODDBALL,sub-18,-0.3618125000000134
HC,ODDBALL,sub-18,-0.3981249999999932
HC,ODDBALL,sub-18,0.4490624999999966
HC,ODDBALL,sub-18,-0.485187499999995
HC,ODDBALL,sub-18,0.11962500000001342
HC,ODDBALL,sub-18,0.25306249999999864
HC,ODDBALL,sub-18,0.23468750000000682
HC,ODDBALL,sub-18,0.23431249999998727
HC,ODDBALL,sub-18,0.4380625000000009
HC,ODDBALL,sub-18,-0.288250000000005
HC,ODDBALL,sub-18,-0.18468749999999545
HC,ODDBALL,sub-18,0.4259375000000034
HC,ODDBALL,sub-18,0.3943125000000123
HC,ODDBALL,sub-18,0.4841250000000059
HC,ODDBALL,sub-18,0.28643750000000523
HC,ODDBALL,sub-18,0.28187500000001364
HC,ODDBALL,sub-18,0.38912500000000705
HC,ODDBALL,sub-18,-0.1298125000000141
HC,ODDBALL,sub-18,0.3366875000000107
HC,ODDBALL,sub-18,0.4655625000000043
HC,ODDBALL,sub-18,-0.49850000000000705
HC,ODDBALL,sub-18,0.41556249999999295
HC,ODDBALL,sub-18,-0.36862500000000864
HC,ODDBALL,sub-18,0.2764374999999859
HC,ODDBALL,sub-18,0.32506250000000136
HC,ODDBALL,sub-18,0.4515624999999943
HC,ODDBALL,sub-18,0.2558750000000032
HC,ODDBALL,sub-18,0.055125000000003865
HC,ODDBALL,sub-18,0.2615000000000123
HC,ODDBALL,sub-18,0.3949374999999975
HC,ODDBALL,sub-18,0.11031249999999204
HC,ODDBALL,sub-18,0.2908749999999998
HC,ODDBALL,sub-18,0.1384999999999934
HC,ODDBALL,sub-18,0.3308125000000075
HC,ODDBALL,sub-18,0.26437500000000114
HC,ODDBALL,sub-18,0.29243750000000546
HC,ODDBALL,sub-18,0.35118749999998045
HC,ODDBALL,sub-18,0.3439999999999941
HC,ODDBALL,sub-18,0.32193749999999
HC,ODDBALL,sub-18,0.22149999999999181
HC,ODDBALL,sub-18,-0.31268749999998136
HC,ODDBALL,sub-18,-0.02456250000000182
HC,ODDBALL,sub-18,0.2963750000000118
HC,ODDBALL,sub-18,0.2611249999999927
HC,ODDBALL,sub-18,-0.2933125000000132
HC,ODDBALL,sub-18,-0.37574999999998226
HC,ODDBALL,sub-18,0.45325000000002547
HC,ODDBALL,sub-18,-0.18225000000001046
HC,ODDBALL,sub-18,-0.22924999999997908
HC,ODDBALL,sub-18,-0.4146250000000009
HC,ODDBALL,sub-18,0.32531249999999545
HC,ODDBALL,sub-18,-0.3426875000000109
HC,ODDBALL,sub-18,-0.42481249999997317
HC,ODDBALL,sub-18,0.48143750000002683
HC,ODDBALL,sub-18,-0.4473750000000223
HC,ODDBALL,sub-18,-0.3884375000000091
HC,ODDBALL,sub-18,-0.17687499999999545
HC,ODDBALL,sub-18,-0.4191875000000209
HC,ODDBALL,sub-18,0.4378125000000068
HC,ODDBALL,sub-18,-0.21756249999998545
HC,ODDBALL,sub-18,-0.460125000000005
HC,ODDBALL,sub-18,-0.47187500000001137
HC,ODDBALL,sub-18,0.09656250000000455
HC,ODDBALL,sub-18,0.322749999999985
HC,ODDBALL,sub-18,0.027125000000012278
HC,ODDBALL,sub-18,-0.2916875000000232
HC,ODDBALL,sub-18,0.16068749999999454
HC,ODDBALL,sub-18,0.32600000000002183
HC,ODDBALL,sub-18,-0.41849999999999454
HC,ODDBALL,sub-18,-0.3407500000000141
HC,RESTING,sub-18,-0.1768749999999999
HC,RESTING,sub-18,0.02268749999999997
HC,RESTING,sub-18,0.21862499999999985
HC,RESTING,sub-18,0.32950000000000035
HC,RESTING,sub-18,-0.43624999999999936
HC,RESTING,sub-18,0.2873125000000005
HC,RESTING,sub-18,0.3927499999999995
HC,RESTING,sub-18,-0.24662499999999987
HC,RESTING,sub-18,-0.2900625000000012
HC,RESTING,sub-18,0.21837500000000176
HC,RESTING,sub-18,-0.18400000000000105
HC,RESTING,sub-18,-0.13650000000000162
HC,RESTING,sub-18,0.22793749999999946
HC,RESTING,sub-18,-0.3336874999999999
HC,RESTING,sub-18,-0.2054374999999986
HC,RESTING,sub-18,-0.33737500000000153
HC,RESTING,sub-18,0.4288749999999979
HC,RESTING,sub-18,0.3900624999999991
HC,RESTING,sub-18,-0.2230624999999975
HC,RESTING,sub-18,-0.31937500000000085
HC,RESTING,sub-18,-0.2993124999999992
HC,RESTING,sub-18,0.06750000000000256
HC,RESTING,sub-18,0.05312500000000142
HC,RESTING,sub-18,0.17118750000000205
HC,RESTING,sub-18,-0.0476875000000021
HC,RESTING,sub-18,0.30512499999999676
HC,RESTING,sub-18,0.027124999999998067
HC,RESTING,sub-18,-0.4361875000000026
HC,RESTING,sub-18,0.07943749999999739
HC,RESTING,sub-18,0.345937499999998
HC,RESTING,sub-18,0.20918749999999875
HC,RESTING,sub-18,-0.4582499999999996
HC,RESTING,sub-18,-0.19981250000000017
HC,RESTING,sub-18,-0.4970624999999984
HC,RESTING,sub-18,-0.4775625000000048
HC,RESTING,sub-18,0.37462499999999466
HC,RESTING,sub-18,0.05093750000000341
HC,RESTING,sub-18,0.012375000000005798
HC,RESTING,sub-18,-0.23637499999999534
HC,RESTING,sub-18,-0.2511250000000018
HC,RESTING,sub-18,-0.09499999999999886
HC,RESTING,sub-18,-0.20731250000000045
HC,RESTING,sub-18,-0.23012500000000102
HC,RESTING,sub-18,-0.37112500000000637
HC,RESTING,sub-18,0.055437499999996476
HC,RESTING,sub-18,0.4476875000000007
HC,RESTING,sub-18,0.12787500000000307
HC,RESTING,sub-18,0.48749999999999716
HC,RESTING,sub-18,-0.21437500000000398
HC,RESTING,sub-18,-0.42443749999999625
HC,RESTING,sub-18,-0.04174999999999329
HC,RESTING,sub-18,-0.4978124999999949
HC,RESTING,sub-18,0.3419375000000002
HC,RESTING,sub-18,0.044687499999994884
HC,RESTING,sub-18,0.33799999999999386
HC,RESTING,sub-18,0.3776874999999933
HC,RESTING,sub-18,0.47912499999999625
HC,RESTING,sub-18,0.17168750000000443
HC,RESTING,sub-18,0.442562499999994
HC,RESTING,sub-18,0.48125000000000284
HC,RESTING,sub-18,-0.2953124999999943
HC,RESTING,sub-18,-0.14624999999999488
HC,RESTING,sub-18,0.10337499999999977
HC,RESTING,sub-18,-0.15899999999999181
HC,RESTING,sub-18,-0.37812500000001137
HC,RESTING,sub-18,-0.11868749999999295
HC,RESTING,sub-18,-0.28706249999999045
HC,RESTING,sub-18,-0.2669999999999959
HC,RESTING,sub-18,0.4988749999999982
HC,RESTING,sub-18,-0.16368750000000887
HC,RESTING,sub-18,0.12168750000000728
HC,RESTING,sub-18,0.4113749999999925
HC,RESTING,sub-18,0.4116249999999866
HC,RESTING,sub-18,0.3731875000000002
HC,RESTING,sub-18,-0.44268750000000523
HC,RESTING,sub-18,-0.3951874999999916
HC,RESTING,sub-18,-0.4856875000000116
HC,RESTING,sub-18,-0.05437499999999318
HC,RESTING,sub-18,0.01156249999999659
HC,RESTING,sub-18,0.027812500000010232
HC,RESTING,sub-18,-0.38918749999999136
HC,RESTING,sub-18,0.3095624999999984
HC,RESTING,sub-18,-0.40793750000000273
HC,RESTING,sub-18,-0.0598124999999925
HC,RESTING,sub-18,-0.2456875000000025
HC,RESTING,sub-18,-0.40156250000001137
HC,RESTING,sub-18,0.11131249999999682
HC,RESTING,sub-18,-0.05993749999998954
HC,RESTING,sub-18,-0.19993750000000432
HC,RESTING,sub-18,0.40125000000000455
HC,RESTING,sub-18,0.4399375000000134
HC,RESTING,sub-18,-0.4259999999999877
HC,RESTING,sub-18,-0.4064999999999941
HC,RESTING,sub-18,0.4342499999999916
HC,RESTING,sub-18,-0.13218749999998636
HC,RESTING,sub-18,-0.006562500000001137
HC,RESTING,sub-18,0.21700000000001296
HC,RESTING,sub-18,-0.32181249999999295
HC,RESTING,sub-18,-0.0643750000000125
HC,RESTING,sub-18,0.48775000000000546
HC,RESTING,sub-18,0.2451874999999859
HC,RESTING,sub-18,0.44137499999999363
HC,RESTING,sub-18,-0.022937500000011823
HC,RESTING,sub-18,0.14856249999999704
HC,RESTING,sub-18,-0.2179999999999893
HC,RESTING,sub-18,0.4030625000000043
HC,RESTING,sub-18,-0.41181249999999636
HC,RESTING,sub-18,0.03274999999999295
HC,RESTING,sub-18,-0.25206249999999386
HC,RESTING,sub-18,-0.2782500000000141
HC,RESTING,sub-18,0.29268749999999955
HC,RESTING,sub-18,0.4488125000000025
HC,RESTING,sub-18,0.2238749999999925
HC,RESTING,sub-18,-0.25662500000001387
HC,RESTING,sub-18,0.188312499999995
HC,RESTING,sub-18,0.3103125000000091
HC,RESTING,sub-18,0.29943750000001046
HC,RESTING,sub-18,0.3763125000000116
HC,RESTING,sub-18,0.39156249999999204
HC,RESTING,sub-18,-0.07693750000001387
HC,RESTING,sub-18,-0.1818125000000066
HC,RESTING,sub-18,0.4245625000000075
HC,RESTING,sub-18,0.4720624999999927
HC,RESTING,sub-18,-0.024062500000013642
HC,RESTING,sub-18,-0.23018749999999955
HC,RESTING,sub-18,0.16368749999998045
HC,RESTING,sub-18,0.45299999999997453
HC,RESTING,sub-18,0.3442499999999882
HC,RESTING,sub-18,0.3408749999999827
HC,RESTING,sub-18,-0.09575000000000955
HC,RESTING,sub-18,-0.15674999999998818
HC,RESTING,sub-18,-0.18056250000000773
HC,RESTING,sub-18,0.40537499999999227
HC,RESTING,sub-18,-0.2147499999999809
HC,RESTING,sub-18,-0.265625
HC,RESTING,sub-18,-0.2731875000000059
HC,RESTING,sub-18,-0.07699999999999818
HC,RESTING,sub-18,-0.314937499999985
HC,RESTING,sub-18,0.1075624999999718
HC,RESTING,sub-18,-0.12337500000001
HC,RESTING,sub-18,-0.4818750000000023
HC,RESTING,sub-18,0.3699374999999918
HC,RESTING,sub-18,0.4965624999999818
HC,RESTING,sub-18,0.28106250000001864
HC,RESTING,sub-18,-0.48693750000001046
HC,RESTING,sub-18,-0.12793749999997317
HC,RESTING,sub-18,-0.07299999999997908
HC,RESTING,sub-18,-0.17393750000002228
HC,RESTING,sub-18,0.2990624999999909
HC,RESTING,sub-18,0.3431874999999991
HC,RESTING,sub-18,0.17606250000000045
HC,RESTING,sub-18,-0.39081249999998136
HC,RESTING,sub-18,0.045250000000010004
HC,RESTING,sub-18,-0.2013124999999718
HC,RESTING,sub-18,0.3276250000000118
HC,RESTING,sub-18,0.35550000000000637
HC,RESTING,sub-18,-0.08087499999999181
HC,RESTING,sub-18,-0.3534374999999841
HC,RESTING,sub-18,-0.14606250000002774
HC,RESTING,sub-18,-0.07168749999999591
HC,RESTING,sub-18,-0.19606249999998226
HC,RESTING,sub-18,-0.07799999999997453
HC,RESTING,sub-18,0.02781249999998181
HC,RESTING,sub-18,-0.22912500000001046
HC,RESTING,sub-18,-0.4284374999999727
HC,RESTING,sub-18,-0.39756249999999227
HC,RESTING,sub-18,-0.24487499999997908
HC,RESTING,sub-18,-0.42793749999998454
HC,RESTING,sub-18,-0.38825000000002774
HC,RESTING,sub-18,0.36956249999997226
HC,RESTING,sub-18,-0.31706250000002
HC,RESTING,sub-18,-0.24650000000002592
HC,RESTING,sub-18,0.31206250000002456
HC,RESTING,sub-18,0.2053124999999909
HC,RESTING,sub-18,0.03787499999998545
HC,RESTING,sub-18,0.4059374999999932
HC,RESTING,sub-18,0.2115000000000009
HC,RESTING,sub-18,-0.05349999999998545
HC,RESTING,sub-18,0.0008124999999949978
HC,RESTING,sub-18,0.15350000000000819
HC,RESTING,sub-18,0.08043750000001637
HC,RESTING,sub-18,-0.06837500000000318
HC,RESTING,sub-18,-0.27087499999998954
HC,RESTING,sub-18,0.28381250000001046
HC,RESTING,sub-18,-0.302250000000015
HC,RESTING,sub-18,0.13106249999998454
HC,RESTING,sub-18,-0.11931249999997817
HC,RESTING,sub-18,0.45487500000001546
HC,RESTING,sub-18,-0.4423125000000141
HC,ODDBALL,sub-19,-0.035375000000000156
HC,ODDBALL,sub-19,-0.0004999999999988347
HC,ODDBALL,sub-19,0.42918750000000117
HC,ODDBALL,sub-19,-0.24306250000000063
HC,ODDBALL,sub-19,0.3194374999999994
HC,ODDBALL,sub-19,-0.19656249999999886
HC,ODDBALL,sub-19,0.42906250000000057
HC,ODDBALL,sub-19,-0.4802500000000016
HC,ODDBALL,sub-19,0.41100000000000136
HC,ODDBALL,sub-19,-0.37362500000000054
HC,ODDBALL,sub-19,-0.23212500000000347
HC,ODDBALL,sub-19,-0.1573125000000033
HC,ODDBALL,sub-19,-0.43412500000000165
HC,ODDBALL,sub-19,0.441749999999999
HC,ODDBALL,sub-19,0.40318750000000136
HC,ODDBALL,sub-19,-0.345937499999998
HC,ODDBALL,sub-19,-0.10681249999999665
HC,ODDBALL,sub-19,0.09612500000000068
HC,ODDBALL,sub-19,0.40937499999999716
HC,ODDBALL,sub-19,-0.4822499999999934
HC,ODDBALL,sub-19,0.2638125000000002
HC,ODDBALL,sub-19,-0.45806249999999693
HC,ODDBALL,sub-19,-0.055125000000003865
HC,ODDBALL,sub-19,0.20775000000000432
HC,ODDBALL,sub-19,0.045562500000002615
HC,ODDBALL,sub-19,0.149249999999995
HC,ODDBALL,sub-19,0.18037499999999795
HC,ODDBALL,sub-19,0.11950000000000216
HC,ODDBALL,sub-19,-0.14793750000001182
HC,ODDBALL,sub-19,-0.27168750000001296
HC,ODDBALL,sub-19,0.07712499999999523
HC,ODDBALL,sub-19,0.2726874999999893
HC,ODDBALL,sub-19,0.2963750000000118
HC,ODDBALL,sub-19,0.12649999999999295
HC,ODDBALL,sub-19,0.036624999999986585
HC,ODDBALL,sub-19,-0.3951874999999916
HC,ODDBALL,sub-19,-0.16412500000001273
HC,ODDBALL,sub-19,0.08762500000000273
HC,ODDBALL,sub-19,0.42018749999999727
HC,ODDBALL,sub-19,0.40668750000000387
HC,ODDBALL,sub-19,-0.4956875000000025
HC,ODDBALL,sub-19,0.4846875000000068
HC,ODDBALL,sub-19,-0.41287500000001387
HC,ODDBALL,sub-19,-0.24656250000001023
HC,ODDBALL,sub-19,-0.02718749999999659
HC,ODDBALL,sub-19,0.07912500000000477
HC,ODDBALL,sub-19,0.052562499999993406
HC,ODDBALL,sub-19,-0.16131250000000819
HC,ODDBALL,sub-19,0.078125
HC,ODDBALL,sub-19,0.33199999999999363
HC,ODDBALL,sub-19,-0.08606249999999704
HC,ODDBALL,sub-19,0.08125000000001137
HC,ODDBALL,sub-19,0.28787500000001387
HC,ODDBALL,sub-19,0.14875000000000682
HC,ODDBALL,sub-19,0.45006250000000136
HC,ODDBALL,sub-19,-0.3731875000000002
HC,ODDBALL,sub-19,-0.044437499999986585
HC,ODDBALL,sub-19,0.06874999999999432
HC,ODDBALL,sub-19,0.08131249999999568
HC,ODDBALL,sub-19,0.48443750000001273
HC,ODDBALL,sub-19,-0.3028750000000002
HC,ODDBALL,sub-19,0.4861874999999998
HC,ODDBALL,sub-19,0.4711875000000134
HC,ODDBALL,sub-19,-0.18799999999998818
HC,ODDBALL,sub-19,0.4173749999999927
HC,ODDBALL,sub-19,-0.19656250000002728
HC,ODDBALL,sub-19,-0.3359375
HC,ODDBALL,sub-19,-0.4294375000000059
HC,ODDBALL,sub-19,-0.33606250000002547
HC,ODDBALL,sub-19,0.41874999999998863
HC,ODDBALL,sub-19,-0.39287500000000364
HC,ODDBALL,sub-19,-0.25943749999999
HC,ODDBALL,sub-19,-0.14299999999997226
HC,ODDBALL,sub-19,-0.3241249999999809
HC,ODDBALL,sub-19,-0.18362500000000637
HC,ODDBALL,sub-19,0.49306250000000773
HC,ODDBALL,sub-19,0.138187500000015
HC,ODDBALL,sub-19,0.29924999999997226
HC,ODDBALL,sub-19,0.42387500000000955
HC,ODDBALL,sub-19,-0.4309999999999832
HC,ODDBALL,sub-19,-0.4147500000000264
HC,ODDBALL,sub-19,0.40156250000001137
HC,ODDBALL,sub-19,0.386562500000025
HC,ODDBALL,sub-19,-0.16312499999997954
HC,ODDBALL,sub-19,-0.369624999999985
HC,ODDBALL,sub-19,0.435062500000015
HC,ODDBALL,sub-19,-0.14181250000001455
HC,ODDBALL,sub-19,-0.32506250000000136
HC,ODDBALL,sub-19,-0.16537499999998317
HC,ODDBALL,sub-19,0.3206250000000068
HC,ODDBALL,sub-19,0.34368749999998727
HC,ODDBALL,sub-19,-0.019249999999999545
HC,ODDBALL,sub-19,-0.4493125000000191
HC,ODDBALL,sub-19,-0.342937500000005
HC,ODDBALL,sub-19,-0.28762499999999136
HC,ODDBALL,sub-19,0.33737500000000864
HC,ODDBALL,sub-19,0.32312500000000455
HC,ODDBALL,sub-19,0.4526250000000118
HC,ODDBALL,sub-19,0.22268750000000637
HC,ODDBALL,sub-19,-0.15181250000000546
HC,ODDBALL,sub-19,0.47743750000000773
HC,ODDBALL,sub-19,0.04143749999997226
HC,ODDBALL,sub-19,-0.10674999999997681
HC,ODDBALL,sub-19,0.42112500000001774
HC,ODDBALL,sub-19,0.36781250000001364
HC,ODDBALL,sub-19,-0.4125624999999786
HC,ODDBALL,sub-19,0.16556250000002137
HC,ODDBALL,sub-19,0.3573124999999777
HC,ODDBALL,sub-19,-0.45756249999999454
HC,ODDBALL,sub-19,-0.07474999999999454
HC,ODDBALL,sub-19,0.288250000000005
HC,ODDBALL,sub-19,0.35818749999998545
HC,ODDBALL,sub-19,-0.32668749999999136
HC,ODDBALL,sub-19,0.4359999999999786
HC,ODDBALL,sub-19,-0.35168750000002547
HC,ODDBALL,sub-19,0.24675000000002
HC,ODDBALL,sub-19,-0.18562500000001592
HC,RESTING,sub-19,0.20543749999999994
HC,RESTING,sub-19,0.4446874999999997
HC,RESTING,sub-19,0.3860000000000001
HC,RESTING,sub-19,-0.3122500000000006
HC,RESTING,sub-19,0.0701874999999994
HC,RESTING,sub-19,-0.4217499999999994
HC,RESTING,sub-19,0.27143749999999933
HC,RESTING,sub-19,0.12287500000000051
HC,RESTING,sub-19,-0.4540000000000006
HC,RESTING,sub-19,-0.36843749999999886
HC,RESTING,sub-19,0.3826874999999994
HC,RESTING,sub-19,-0.26868749999999864
HC,RESTING,sub-19,0.26006249999999653
HC,RESTING,sub-19,-0.36006249999999795
HC,RESTING,sub-19,-0.3291875000000033
HC,RESTING,sub-19,0.44868749999999835
HC,RESTING,sub-19,-0.019187500000001023
HC,RESTING,sub-19,0.29293750000000074
HC,RESTING,sub-19,0.48531249999999915
HC,RESTING,sub-19,-0.4783749999999998
HC,RESTING,sub-19,0.31418750000000273
HC,RESTING,sub-19,0.42518749999999983
HC,RESTING,sub-19,0.47587500000000205
HC,RESTING,sub-19,0.29162500000000335
HC,RESTING,sub-19,-0.17875000000000085
HC,RESTING,sub-19,-0.247812500000002
HC,RESTING,sub-19,0.24524999999999864
HC,RESTING,sub-19,0.3545000000000016
HC,RESTING,sub-19,0.1624374999999958
HC,RESTING,sub-19,-0.012500000000002842
HC,RESTING,sub-19,-0.02368749999999409
HC,RESTING,sub-19,-0.46512500000000045
HC,RESTING,sub-19,0.24643749999999898
HC,RESTING,sub-19,0.2629375000000067
HC,RESTING,sub-19,-0.0649374999999992
HC,RESTING,sub-19,-0.13018750000000523
HC,RESTING,sub-19,0.33074999999999477
HC,RESTING,sub-19,-0.43300000000000693
HC,RESTING,sub-19,0.3653750000000002
HC,RESTING,sub-19,0.45193749999999966
HC,RESTING,sub-19,0.37893750000000637
HC,RESTING,sub-19,-0.4336875000000049
HC,RESTING,sub-19,0.20456249999999443
HC,RESTING,sub-19,-0.45081249999999784
HC,RESTING,sub-19,0.10349999999999682
HC,RESTING,sub-19,-0.3249375000000043
HC,RESTING,sub-19,-0.4544999999999959
HC,RESTING,sub-19,0.4986250000000041
HC,RESTING,sub-19,-0.07106250000001069
HC,RESTING,sub-19,-0.1519375000000025
HC,RESTING,sub-19,0.33987500000000637
HC,RESTING,sub-19,-0.2998749999999859
HC,RESTING,sub-19,-0.3745000000000118
HC,RESTING,sub-19,-0.24043750000001296
HC,RESTING,sub-19,0.34312499999998636
HC,RESTING,sub-19,-0.09512499999999591
HC,RESTING,sub-19,0.11706250000000296
HC,RESTING,sub-19,0.16356250000001182
HC,RESTING,sub-19,-0.3349374999999952
HC,RESTING,sub-19,-0.1435625000000016
HC,RESTING,sub-19,-0.1568125000000009
HC,RESTING,sub-19,-0.06706249999999159
HC,RESTING,sub-19,-0.25393750000000637
HC,RESTING,sub-19,0.29681249999998727
HC,RESTING,sub-19,0.4412499999999966
HC,RESTING,sub-19,-0.39699999999999136
HC,RESTING,sub-19,-0.13512499999998795
HC,RESTING,sub-19,-0.18868749999998613
HC,RESTING,sub-19,0.3324374999999975
HC,RESTING,sub-19,0.020687500000008185
HC,RESTING,sub-19,0.01731250000000273
HC,RESTING,sub-19,0.04137499999998795
HC,RESTING,sub-19,-0.04431249999998954
HC,RESTING,sub-19,-0.05906250000001023
HC,RESTING,sub-19,0.1058749999999975
HC,RESTING,sub-19,-0.1392500000000041
HC,RESTING,sub-19,0.3855624999999918
HC,RESTING,sub-19,-0.18250000000000455
HC,RESTING,sub-19,-0.3440625000000068
HC,RESTING,sub-19,0.24187499999999318
HC,RESTING,sub-19,-0.3230000000000075
HC,RESTING,sub-19,0.16881250000000136
HC,RESTING,sub-19,0.020999999999986585
HC,RESTING,sub-19,-0.16225000000000023
HC,RESTING,sub-19,-0.3881874999999866
HC,RESTING,sub-19,0.18593749999999432
HC,RESTING,sub-19,-0.009749999999996817
HC,RESTING,sub-19,0.3971249999999884
HC,RESTING,sub-19,-0.01243750000000432
HC,RESTING,sub-19,-0.4056874999999991
HC,RESTING,sub-19,0.1193749999999909
HC,RESTING,sub-19,0.4314999999999998
HC,RESTING,sub-19,0.17756250000002183
HC,RESTING,sub-19,-0.47968750000001137
HC,RESTING,sub-19,-0.0024999999999977263
HC,RESTING,sub-19,-0.19818750000001728
HC,RESTING,sub-19,-0.43193750000000364
HC,RESTING,sub-19,-0.004187500000000455
HC,RESTING,sub-19,0.2230000000000132
HC,RESTING,sub-19,0.18056250000000773
HC,RESTING,sub-19,-0.47962499999999864
HC,RESTING,sub-19,0.04443750000001501
HC,RESTING,sub-19,-0.44206250000002
HC,RESTING,sub-19,0.41718750000001137
HC,RESTING,sub-19,-0.3862500000000182
HC,RESTING,sub-19,0.1918749999999818
HC,RESTING,sub-19,-0.23693750000001046
HC,RESTING,sub-19,0.30212499999998954
HC,RESTING,sub-19,-0.3939374999999927
HC,RESTING,sub-19,0.3560625000000073
HC,RESTING,sub-19,-0.30312500000002274
HC,RESTING,sub-19,-0.3143125000000282
HC,RESTING,sub-19,-0.11837500000001455
HC,RESTING,sub-19,-0.3254375000000209
HC,RESTING,sub-19,0.15656250000000682
HC,RESTING,sub-19,-0.3555625000000191
HC,RESTING,sub-19,0.0008124999999949978
HC,RESTING,sub-19,0.09993750000001
HC,RESTING,sub-19,-0.1643124999999941
HC,RESTING,sub-19,0.4488124999999741
HC,RESTING,sub-19,-0.088374999999985
HC,RESTING,sub-19,-0.05750000000000455
HC,RESTING,sub-19,-0.38425000000000864
HC,RESTING,sub-19,0.4369374999999991
HC,RESTING,sub-19,0.35162500000001273
HC,RESTING,sub-19,-0.24074999999999136
HC,RESTING,sub-19,-0.2697499999999877
HC,RESTING,sub-19,0.4496250000000259
HC,RESTING,sub-19,-0.11262499999997999
HC,RESTING,sub-19,0.21281249999998408
HC,ODDBALL,sub-20,-0.3076874999999999
HC,ODDBALL,sub-20,0.4735625000000001
HC,ODDBALL,sub-20,-0.02400000000000091
HC,ODDBALL,sub-20,0.3299999999999983
HC,ODDBALL,sub-20,-0.3563749999999999
HC,ODDBALL,sub-20,-0.4931875000000048
HC,ODDBALL,sub-20,0.39993749999999295
HC,ODDBALL,sub-20,0.16718749999999716
HC,ODDBALL,sub-20,-0.4149374999999935
HC,ODDBALL,sub-20,0.3194375000000065
HC,ODDBALL,sub-20,0.014375000000001137
HC,ODDBALL,sub-20,0.1872500000000059
HC,ODDBALL,sub-20,-0.3542500000000075
HC,ODDBALL,sub-20,-0.06406250000000568
HC,ODDBALL,sub-20,-0.2597499999999968
HC,ODDBALL,sub-20,-0.44243750000001114
HC,ODDBALL,sub-20,0.09062499999998863
HC,ODDBALL,sub-20,-0.02493749999999295
HC,ODDBALL,sub-20,-0.3685624999999959
HC,ODDBALL,sub-20,-0.07400000000001228
HC,ODDBALL,sub-20,-0.18737500000000296
HC,ODDBALL,sub-20,0.2861249999999984
HC,ODDBALL,sub-20,0.18418750000000728
HC,ODDBALL,sub-20,-0.305499999999995
HC,ODDBALL,sub-20,0.327312500000005
HC,ODDBALL,sub-20,0.13943750000001387
HC,ODDBALL,sub-20,-0.2847500000000025
HC,ODDBALL,sub-20,-0.47262499999999363
HC,ODDBALL,sub-20,0.34768750000000637
HC,ODDBALL,sub-20,-0.29750000000001364
HC,ODDBALL,sub-20,0.46031249999998636
HC,ODDBALL,sub-20,0.27443749999997635
HC,ODDBALL,sub-20,0.13343750000001364
HC,ODDBALL,sub-20,-0.05706249999997226
HC,ODDBALL,sub-20,0.40587499999998045
HC,ODDBALL,sub-20,-0.4918749999999932
HC,ODDBALL,sub-20,0.2893750000000068
HC,ODDBALL,sub-20,0.3176250000000209
HC,ODDBALL,sub-20,0.12193750000000136
HC,ODDBALL,sub-20,-0.0024374999999849933
HC,ODDBALL,sub-20,0.14106249999997544
HC,ODDBALL,sub-20,-0.004124999999987722
HC,ODDBALL,sub-20,0.2928749999999809
HC,ODDBALL,sub-20,0.30231250000002774
HC,ODDBALL,sub-20,0.29218750000001137
HC,ODDBALL,sub-20,0.006750000000010914
HC,ODDBALL,sub-20,-0.41550000000000864
HC,ODDBALL,sub-20,0.39699999999999136
HC,ODDBALL,sub-20,-0.05124999999998181
HC,ODDBALL,sub-20,-0.17824999999999136
HC,ODDBALL,sub-20,-0.14287500000000364
HC,ODDBALL,sub-20,-0.36881249999999
HC,ODDBALL,sub-20,-0.4821875000000091
HC,ODDBALL,sub-20,-0.36012499999998226
HC,ODDBALL,sub-20,0.47581250000001774
HC,ODDBALL,sub-20,0.2644999999999982
HC,RESTING,sub-20,-0.3041875000000003
HC,RESTING,sub-20,-0.21974999999999945
HC,RESTING,sub-20,-0.2260624999999994
HC,RESTING,sub-20,-0.10006249999999994
HC,RESTING,sub-20,0.22250000000000014
HC,RESTING,sub-20,-0.4711874999999992
HC,RESTING,sub-20,0.4511875000000032
HC,RESTING,sub-20,-0.4143749999999997
HC,RESTING,sub-20,0.4243124999999992
HC,RESTING,sub-20,0.1290625000000034
HC,RESTING,sub-20,-0.07662500000000705
HC,RESTING,sub-20,0.36087499999999295
HC,RESTING,sub-20,-0.227374999999995
HC,RESTING,sub-20,-0.3124375000000015
HC,RESTING,sub-20,-0.1058749999999975
HC,RESTING,sub-20,0.078937499999995
HC,RESTING,sub-20,0.46918750000000387
HC,RESTING,sub-20,-0.1441250000000025
HC,RESTING,sub-20,0.28112500000000296
HC,RESTING,sub-20,0.4898124999999993
HC,RESTING,sub-20,-0.12462500000000887
HC,RESTING,sub-20,-0.2734375
HC,RESTING,sub-20,0.21631249999998658
HC,RESTING,sub-20,-0.3773750000000007
HC,RESTING,sub-20,-0.08818750000000364
HC,RESTING,sub-20,0.3553124999999966
HC,RESTING,sub-20,0.475750000000005
HC,RESTING,sub-20,0.023374999999987267
HC,RESTING,sub-20,-0.3464999999999918
HC,RESTING,sub-20,-0.21643750000001205
HC,RESTING,sub-20,-0.49662499999999454
HC,RESTING,sub-20,0.11349999999998772
HC,RESTING,sub-20,-0.08787499999999682
HC,RESTING,sub-20,-0.016687499999989086
HC,RESTING,sub-20,-0.18143750000001546
HC,RESTING,sub-20,0.10293749999999591
HC,RESTING,sub-20,-0.2658749999999941
HC,RESTING,sub-20,-0.09012500000000045
HC,RESTING,sub-20,-0.22481249999998454
HC,RESTING,sub-20,0.29849999999999
HC,RESTING,sub-20,0.08249999999998181
HC,RESTING,sub-20,-0.3025000000000091
HC,RESTING,sub-20,-0.01418749999999136
HC,RESTING,sub-20,-0.29762499999998226
HC,RESTING,sub-20,0.019562500000006366
HC,RESTING,sub-20,0.20150000000001
HC,RESTING,sub-20,-0.3041875000000118
eMCS,ODDBALL,sub-21,-0.2777499999999993
eMCS,ODDBALL,sub-21,0.18106249999999946
eMCS,ODDBALL,sub-21,0.009812499999998892
eMCS,ODDBALL,sub-21,0.4706249999999983
eMCS,ODDBALL,sub-21,0.10406250000000128
eMCS,ODDBALL,sub-21,-0.1296874999999993
eMCS,ODDBALL,sub-21,0.44087499999999835
eMCS,ODDBALL,sub-21,-0.4999375000000015
eMCS,ODDBALL,sub-21,0.3720624999999984
eMCS,ODDBALL,sub-21,-0.19687499999999858
eMCS,ODDBALL,sub-21,0.4674375000000026
eMCS,ODDBALL,sub-21,-0.43493749999999665
eMCS,ODDBALL,sub-21,0.29731249999999676
eMCS,ODDBALL,sub-21,0.24750000000000227
eMCS,ODDBALL,sub-21,0.03306249999999977
eMCS,ODDBALL,sub-21,-0.16062500000000313
eMCS,ODDBALL,sub-21,0.4878124999999969
eMCS,ODDBALL,sub-21,0.2785000000000011
eMCS,ODDBALL,sub-21,-0.0635625000000033
eMCS,ODDBALL,sub-21,0.2459374999999966
eMCS,ODDBALL,sub-21,-0.07349999999999568
eMCS,ODDBALL,sub-21,0.4186875000000043
eMCS,ODDBALL,sub-21,0.10756250000000023
eMCS,ODDBALL,sub-21,-0.25981249999999534
eMCS,ODDBALL,sub-21,0.4685000000000059
eMCS,ODDBALL,sub-21,0.3548125000000084
eMCS,ODDBALL,sub-21,0.2944374999999866
eMCS,ODDBALL,sub-21,0.10656249999999545
eMCS,ODDBALL,sub-21,-0.06637499999999363
eMCS,ODDBALL,sub-21,0.33799999999999386
eMCS,ODDBALL,sub-21,-0.15306250000000432
eMCS,ODDBALL,sub-21,0.46375000000000455
eMCS,ODDBALL,sub-21,0.2583124999999882
eMCS,ODDBALL,sub-21,0.28643750000000523
eMCS,ODDBALL,sub-21,-0.1384999999999934
eMCS,ODDBALL,sub-21,-0.04137499999998795
eMCS,ODDBALL,sub-21,-0.164874999999995
eMCS,ODDBALL,sub-21,-0.3455624999999998
eMCS,ODDBALL,sub-21,0.30637500000000273
eMCS,ODDBALL,sub-21,-0.03587500000000432
eMCS,ODDBALL,sub-21,-0.3695625000000007
eMCS,ODDBALL,sub-21,0.2613749999999868
eMCS,ODDBALL,sub-21,0.24962500000000887
eMCS,ODDBALL,sub-21,-0.1638125000000059
eMCS,ODDBALL,sub-21,-0.4871249999999918
eMCS,ODDBALL,sub-21,-0.017875000000003638
eMCS,ODDBALL,sub-21,0.13443749999999
eMCS,ODDBALL,sub-21,0.26256250000000136
eMCS,ODDBALL,sub-21,-0.031062500000018645
eMCS,ODDBALL,sub-21,-0.1931250000000091
eMCS,ODDBALL,sub-21,-0.18012499999997544
eMCS,ODDBALL,sub-21,0.41712499999999864
eMCS,ODDBALL,sub-21,0.4138125000000059
eMCS,ODDBALL,sub-21,-0.4311875000000214
eMCS,ODDBALL,sub-21,0.4948125000000232
eMCS,ODDBALL,sub-21,0.11581250000000409
eMCS,ODDBALL,sub-21,0.39125000000001364
eMCS,ODDBALL,sub-21,-0.4798749999999927
eMCS,ODDBALL,sub-21,-0.11568749999997863
eMCS,ODDBALL,sub-21,0.30012499999998
eMCS,ODDBALL,sub-21,-0.078937499999995
eMCS,ODDBALL,sub-21,-0.06218749999999318
eMCS,ODDBALL,sub-21,0.29943750000001046
eMCS,ODDBALL,sub-21,-0.33049999999997226
eMCS,ODDBALL,sub-21,0.42012499999998454
eMCS,RESTING,sub-21,-0.4188749999999999
eMCS,RESTING,sub-21,-0.4011250000000004
eMCS,RESTING,sub-21,-0.14218749999999858
eMCS,RESTING,sub-21,0.3676250000000003
eMCS,RESTING,sub-21,-0.2794375000000002
eMCS,RESTING,sub-21,-0.10918749999999733
eMCS,RESTING,sub-21,-0.2526250000000019
eMCS,RESTING,sub-21,0.22568749999999937
eMCS,RESTING,sub-21,-0.20274999999999466
eMCS,RESTING,sub-21,0.0006249999999994316
eMCS,RESTING,sub-21,-0.22206250000000693
eMCS,RESTING,sub-21,-0.08418749999999875
eMCS,RESTING,sub-21,0.3539375000000007
eMCS,RESTING,sub-21,0.29618750000000205
eMCS,RESTING,sub-21,-0.19093750000000398
eMCS,RESTING,sub-21,0.4186875000000043
eMCS,RESTING,sub-21,0.27868750000000375
eMCS,RESTING,sub-21,0.43893749999999443
eMCS,RESTING,sub-21,0.42356250000000273
eMCS,RESTING,sub-21,0.14643750000000466
eMCS,RESTING,sub-21,0.27681250000000546
eMCS,RESTING,sub-21,-0.44837499999999864
eMCS,RESTING,sub-21,-0.4776249999999891
eMCS,RESTING,sub-21,0.2801875000000109
eMCS,RESTING,sub-21,-0.3556874999999877
eMCS,RESTING,sub-21,0.3599375000000009
eMCS,RESTING,sub-21,0.37706249999999386
eMCS,RESTING,sub-21,0.32981250000000273
eMCS,RESTING,sub-21,-0.24743749999998954
eMCS,RESTING,sub-21,0.25
eMCS,RESTING,sub-21,-0.4390625000000057
eMCS,RESTING,sub-21,-0.27956249999999727
eMCS,RESTING,sub-21,-0.1861874999999884
eMCS,RESTING,sub-21,-0.16312500000000796
eMCS,RESTING,sub-21,-0.3801249999999925
eMCS,RESTING,sub-21,-0.2839999999999918
eMCS,RESTING,sub-21,0.1257500000000107
eMCS,RESTING,sub-21,-0.36406249999998863
eMCS,RESTING,sub-21,-0.09462500000000773
eMCS,RESTING,sub-21,-0.33887499999997317
eMCS,RESTING,sub-21,0.044687500000009095
eMCS,RESTING,sub-21,-0.17168750000001864
eMCS,RESTING,sub-21,0.35981249999997544
eMCS,RESTING,sub-21,-0.38906250000002274
eMCS,RESTING,sub-21,0.09318749999999909
eMCS,RESTING,sub-21,-0.4857499999999959
eMCS,RESTING,sub-21,0.14012500000001182
eMCS,RESTING,sub-21,-0.022937500000011823
eMCS,RESTING,sub-21,-0.017499999999984084
eMCS,RESTING,sub-21,0.23362500000001774
eMCS,RESTING,sub-21,0.24987499999997453
eMCS,RESTING,sub-21,0.4728749999999877
eMCS,RESTING,sub-21,0.152187500000025
eMCS,RESTING,sub-21,0.3763749999999959
eMCS,RESTING,sub-21,-0.32600000000002183
eMCS,RESTING,sub-21,-0.22481249999998454
eMCS,RESTING,sub-21,-0.19193749999999454
eMCS,RESTING,sub-21,-0.39850000000001273
eMCS,RESTING,sub-21,-0.43137500000000273
eMCS,RESTING,sub-21,0.030062499999985448
eMCS,RESTING,sub-21,-0.3550624999999741
eMCS,RESTING,sub-21,0.1441874999999868
eMCS,RESTING,sub-21,-0.272625000000005
eMCS,RESTING,sub-21,-0.17462499999999181
eMCS,RESTING,sub-21,0.29187500000000455
eMCS,RESTING,sub-21,-0.37512500000002547
eMCS,RESTING,sub-21,-0.32068750000001955
eMCS,RESTING,sub-21,-0.26718749999997726
pDoC,ODDBALL,sub-22,-0.2973749999999997
pDoC,ODDBALL,sub-22,-0.022437500000000554
pDoC,ODDBALL,sub-22,0.12331250000000082
pDoC,ODDBALL,sub-22,-0.3960624999999993
pDoC,ODDBALL,sub-22,0.47524999999999906
pDoC,ODDBALL,sub-22,0.19562499999999972
pDoC,ODDBALL,sub-22,0.2808124999999997
pDoC,ODDBALL,sub-22,0.10300000000000153
pDoC,ODDBALL,sub-22,-0.13475000000000037
pDoC,ODDBALL,sub-22,0.08031250000000156
pDoC,ODDBALL,sub-22,-0.02750000000000341
pDoC,ODDBALL,sub-22,0.4506875000000008
pDoC,ODDBALL,sub-22,0.22462500000000318
pDoC,ODDBALL,sub-22,-0.0746249999999975
pDoC,ODDBALL,sub-22,0.1352499999999992
pDoC,ODDBALL,sub-22,-0.0323125000000033
pDoC,ODDBALL,sub-22,-0.1400624999999991
pDoC,ODDBALL,sub-22,0.026750000000006935
pDoC,ODDBALL,sub-22,0.1993750000000034
pDoC,ODDBALL,sub-22,-0.26337499999999636
pDoC,ODDBALL,sub-22,-0.1842499999999916
pDoC,ODDBALL,sub-22,0.12006249999998886
pDoC,ODDBALL,sub-22,0.21025000000000205
pDoC,ODDBALL,sub-22,-0.09000000000000341
pDoC,ODDBALL,sub-22,-0.06887499999999136
pDoC,ODDBALL,sub-22,-0.4482500000000016
pDoC,ODDBALL,sub-22,0.1454999999999984
pDoC,ODDBALL,sub-22,-0.1939999999999884
pDoC,ODDBALL,sub-22,-0.3105625000000032
pDoC,ODDBALL,sub-22,0.11512500000000614
pDoC,ODDBALL,sub-22,0.14343750000000455
pDoC,ODDBALL,sub-22,-0.1724375000000009
pDoC,ODDBALL,sub-22,-0.2473124999999925
pDoC,ODDBALL,sub-22,-0.011312500000002501
pDoC,ODDBALL,sub-22,0.0907500000000141
pDoC,ODDBALL,sub-22,-0.4949374999999918
pDoC,ODDBALL,sub-22,-0.46643750000001205
pDoC,ODDBALL,sub-22,0.2753749999999968
pDoC,ODDBALL,sub-22,-0.4226250000000107
pDoC,ODDBALL,sub-22,-0.1335625000000107
pDoC,ODDBALL,sub-22,0.1993750000000034
pDoC,ODDBALL,sub-22,-0.2346249999999941
pDoC,ODDBALL,sub-22,-0.22618750000000887
pDoC,ODDBALL,sub-22,0.008812500000004775
pDoC,ODDBALL,sub-22,0.49825000000001296
pDoC,ODDBALL,sub-22,0.12674999999998704
pDoC,ODDBALL,sub-22,0.4873749999999859
pDoC,ODDBALL,sub-22,0.029875000000004093
pDoC,ODDBALL,sub-22,-0.4099375000000123
pDoC,ODDBALL,sub-22,-0.496249999999975
pDoC,ODDBALL,sub-22,0.12093750000002501
pDoC,ODDBALL,sub-22,0.32131249999997635
pDoC,ODDBALL,sub-22,0.23649999999997817
pDoC,ODDBALL,sub-22,0.16287499999998545
pDoC,ODDBALL,sub-22,0.2855000000000132
pDoC,ODDBALL,sub-22,-0.12443749999999909
pDoC,ODDBALL,sub-22,0.14181250000001455
pDoC,ODDBALL,sub-22,-0.0344375000000241
pDoC,ODDBALL,sub-22,-0.20456250000000864
pDoC,ODDBALL,sub-22,0.47937500000000455
pDoC,ODDBALL,sub-22,-0.3596875000000068
pDoC,ODDBALL,sub-22,-0.01887499999997999
pDoC,ODDBALL,sub-22,-0.3776250000000232
pDoC,ODDBALL,sub-22,-0.052874999999971806
pDoC,ODDBALL,sub-22,-0.021000000000015007
pDoC,ODDBALL,sub-22,-0.11087500000002137
pDoC,ODDBALL,sub-22,-0.4733749999999759
pDoC,ODDBALL,sub-22,0.0969375000000241
pDoC,ODDBALL,sub-22,-0.32825000000002547
pDoC,ODDBALL,sub-22,-0.13693749999998772
pDoC,ODDBALL,sub-22,-0.12824999999998
pDoC,ODDBALL,sub-22,0.35612500000002
pDoC,ODDBALL,sub-22,-0.3813124999999786
pDoC,ODDBALL,sub-22,0.04637500000001182
pDoC,ODDBALL,sub-22,-0.33987500000000637
pDoC,ODDBALL,sub-22,-0.2963750000000118
pDoC,ODDBALL,sub-22,-0.12656249999997726
pDoC,ODDBALL,sub-22,0.33600000000001273
pDoC,ODDBALL,sub-22,0.3098125000000209
pDoC,ODDBALL,sub-22,0.2036875000000009
pDoC,ODDBALL,sub-22,-0.14724999999998545
pDoC,ODDBALL,sub-22,0.1622499999999718
pDoC,ODDBALL,sub-22,-0.33687500000002046
pDoC,ODDBALL,sub-22,0.040124999999989086
pDoC,ODDBALL,sub-22,-0.2727499999999736
pDoC,ODDBALL,sub-22,-0.014312500000016826
pDoC,ODDBALL,sub-22,-0.2950624999999718
pDoC,ODDBALL,sub-22,0.2723124999999982
pDoC,ODDBALL,sub-22,0.22143749999997908
pDoC,ODDBALL,sub-22,-0.10493750000000546
pDoC,ODDBALL,sub-22,0.47743750000000773
pDoC,ODDBALL,sub-22,0.08406250000001592
pDoC,ODDBALL,sub-22,-0.22418750000002774
pDoC,ODDBALL,sub-22,0.39299999999997226
pDoC,ODDBALL,sub-22,-0.10737499999999045
pDoC,ODDBALL,sub-22,0.32231250000000955
pDoC,ODDBALL,sub-22,0.02924999999999045
pDoC,ODDBALL,sub-22,-0.001125000000001819
pDoC,ODDBALL,sub-22,-0.21600000000000819
pDoC,ODDBALL,sub-22,0.46131250000001955
pDoC,ODDBALL,sub-22,0.004250000000013188
pDoC,ODDBALL,sub-22,0.48143750000002683
pDoC,ODDBALL,sub-22,0.1540625000000091
pDoC,RESTING,sub-22,-0.014625000000000554
pDoC,RESTING,sub-22,0.07243749999999949
pDoC,RESTING,sub-22,-0.1766874999999999
pDoC,RESTING,sub-22,-0.4684375000000003
pDoC,RESTING,sub-22,-0.19699999999999918
pDoC,RESTING,sub-22,0.009374999999998579
pDoC,RESTING,sub-22,0.4946249999999992
pDoC,RESTING,sub-22,-0.3046250000000015
pDoC,RESTING,sub-22,0.15593750000000028
pDoC,RESTING,sub-22,-0.16981249999999903
pDoC,RESTING,sub-22,-0.30299999999999727
pDoC,RESTING,sub-22,-0.16993750000000318
pDoC,RESTING,sub-22,-0.1616250000000008
pDoC,RESTING,sub-22,0.1683749999999975
pDoC,RESTING,sub-22,-0.11981250000000188
pDoC,RESTING,sub-22,-0.1998750000000058
pDoC,RESTING,sub-22,0.08199999999999363
pDoC,RESTING,sub-22,0.07018750000000296
pDoC,RESTING,sub-22,0.1538125000000008
pDoC,RESTING,sub-22,0.4980625000000032
pDoC,RESTING,sub-22,-0.18893749999999443
pDoC,RESTING,sub-22,-0.02375000000000682
pDoC,RESTING,sub-22,0.4449999999999932
pDoC,RESTING,sub-22,0.2427500000000009
pDoC,RESTING,sub-22,-0.039874999999995
pDoC,RESTING,sub-22,-0.12493750000000148
pDoC,RESTING,sub-22,-0.3362500000000068
pDoC,RESTING,sub-22,-0.45218749999999375
pDoC,RESTING,sub-22,0.16587499999999977
pDoC,RESTING,sub-22,0.4167499999999933
pDoC,RESTING,sub-22,0.30018750000000693
pDoC,RESTING,sub-22,0.27599999999999625
pDoC,RESTING,sub-22,-0.402812499999996
pDoC,RESTING,sub-22,0.15375000000000227
pDoC,RESTING,sub-22,-0.12274999999999636
pDoC,RESTING,sub-22,0.29837499999999295
pDoC,RESTING,sub-22,-0.03593750000000284
pDoC,RESTING,sub-22,0.0859375
pDoC,RESTING,sub-22,-0.17099999999999227
pDoC,RESTING,sub-22,0.3491249999999866
pDoC,RESTING,sub-22,0.23599999999999
pDoC,RESTING,sub-22,0.35381250000000364
pDoC,RESTING,sub-22,0.14349999999998886
pDoC,RESTING,sub-22,0.28056250000000205
pDoC,RESTING,sub-22,-0.14043749999999022
pDoC,RESTING,sub-22,0.3048750000000098
pDoC,RESTING,sub-22,-0.28837500000000205
pDoC,RESTING,sub-22,-0.2096249999999884
pDoC,RESTING,sub-22,-0.36762500000000387
pDoC,RESTING,sub-22,-0.053625000000010914
pDoC,RESTING,sub-22,-0.4587500000000091
pDoC,RESTING,sub-22,0.3227500000000134
pDoC,RESTING,sub-22,-0.12899999999999068
pDoC,RESTING,sub-22,-0.4324374999999918
pDoC,RESTING,sub-22,0.4434374999999875
pDoC,RESTING,sub-22,-0.4701249999999959
pDoC,RESTING,sub-22,-0.3129999999999882
pDoC,RESTING,sub-22,0.4760625000000118
pDoC,RESTING,sub-22,-0.2616250000000093
pDoC,RESTING,sub-22,0.15081250000000068
pDoC,RESTING,sub-22,0.1748749999999859
pDoC,RESTING,sub-22,-0.016312499999997954
pDoC,RESTING,sub-22,0.4579999999999984
pDoC,RESTING,sub-22,0.17850000000001387
pDoC,RESTING,sub-22,-0.3701874999999859
pDoC,RESTING,sub-22,-0.14612500000001205
pDoC,RESTING,sub-22,0.09568749999999682
pDoC,RESTING,sub-22,-0.1654374999999959
pDoC,RESTING,sub-22,-0.3366875000000107
pDoC,RESTING,sub-22,-0.2443125000000066
pDoC,RESTING,sub-22,0.25656250000000114
pDoC,RESTING,sub-22,-0.40412500000002183
pDoC,RESTING,sub-22,0.1510625000000232
pDoC,RESTING,sub-22,-0.019187499999986812
pDoC,RESTING,sub-22,-0.31912499999998545
pDoC,RESTING,sub-22,0.013687500000003183
pDoC,RESTING,sub-22,-0.24362500000000864
pDoC,RESTING,sub-22,-0.46050000000002456
pDoC,RESTING,sub-22,-0.15949999999998
pDoC,RESTING,sub-22,0.18868750000001455
pDoC,RESTING,sub-22,0.16612500000002228
pDoC,RESTING,sub-22,0.34668749999997317
pDoC,RESTING,sub-22,0.22131250000001046
pDoC,RESTING,sub-22,0.2453750000000241
pDoC,RESTING,sub-22,0.054562499999974534
pDoC,RESTING,sub-22,-0.16306250000002365
pDoC,RESTING,sub-22,-0.44618750000000773
pDoC,RESTING,sub-22,-0.2746875000000273
pDoC,RESTING,sub-22,-0.36331250000000637
pDoC,RESTING,sub-22,-0.4261875000000259
pDoC,RESTING,sub-22,-0.477374999999995
pDoC,RESTING,sub-22,-0.1913124999999809
pDoC,RESTING,sub-22,-0.26556249999998727
pDoC,RESTING,sub-22,-0.2503125000000068
pDoC,RESTING,sub-22,-0.3197499999999991
pDoC,RESTING,sub-22,-0.1662499999999909
pDoC,RESTING,sub-22,0.3033750000000168
pDoC,RESTING,sub-22,-0.10518749999999955
pDoC,RESTING,sub-22,-0.2696250000000191
pDoC,RESTING,sub-22,0.28581250000002
pDoC,RESTING,sub-22,0.12387499999999818
pDoC,RESTING,sub-22,0.2928749999999809
pDoC,RESTING,sub-22,0.47743750000000773
pDoC,RESTING,sub-22,0.4379999999999882
pDoC,RESTING,sub-22,0.27543750000000955
pDoC,RESTING,sub-22,0.20800000000002683
pDoC,RESTING,sub-22,0.1228125000000091
eMCS,ODDBALL,sub-23,0.4118124999999999
eMCS,ODDBALL,sub-23,-0.43687500000000057
eMCS,ODDBALL,sub-23,-0.47862500000000097
eMCS,ODDBALL,sub-23,-0.3804374999999993
eMCS,ODDBALL,sub-23,0.16312500000000085
eMCS,ODDBALL,sub-23,0.01812500000000128
eMCS,ODDBALL,sub-23,0.14168749999999974
eMCS,ODDBALL,sub-23,-0.036625000000000796
eMCS,ODDBALL,sub-23,-0.030437499999997897
eMCS,ODDBALL,sub-23,0.2403125000000017
eMCS,ODDBALL,sub-23,-0.34093750000000256
eMCS,ODDBALL,sub-23,0.33899999999999864
eMCS,ODDBALL,sub-23,0.39968749999999886
eMCS,ODDBALL,sub-23,0.3896249999999952
eMCS,ODDBALL,sub-23,0.06662500000000193
eMCS,ODDBALL,sub-23,-0.4048750000000041
eMCS,ODDBALL,sub-23,0.45999999999999375
eMCS,ODDBALL,sub-23,-0.1214999999999975
eMCS,ODDBALL,sub-23,-0.3071249999999992
eMCS,ODDBALL,sub-23,-0.297687499999995
eMCS,ODDBALL,sub-23,0.23468750000000682
eMCS,ODDBALL,sub-23,-0.4385625000000033
eMCS,ODDBALL,sub-23,-0.40587499999999466
eMCS,ODDBALL,sub-23,-0.3410625000000067
eMCS,ODDBALL,sub-23,-0.3089375000000132
eMCS,ODDBALL,sub-23,0.34337500000000887
eMCS,ODDBALL,sub-23,-0.37700000000000955
eMCS,ODDBALL,sub-23,-0.09868750000001114
eMCS,ODDBALL,sub-23,-0.45300000000000296
eMCS,ODDBALL,sub-23,-0.36656249999998636
eMCS,ODDBALL,sub-23,0.4732500000000073
eMCS,ODDBALL,sub-23,-0.1506249999999909
eMCS,ODDBALL,sub-23,0.030812499999996135
eMCS,ODDBALL,sub-23,-0.06106249999999136
eMCS,ODDBALL,sub-23,0.05649999999999977
eMCS,ODDBALL,sub-23,-0.2238749999999925
eMCS,ODDBALL,sub-23,-0.07456250000001319
eMCS,ODDBALL,sub-23,-0.013187499999986585
eMCS,ODDBALL,sub-23,-0.038937500000002956
eMCS,ODDBALL,sub-23,0.49343749999999886
eMCS,ODDBALL,sub-23,0.0967499999999859
eMCS,ODDBALL,sub-23,-0.05962500000001114
eMCS,ODDBALL,sub-23,-0.15993750000001228
eMCS,ODDBALL,sub-23,-0.4364999999999952
eMCS,ODDBALL,sub-23,-0.39318750000001046
eMCS,ODDBALL,sub-23,-0.1699999999999875
eMCS,ODDBALL,sub-23,-0.12112500000000637
eMCS,ODDBALL,sub-23,-0.33875000000000455
eMCS,ODDBALL,sub-23,-0.07224999999999682
eMCS,ODDBALL,sub-23,0.030187500000010914
eMCS,ODDBALL,sub-23,0.48318750000001387
eMCS,ODDBALL,sub-23,-0.05462499999998727
eMCS,ODDBALL,sub-23,-0.11625000000000796
eMCS,ODDBALL,sub-23,-0.4200625000000002
eMCS,ODDBALL,sub-23,0.2088124999999934
eMCS,ODDBALL,sub-23,-0.43031250000001364
eMCS,ODDBALL,sub-23,0.11656249999998636
eMCS,ODDBALL,sub-23,0.2629999999999768
eMCS,ODDBALL,sub-23,0.11124999999998408
eMCS,ODDBALL,sub-23,0.04599999999999227
eMCS,ODDBALL,sub-23,0.359375
eMCS,ODDBALL,sub-23,-0.20325000000002547
eMCS,ODDBALL,sub-23,0.47350000000000136
eMCS,ODDBALL,sub-23,0.33793750000000955
eMCS,ODDBALL,sub-23,-0.06843750000001592
eMCS,ODDBALL,sub-23,-0.17606250000000045
eMCS,ODDBALL,sub-23,-0.4846875000000068
eMCS,ODDBALL,sub-23,0.11450000000002092
eMCS,ODDBALL,sub-23,-0.033062500000028194
eMCS,ODDBALL,sub-23,-0.3841249999999832
eMCS,ODDBALL,sub-23,0.11193750000001046
eMCS,ODDBALL,sub-23,-0.2624374999999759
eMCS,ODDBALL,sub-23,0.39043750000001864
eMCS,ODDBALL,sub-23,0.43437499999998863
eMCS,ODDBALL,sub-23,-0.20243749999997362
eMCS,ODDBALL,sub-23,0.11849999999998317
eMCS,ODDBALL,sub-23,0.18124999999997726
eMCS,ODDBALL,sub-23,-0.4275000000000091
eMCS,ODDBALL,sub-23,-0.2559999999999718
eMCS,ODDBALL,sub-23,0.009625000000028194
eMCS,ODDBALL,sub-23,0.1424375000000282
eMCS,ODDBALL,sub-23,-0.36893750000001546
eMCS,ODDBALL,sub-23,-0.08262500000000728
eMCS,ODDBALL,sub-23,0.14481250000000045
eMCS,ODDBALL,sub-23,0.09100000000000819
eMCS,ODDBALL,sub-23,-0.3221874999999841
eMCS,ODDBALL,sub-23,-0.29131250000000364
eMCS,ODDBALL,sub-23,-0.45931250000001
eMCS,ODDBALL,sub-23,0.24468749999999773
eMCS,ODDBALL,sub-23,-0.07499999999998863
eMCS,ODDBALL,sub-23,0.23450000000002547
eMCS,ODDBALL,sub-23,0.027062499999999545
eMCS,ODDBALL,sub-23,-0.16975000000002183
eMCS,ODDBALL,sub-23,0.1618750000000091
eMCS,ODDBALL,sub-23,-0.4896875000000023
eMCS,ODDBALL,sub-23,0.1608749999999759
eMCS,ODDBALL,sub-23,-0.20156250000002274
eMCS,ODDBALL,sub-23,-0.3521250000000009
eMCS,ODDBALL,sub-23,-0.4886250000000132
eMCS,ODDBALL,sub-23,0.28243750000001455
eMCS,ODDBALL,sub-23,-0.49831249999999727
eMCS,ODDBALL,sub-23,0.18587500000001
eMCS,ODDBALL,sub-23,-0.05225000000001501
eMCS,ODDBALL,sub-23,-0.3947499999999877
eMCS,ODDBALL,sub-23,-0.21481249999999363
eMCS,ODDBALL,sub-23,0.08206250000000637
eMCS,ODDBALL,sub-23,0.4110625000000141
eMCS,ODDBALL,sub-23,0.07243749999997817
eMCS,ODDBALL,sub-23,0.0028750000000172804
eMCS,RESTING,sub-23,-0.07837499999999942
eMCS,RESTING,sub-23,0.4763125000000006
eMCS,RESTING,sub-23,0.1928750000000008
eMCS,RESTING,sub-23,-0.4663749999999993
eMCS,RESTING,sub-23,-0.15387499999999932
eMCS,RESTING,sub-23,0.18206250000000068
eMCS,RESTING,sub-23,-0.2714375000000011
eMCS,RESTING,sub-23,-0.1958750000000009
eMCS,RESTING,sub-23,-0.3174375000000005
eMCS,RESTING,sub-23,0.2919374999999995
eMCS,RESTING,sub-23,0.4794374999999995
eMCS,RESTING,sub-23,-0.4428124999999987
eMCS,RESTING,sub-23,-0.19281249999999872
eMCS,RESTING,sub-23,-0.09906249999999872
eMCS,RESTING,sub-23,-0.28600000000000136
eMCS,RESTING,sub-23,0.20618749999999864
eMCS,RESTING,sub-23,0.48743749999999864
eMCS,RESTING,sub-23,-0.2473124999999996
eMCS,RESTING,sub-23,0.0417500000000004
eMCS,RESTING,sub-23,0.3620625000000004
eMCS,RESTING,sub-23,-0.34825000000000017
eMCS,RESTING,sub-23,-0.06700000000000017
eMCS,RESTING,sub-23,0.22987499999999983
eMCS,RESTING,sub-23,-0.20737499999999898
eMCS,RESTING,sub-23,0.1807500000000033
eMCS,RESTING,sub-23,0.0840625000000017
eMCS,RESTING,sub-23,0.2524374999999992
eMCS,RESTING,sub-23,-0.10568750000000193
eMCS,RESTING,sub-23,-0.39000000000000057
eMCS,RESTING,sub-23,-0.38156250000000114
eMCS,RESTING,sub-23,0.18381250000000193
eMCS,RESTING,sub-23,0.4538749999999965
eMCS,RESTING,sub-23,-0.46349999999999625
eMCS,RESTING,sub-23,-0.419124999999994
eMCS,RESTING,sub-23,-0.2969374999999985
eMCS,RESTING,sub-23,0.4194375000000008
eMCS,RESTING,sub-23,-0.3140625000000057
eMCS,RESTING,sub-23,-0.05062499999999659
eMCS,RESTING,sub-23,0.3124375000000015
eMCS,RESTING,sub-23,-0.3335624999999993
eMCS,RESTING,sub-23,0.04143750000000068
eMCS,RESTING,sub-23,-0.2780625000000043
eMCS,RESTING,sub-23,-0.3731875000000002
eMCS,RESTING,sub-23,-0.2230000000000132
eMCS,RESTING,sub-23,0.4946874999999977
eMCS,RESTING,sub-23,0.007312500000011823
eMCS,RESTING,sub-23,0.2885625000000118
eMCS,RESTING,sub-23,0.4263750000000073
eMCS,RESTING,sub-23,-0.49424999999999386
eMCS,RESTING,sub-23,0.4975624999999866
eMCS,RESTING,sub-23,0.2181874999999991
eMCS,RESTING,sub-23,-0.019062499999989768
eMCS,RESTING,sub-23,-0.3908125000000098
eMCS,RESTING,sub-23,0.43362500000000637
eMCS,RESTING,sub-23,0.2848124999999868
eMCS,RESTING,sub-23,0.31368749999998613
eMCS,RESTING,sub-23,0.014125000000007049
eMCS,RESTING,sub-23,0.1910000000000025
eMCS,RESTING,sub-23,0.3458750000000066
eMCS,RESTING,sub-23,0.19806249999999181
eMCS,RESTING,sub-23,0.4324374999999918
eMCS,RESTING,sub-23,0.24556250000000546
eMCS,RESTING,sub-23,0.1384999999999934
eMCS,RESTING,sub-23,-0.45143749999999727
eMCS,RESTING,sub-23,-0.07937499999999886
eMCS,RESTING,sub-23,-0.4343125000000043
eMCS,RESTING,sub-23,-0.4727499999999907
eMCS,RESTING,sub-23,0.15225000000000932
eMCS,RESTING,sub-23,-0.22468750000001592
eMCS,RESTING,sub-23,-0.24662499999999454
eMCS,RESTING,sub-23,-0.37537500000001955
eMCS,RESTING,sub-23,-0.064937499999985
eMCS,RESTING,sub-23,-0.2637500000000159
eMCS,RESTING,sub-23,-0.024249999999994998
eMCS,RESTING,sub-23,-0.056500000000028194
eMCS,RESTING,sub-23,-0.44625000000002046
eMCS,RESTING,sub-23,0.2825624999999832
eMCS,RESTING,sub-23,0.18387500000000045
eMCS,RESTING,sub-23,-0.37337500000001
eMCS,RESTING,sub-23,-0.39531249999998863
eMCS,RESTING,sub-23,-0.09399999999999409
eMCS,RESTING,sub-23,0.4216250000000059
eMCS,RESTING,sub-23,0.12081249999999955
eMCS,RESTING,sub-23,0.39125000000001364
eMCS,RESTING,sub-23,-0.022187499999972715
eMCS,RESTING,sub-23,0.4153125000000273
eMCS,RESTING,sub-23,0.2169374999999718
eMCS,RESTING,sub-23,-0.27800000000002
eMCS,RESTING,sub-23,-0.03581250000002001
eMCS,RESTING,sub-23,0.3935000000000173
eMCS,RESTING,sub-23,0.26543750000001864
eMCS,RESTING,sub-23,0.33300000000002683
eMCS,RESTING,sub-23,-0.4746250000000032
eMCS,RESTING,sub-23,-0.12618750000001455
eMCS,RESTING,sub-23,0.18000000000000682
eMCS,RESTING,sub-23,-0.030062499999985448
eMCS,RESTING,sub-23,-0.24025000000000318
eMCS,RESTING,sub-23,-0.48637500000000955
eMCS,RESTING,sub-23,0.416499999999985
eMCS,RESTING,sub-23,-0.38668749999999363
eMCS,RESTING,sub-23,0.2704375000000141
eMCS,RESTING,sub-23,0.28025000000002365
eMCS,RESTING,sub-23,0.3075625000000173
pDoC,ODDBALL,sub-24,0.021437499999999332
pDoC,ODDBALL,sub-24,-0.18562499999999993
pDoC,ODDBALL,sub-24,-0.19950000000000045
pDoC,ODDBALL,sub-24,-0.2184999999999988
pDoC,ODDBALL,sub-24,-0.32225000000000037
pDoC,ODDBALL,sub-24,-0.12212500000000048
pDoC,ODDBALL,sub-24,-0.02093749999999872
pDoC,ODDBALL,sub-24,-0.18731249999999733
pDoC,ODDBALL,sub-24,0.10643749999999841
pDoC,ODDBALL,sub-24,0.09825000000000017
pDoC,ODDBALL,sub-24,0.04200000000000159
pDoC,ODDBALL,sub-24,0.48581250000000153
pDoC,ODDBALL,sub-24,0.3960624999999993
pDoC,ODDBALL,sub-24,0.10068750000000648
pDoC,ODDBALL,sub-24,0.37462499999999466
pDoC,ODDBALL,sub-24,0.02456250000000182
pDoC,ODDBALL,sub-24,-0.19356249999999875
pDoC,ODDBALL,sub-24,-0.17412500000000364
pDoC,ODDBALL,sub-24,-0.32524999999999693
pDoC,ODDBALL,sub-24,0.40131250000000307
pDoC,ODDBALL,sub-24,-0.2634999999999934
pDoC,ODDBALL,sub-24,0.34550000000000125
pDoC,ODDBALL,sub-24,-0.1298124999999999
pDoC,ODDBALL,sub-24,-0.24312500000000625
pDoC,ODDBALL,sub-24,-0.30837499999999807
pDoC,ODDBALL,sub-24,-0.26581249999999557
pDoC,ODDBALL,sub-24,-0.49075000000000557
pDoC,ODDBALL,sub-24,-0.3232500000000016
pDoC,ODDBALL,sub-24,-0.25900000000000034
pDoC,ODDBALL,sub-24,-0.48181250000000375
pDoC,ODDBALL,sub-24,-0.4499375000000043
pDoC,ODDBALL,sub-24,-0.1850625000000008
pDoC,ODDBALL,sub-24,-0.3553124999999966
pDoC,ODDBALL,sub-24,-0.36275000000000546
pDoC,ODDBALL,sub-24,-0.0059374999999874944
pDoC,ODDBALL,sub-24,0.4359374999999943
pDoC,ODDBALL,sub-24,0.25712500000000205
pDoC,ODDBALL,sub-24,-0.4959374999999966
pDoC,ODDBALL,sub-24,-0.3268124999999884
pDoC,ODDBALL,sub-24,-0.1505625000000066
pDoC,ODDBALL,sub-24,-0.07962499999999295
pDoC,ODDBALL,sub-24,-0.26306249999998954
pDoC,ODDBALL,sub-24,-0.10331249999998704
pDoC,ODDBALL,sub-24,0.006687499999998181
pDoC,ODDBALL,sub-24,-0.1761874999999975
pDoC,ODDBALL,sub-24,-0.3227500000000134
pDoC,ODDBALL,sub-24,0.3803749999999866
pDoC,ODDBALL,sub-24,-0.19243750000001114
pDoC,ODDBALL,sub-24,0.1689374999999984
pDoC,ODDBALL,sub-24,0.043812500000001364
pDoC,ODDBALL,sub-24,-0.35793749999999136
pDoC,ODDBALL,sub-24,-0.3426875000000109
pDoC,ODDBALL,sub-24,0.18906250000000568
pDoC,ODDBALL,sub-24,0.4705624999999998
pDoC,ODDBALL,sub-24,0.050187499999992724
pDoC,ODDBALL,sub-24,0.1171875
pDoC,ODDBALL,sub-24,-0.23475000000001955
pDoC,ODDBALL,sub-24,0.30912499999999454
pDoC,ODDBALL,sub-24,-0.44843750000001137
pDoC,ODDBALL,sub-24,-0.11618750000002365
pDoC,ODDBALL,sub-24,0.4191875000000209
pDoC,ODDBALL,sub-24,0.3869374999999877
pDoC,ODDBALL,sub-24,0.2823124999999891
pDoC,ODDBALL,sub-24,-0.4816875000000209
pDoC,ODDBALL,sub-24,0.4401874999999791
pDoC,ODDBALL,sub-24,-0.21062499999999318
pDoC,ODDBALL,sub-24,0.40312499999998863
pDoC,ODDBALL,sub-24,-0.02456250000000182
pDoC,ODDBALL,sub-24,-0.37887499999999363
pDoC,ODDBALL,sub-24,0.4828749999999786
pDoC,ODDBALL,sub-24,-0.24281250000001364
pDoC,ODDBALL,sub-24,0.2408125000000041
pDoC,ODDBALL,sub-24,0.016124999999988177
pDoC,ODDBALL,sub-24,0.161625000000015
pDoC,ODDBALL,sub-24,0.09874999999999545
pDoC,ODDBALL,sub-24,-0.08256249999999454
pDoC,ODDBALL,sub-24,-0.2818125000000009
pDoC,ODDBALL,sub-24,0.3251250000000141
pDoC,ODDBALL,sub-24,0.06793750000002774
pDoC,ODDBALL,sub-24,0.3112499999999727
pDoC,ODDBALL,sub-24,-0.19418749999999818
pDoC,RESTING,sub-24,-0.269625
pDoC,RESTING,sub-24,-0.17425000000000068
pDoC,RESTING,sub-24,-0.44975000000000165
pDoC,RESTING,sub-24,0.15181249999999835
pDoC,RESTING,sub-24,-0.39731250000000173
pDoC,RESTING,sub-24,0.13087499999999963
pDoC,RESTING,sub-24,-0.23581250000000153
pDoC,RESTING,sub-24,0.324562499999999
pDoC,RESTING,sub-24,0.1689374999999984
pDoC,RESTING,sub-24,0.29356250000000017
pDoC,RESTING,sub-24,-0.435312500000002
pDoC,RESTING,sub-24,0.10756250000000023
pDoC,RESTING,sub-24,-0.174062499999998
pDoC,RESTING,sub-24,-0.1802500000000009
pDoC,RESTING,sub-24,0.29643750000000324
pDoC,RESTING,sub-24,0.19512499999999733
pDoC,RESTING,sub-24,-0.005875000000003183
pDoC,RESTING,sub-24,-0.04468750000000199
pDoC,RESTING,sub-24,-0.38318750000000534
pDoC,RESTING,sub-24,0.33281250000000284
pDoC,RESTING,sub-24,0.3214375000000018
pDoC,RESTING,sub-24,-0.49987500000000296
pDoC,RESTING,sub-24,-0.49068750000000705
pDoC,RESTING,sub-24,-0.02975000000000705
pDoC,RESTING,sub-24,-0.10250000000000625
pDoC,RESTING,sub-24,0.40531249999999375
pDoC,RESTING,sub-24,0.015187499999996135
pDoC,RESTING,sub-24,0.39862499999999557
pDoC,RESTING,sub-24,-0.45168750000000557
pDoC,RESTING,sub-24,0.33737499999999443
pDoC,RESTING,sub-24,-0.10968750000000682
pDoC,RESTING,sub-24,0.21212500000000034
pDoC,RESTING,sub-24,-0.2849999999999966
pDoC,RESTING,sub-24,0.12112500000000637
pDoC,RESTING,sub-24,0.14162500000000477
pDoC,RESTING,sub-24,-0.46887499999999704
pDoC,RESTING,sub-24,-0.17743749999999636
pDoC,RESTING,sub-24,0.37331249999999727
pDoC,RESTING,sub-24,-0.1676249999999868
pDoC,RESTING,sub-24,0.3176249999999925
pDoC,RESTING,sub-24,0.09912499999998658
pDoC,RESTING,sub-24,0.002312499999987949
pDoC,RESTING,sub-24,0.4208125000000109
pDoC,RESTING,sub-24,-0.4056874999999991
pDoC,RESTING,sub-24,0.3768124999999998
pDoC,RESTING,sub-24,-0.15774999999999295
pDoC,RESTING,sub-24,-0.30131249999999454
pDoC,RESTING,sub-24,-0.03318749999999682
pDoC,RESTING,sub-24,-0.12250000000000227
pDoC,RESTING,sub-24,-0.11231250000000159
pDoC,RESTING,sub-24,-0.2946875000000091
pDoC,RESTING,sub-24,0.35062500000000796
pDoC,RESTING,sub-24,-0.24262500000000387
pDoC,RESTING,sub-24,-0.2950625000000002
pDoC,RESTING,sub-24,-0.18443750000000136
pDoC,RESTING,sub-24,-0.12106249999999363
pDoC,RESTING,sub-24,0.3566250000000082
pDoC,RESTING,sub-24,0.0508750000000191
pDoC,RESTING,sub-24,0.43206249999997226
pDoC,RESTING,sub-24,0.21418749999998
pDoC,RESTING,sub-24,0.35312499999997726
pDoC,RESTING,sub-24,-0.3121874999999932
pDoC,RESTING,sub-24,-0.09649999999999181
pDoC,RESTING,sub-24,-0.14956250000000182
pDoC,RESTING,sub-24,0.4988749999999982
pDoC,RESTING,sub-24,0.4926874999999882
pDoC,RESTING,sub-24,-0.26106249999998
pDoC,RESTING,sub-24,0.3093124999999759
pDoC,RESTING,sub-24,0.024062500000013642
pDoC,RESTING,sub-24,0.22043750000000273
pDoC,RESTING,sub-24,0.04137500000001637
pDoC,RESTING,sub-24,-0.008874999999989086
pDoC,RESTING,sub-24,-0.21237500000000864
pDoC,RESTING,sub-24,0.197749999999985
pDoC,RESTING,sub-24,-0.28362499999997226
pDoC,RESTING,sub-24,-0.048125000000027285
pDoC,RESTING,sub-24,0.1125625000000241
pDoC,RESTING,sub-24,0.29131250000000364
pDoC,RESTING,sub-24,0.02949999999998454
eMCS,ODDBALL,sub-25,0.07606249999999992
eMCS,ODDBALL,sub-25,0.10337499999999977
eMCS,ODDBALL,sub-25,0.30349999999999966
eMCS,ODDBALL,sub-25,0.335375
eMCS,ODDBALL,sub-25,0.27249999999999996
eMCS,ODDBALL,sub-25,0.22206249999999983
eMCS,ODDBALL,sub-25,0.4013749999999998
eMCS,ODDBALL,sub-25,0.23856250000000045
eMCS,ODDBALL,sub-25,0.2970624999999991
eMCS,ODDBALL,sub-25,0.3133125000000003
eMCS,ODDBALL,sub-25,0.31393749999999976
eMCS,ODDBALL,sub-25,0.2975625000000015
eMCS,ODDBALL,sub-25,0.2793750000000017
eMCS,ODDBALL,sub-25,0.4352499999999999
eMCS,ODDBALL,sub-25,-0.3926249999999989
eMCS,ODDBALL,sub-25,0.346562500000001
eMCS,ODDBALL,sub-25,0.2524374999999992
eMCS,ODDBALL,sub-25,-0.46924999999999883
eMCS,ODDBALL,sub-25,0.42618750000000105
eMCS,ODDBALL,sub-25,-0.4557499999999983
eMCS,ODDBALL,sub-25,0.4270625000000017
eMCS,ODDBALL,sub-25,0.02006250000000165
eMCS,ODDBALL,sub-25,-0.40775000000000006
eMCS,ODDBALL,sub-25,0.052812500000001705
eMCS,ODDBALL,sub-25,-0.22718749999999943
eMCS,ODDBALL,sub-25,0.311124999999997
eMCS,ODDBALL,sub-25,-0.32043749999999704
eMCS,ODDBALL,sub-25,0.3588749999999976
eMCS,ODDBALL,sub-25,0.2928124999999966
eMCS,ODDBALL,sub-25,-0.17087500000000233
eMCS,ODDBALL,sub-25,-0.13218750000000057
eMCS,ODDBALL,sub-25,0.23562499999999886
eMCS,ODDBALL,sub-25,-0.09224999999999994
eMCS,ODDBALL,sub-25,-0.3930624999999992
eMCS,ODDBALL,sub-25,-0.4617500000000021
eMCS,ODDBALL,sub-25,0.4401250000000019
eMCS,ODDBALL,sub-25,0.36325000000000074
eMCS,ODDBALL,sub-25,-0.48024999999999807
eMCS,ODDBALL,sub-25,0.1678124999999966
eMCS,ODDBALL,sub-25,0.38000000000000256
eMCS,ODDBALL,sub-25,0.3418125000000032
eMCS,ODDBALL,sub-25,0.3769374999999968
eMCS,ODDBALL,sub-25,0.39343750000000455
eMCS,ODDBALL,sub-25,0.44575000000000387
eMCS,ODDBALL,sub-25,-0.3746874999999932
eMCS,ODDBALL,sub-25,-0.30731249999999477
eMCS,ODDBALL,sub-25,0.40743750000000034
eMCS,ODDBALL,sub-25,0.270687499999994
eMCS,ODDBALL,sub-25,-0.39674999999999727
eMCS,ODDBALL,sub-25,-0.26331249999999784
eMCS,ODDBALL,sub-25,0.33068749999999625
eMCS,ODDBALL,sub-25,0.36218750000000455
eMCS,ODDBALL,sub-25,-0.3863125000000025
eMCS,ODDBALL,sub-25,0.3092500000000058
eMCS,ODDBALL,sub-25,-0.2601875000000007
eMCS,ODDBALL,sub-25,-0.3181874999999934
eMCS,ODDBALL,sub-25,-0.07850000000000534
eMCS,ODDBALL,sub-25,0.21481249999999363
eMCS,ODDBALL,sub-25,-0.3660624999999982
eMCS,ODDBALL,sub-25,0.33312499999999545
eMCS,ODDBALL,sub-25,-0.38512500000000216
eMCS,ODDBALL,sub-25,-0.387874999999994
eMCS,ODDBALL,sub-25,-0.26518749999999613
eMCS,ODDBALL,sub-25,-0.25331250000000693
eMCS,ODDBALL,sub-25,0.10993750000000091
eMCS,ODDBALL,sub-25,0.3653750000000002
eMCS,ODDBALL,sub-25,0.3418125000000032
eMCS,ODDBALL,sub-25,0.03925000000000978
eMCS,ODDBALL,sub-25,0.11699999999999022
eMCS,ODDBALL,sub-25,0.32037500000001273
eMCS,ODDBALL,sub-25,0.24312499999999204
eMCS,ODDBALL,sub-25,-0.48525000000000773
eMCS,ODDBALL,sub-25,-0.34812500000001023
eMCS,ODDBALL,sub-25,-0.3230624999999918
eMCS,ODDBALL,sub-25,0.008312499999988177
eMCS,ODDBALL,sub-25,-0.46674999999999045
eMCS,ODDBALL,sub-25,0.41206249999999045
eMCS,ODDBALL,sub-25,0.3257499999999993
eMCS,ODDBALL,sub-25,-0.4832499999999982
eMCS,ODDBALL,sub-25,-0.24737500000000523
eMCS,ODDBALL,sub-25,-0.1653750000000116
eMCS,ODDBALL,sub-25,-0.4509375000000091
eMCS,ODDBALL,sub-25,-0.3263125000000002
eMCS,ODDBALL,sub-25,-0.4449999999999932
eMCS,ODDBALL,sub-25,0.12137500000000045
eMCS,ODDBALL,sub-25,-0.17949999999999022
eMCS,ODDBALL,sub-25,0.0881249999999909
eMCS,ODDBALL,sub-25,0.10987499999998818
eMCS,ODDBALL,sub-25,0.2481249999999875
eMCS,ODDBALL,sub-25,-0.2701874999999916
eMCS,ODDBALL,sub-25,-0.002562500000010459
eMCS,ODDBALL,sub-25,0.43118749999999295
eMCS,ODDBALL,sub-25,-0.3443125000000009
eMCS,ODDBALL,sub-25,-0.3222499999999968
eMCS,ODDBALL,sub-25,0.22424999999998363
eMCS,ODDBALL,sub-25,-0.016687499999989086
eMCS,ODDBALL,sub-25,-0.47374999999999545
eMCS,ODDBALL,sub-25,-0.17068749999998545
eMCS,ODDBALL,sub-25,0.188312499999995
eMCS,ODDBALL,sub-25,-0.43581249999999727
eMCS,ODDBALL,sub-25,-0.2263125000000059
eMCS,ODDBALL,sub-25,-0.10568749999998772
eMCS,ODDBALL,sub-25,-0.18056250000000773
eMCS,ODDBALL,sub-25,0.32749999999998636
eMCS,ODDBALL,sub-25,0.42956249999997453
eMCS,ODDBALL,sub-25,-0.130375000000015
eMCS,ODDBALL,sub-25,-0.3684999999999832
eMCS,ODDBALL,sub-25,0.07831249999998136
eMCS,ODDBALL,sub-25,-0.35149999999998727
eMCS,ODDBALL,sub-25,0.2349375000000009
eMCS,ODDBALL,sub-25,-0.43962499999997817
eMCS,ODDBALL,sub-25,0.22212500000000546
eMCS,ODDBALL,sub-25,0.03956249999998818
eMCS,ODDBALL,sub-25,-0.400874999999985
eMCS,ODDBALL,sub-25,0.2567500000000109
eMCS,ODDBALL,sub-25,-0.01906250000001819
eMCS,ODDBALL,sub-25,-0.04893750000002228
eMCS,ODDBALL,sub-25,-0.210125000000005
eMCS,RESTING,sub-25,-0.10362500000000008
eMCS,RESTING,sub-25,0.17068749999999966
eMCS,RESTING,sub-25,-0.03575000000000017
eMCS,RESTING,sub-25,-0.2726249999999997
eMCS,RESTING,sub-25,0.4851875000000003
eMCS,RESTING,sub-25,-0.42299999999999827
eMCS,RESTING,sub-25,-0.17237499999999883
eMCS,RESTING,sub-25,-0.371437499999999
eMCS,RESTING,sub-25,0.417625000000001
eMCS,RESTING,sub-25,0.29537499999999994
eMCS,RESTING,sub-25,0.154874999999997
eMCS,RESTING,sub-25,-0.047624999999996476
eMCS,RESTING,sub-25,0.23425000000000296
eMCS,RESTING,sub-25,-0.050312499999996874
eMCS,RESTING,sub-25,0.0013750000000030127
eMCS,RESTING,sub-25,0.029187499999999034
eMCS,RESTING,sub-25,0.3863125000000025
eMCS,RESTING,sub-25,0.06393750000000153
eMCS,RESTING,sub-25,0.19849999999999568
eMCS,RESTING,sub-25,0.00318749999999568
eMCS,RESTING,sub-25,0.030749999999997613
eMCS,RESTING,sub-25,0.08693750000000477
eMCS,RESTING,sub-25,0.46937499999999943
eMCS,RESTING,sub-25,-0.38131250000000705
eMCS,RESTING,sub-25,-0.44974999999999454
eMCS,RESTING,sub-25,0.40587499999999466
eMCS,RESTING,sub-25,-0.33093750000000455
eMCS,RESTING,sub-25,0.21593749999999545
eMCS,RESTING,sub-25,-0.21562500000000284
eMCS,RESTING,sub-25,-0.33549999999999613
eMCS,RESTING,sub-25,-0.027000000000001023
eMCS,RESTING,sub-25,0.19918749999999363
eMCS,RESTING,sub-25,-0.26112500000000693
eMCS,RESTING,sub-25,0.2941875000000067
eMCS,RESTING,sub-25,0.3419375000000002
eMCS,RESTING,sub-25,0.23681250000001342
eMCS,RESTING,sub-25,0.0689999999999884
eMCS,RESTING,sub-25,0.45025000000001114
eMCS,RESTING,sub-25,-0.3725624999999866
eMCS,RESTING,sub-25,0.43662499999999227
eMCS,RESTING,sub-25,-0.45400000000000773
eMCS,RESTING,sub-25,-0.2691874999999868
eMCS,RESTING,sub-25,-0.13525000000001342
eMCS,RESTING,sub-25,-0.3533749999999998
eMCS,RESTING,sub-25,0.3028750000000002
eMCS,RESTING,sub-25,-0.20893749999999045
eMCS,RESTING,sub-25,-0.41143750000000523
eMCS,RESTING,sub-25,0.2643124999999884
eMCS,RESTING,sub-25,-0.3318125000000123
eMCS,RESTING,sub-25,-0.2922499999999957
eMCS,RESTING,sub-25,0.20106250000000614
eMCS,RESTING,sub-25,-0.10756250000000023
eMCS,RESTING,sub-25,-0.3528750000000116
eMCS,RESTING,sub-25,0.027625000000000455
eMCS,RESTING,sub-25,0.3986250000000098
eMCS,RESTING,sub-25,0.41687500000000455
eMCS,RESTING,sub-25,-0.4953749999999957
eMCS,RESTING,sub-25,0.21218749999999886
eMCS,RESTING,sub-25,-0.3416249999999934
eMCS,RESTING,sub-25,-0.03306249999999977
eMCS,RESTING,sub-25,0.3157500000000084
eMCS,RESTING,sub-25,0.011312500000002501
eMCS,RESTING,sub-25,0.11474999999998658
eMCS,RESTING,sub-25,-0.08699999999998909
eMCS,RESTING,sub-25,-0.466312500000015
eMCS,RESTING,sub-25,0.45318750000001273
eMCS,RESTING,sub-25,-0.3245625000000132
eMCS,RESTING,sub-25,0.30587500000001455
eMCS,RESTING,sub-25,-0.49049999999999727
eMCS,RESTING,sub-25,-0.42200000000002547
eMCS,RESTING,sub-25,0.31412499999999
eMCS,RESTING,sub-25,0.09924999999998363
eMCS,RESTING,sub-25,-0.3488125000000082
eMCS,RESTING,sub-25,-0.0194374999999809
eMCS,RESTING,sub-25,-0.35931249999998727
eMCS,RESTING,sub-25,0.25475000000000136
eMCS,RESTING,sub-25,-0.3691249999999968
eMCS,RESTING,sub-25,0.23368749999997362
eMCS,RESTING,sub-25,-0.136562500000025
eMCS,RESTING,sub-25,0.0018125000000281943
eMCS,RESTING,sub-25,0.35725000000002183
eMCS,RESTING,sub-25,-0.41331250000001774
eMCS,RESTING,sub-25,-0.23993749999999636
eMCS,RESTING,sub-25,0.20600000000001728
eMCS,RESTING,sub-25,0.2645625000000109
eMCS,RESTING,sub-25,0.3715624999999818
eMCS,RESTING,sub-25,-0.44168750000000045
eMCS,RESTING,sub-25,0.4934999999999832
eMCS,RESTING,sub-25,0.2259999999999991
eMCS,RESTING,sub-25,0.032062499999995
eMCS,RESTING,sub-25,-0.3192500000000109
eMCS,RESTING,sub-25,0.10225000000002638
pDoC,ODDBALL,sub-26,-0.48806249999999984
pDoC,ODDBALL,sub-26,0.2814375
pDoC,ODDBALL,sub-26,0.21706250000000082
pDoC,ODDBALL,sub-26,-0.06874999999999964
pDoC,ODDBALL,sub-26,-0.008124999999999716
pDoC,ODDBALL,sub-26,0.24725000000000108
pDoC,ODDBALL,sub-26,-0.04193750000000307
pDoC,ODDBALL,sub-26,-0.3391875000000013
pDoC,ODDBALL,sub-26,-0.2168750000000017
pDoC,ODDBALL,sub-26,0.022374999999996703
pDoC,ODDBALL,sub-26,0.4388124999999974
pDoC,ODDBALL,sub-26,-0.1486874999999941
pDoC,ODDBALL,sub-26,-0.2538124999999951
pDoC,ODDBALL,sub-26,-0.16825000000000045
pDoC,ODDBALL,sub-26,-0.27381250000000534
pDoC,ODDBALL,sub-26,-0.4351249999999993
pDoC,ODDBALL,sub-26,-0.13399999999998613
pDoC,ODDBALL,sub-26,-0.28762499999999136
pDoC,ODDBALL,sub-26,0.11949999999998795
pDoC,ODDBALL,sub-26,0.17381249999999682
pDoC,ODDBALL,sub-26,-0.3098124999999925
pDoC,ODDBALL,sub-26,0.2526875000000075
pDoC,ODDBALL,sub-26,-0.01587499999999409
pDoC,ODDBALL,sub-26,0.3956875000000082
pDoC,ODDBALL,sub-26,0.2876875000000041
pDoC,ODDBALL,sub-26,-0.23781249999998977
pDoC,ODDBALL,sub-26,0.16581249999998704
pDoC,ODDBALL,sub-26,0.03725000000000023
pDoC,ODDBALL,sub-26,-0.01681249999998613
pDoC,ODDBALL,sub-26,-0.14237499999998704
pDoC,ODDBALL,sub-26,0.37325000000001296
pDoC,ODDBALL,sub-26,-0.47506250000000705
pDoC,ODDBALL,sub-26,-0.39881249999999113
pDoC,ODDBALL,sub-26,0.31993750000000887
pDoC,ODDBALL,sub-26,-0.04612499999998931
pDoC,ODDBALL,sub-26,-0.16006250000000932
pDoC,ODDBALL,sub-26,0.21843749999999318
pDoC,ODDBALL,sub-26,0.18781250000000682
pDoC,ODDBALL,sub-26,-0.10424999999997908
pDoC,ODDBALL,sub-26,0.17662500000000136
pDoC,ODDBALL,sub-26,0.1700624999999718
pDoC,ODDBALL,sub-26,-0.025624999999990905
pDoC,ODDBALL,sub-26,0.3337500000000091
pDoC,ODDBALL,sub-26,-0.18543749999997772
pDoC,ODDBALL,sub-26,0.0020625000000222826
pDoC,ODDBALL,sub-26,0.09581250000002228
pDoC,ODDBALL,sub-26,0.20518750000002228
pDoC,ODDBALL,sub-26,-0.40456249999999727
pDoC,ODDBALL,sub-26,-0.16237499999999727
pDoC,ODDBALL,sub-26,-0.05299999999999727
pDoC,ODDBALL,sub-26,0.08762500000000273
pDoC,ODDBALL,sub-26,0.27512500000000273
pDoC,ODDBALL,sub-26,0.40793750000000273
pDoC,ODDBALL,sub-26,-0.3248125000000073
pDoC,ODDBALL,sub-26,-0.11387500000000728
pDoC,ODDBALL,sub-26,0.3548749999999927
pDoC,ODDBALL,sub-26,-0.24706250000002683
pDoC,ODDBALL,sub-26,-0.3916874999999891
pDoC,ODDBALL,sub-26,-0.39206250000000864
pDoC,ODDBALL,sub-26,-0.2071250000000191
pDoC,ODDBALL,sub-26,0.3237500000000182
pDoC,ODDBALL,sub-26,-0.2565000000000168
pDoC,ODDBALL,sub-26,0.4388124999999832
pDoC,ODDBALL,sub-26,0.02800000000002001
pDoC,ODDBALL,sub-26,-0.028187500000001364
pDoC,ODDBALL,sub-26,-0.2661249999999882
pDoC,ODDBALL,sub-26,0.38999999999998636
pDoC,ODDBALL,sub-26,-0.3984375
pDoC,ODDBALL,sub-26,-0.13043750000002774
pDoC,ODDBALL,sub-26,-0.1125625000000241
pDoC,ODDBALL,sub-26,0.18493749999998954
pDoC,ODDBALL,sub-26,-0.16699999999997317
pDoC,ODDBALL,sub-26,0.36425000000002683
pDoC,ODDBALL,sub-26,0.06150000000002365
pDoC,ODDBALL,sub-26,-0.4857499999999959
pDoC,ODDBALL,sub-26,0.4751875000000041
pDoC,ODDBALL,sub-26,0.433437500000025
pDoC,RESTING,sub-26,-0.37356250000000024
pDoC,RESTING,sub-26,0.0049374999999969305
pDoC,RESTING,sub-26,0.1373749999999987
pDoC,RESTING,sub-26,-0.39743750000000233
pDoC,RESTING,sub-26,-0.1427499999999995
pDoC,RESTING,sub-26,0.06818750000000051
pDoC,RESTING,sub-26,-0.25124999999999886
pDoC,RESTING,sub-26,-0.48474999999999824
pDoC,RESTING,sub-26,0.19162500000000193
pDoC,RESTING,sub-26,0.27037500000000136
pDoC,RESTING,sub-26,-0.1743124999999992
pDoC,RESTING,sub-26,0.40724999999999767
pDoC,RESTING,sub-26,-0.38131249999999994
pDoC,RESTING,sub-26,0.30349999999999966
pDoC,RESTING,sub-26,0.07743750000000205
pDoC,RESTING,sub-26,0.12300000000000466
pDoC,RESTING,sub-26,-0.3228124999999977
pDoC,RESTING,sub-26,0.23343749999999375
pDoC,RESTING,sub-26,0.34281249999999375
pDoC,RESTING,sub-26,-0.2903749999999974
pDoC,RESTING,sub-26,-0.14974999999999739
pDoC,RESTING,sub-26,0.06900000000000261
pDoC,RESTING,sub-26,-0.19700000000000273
pDoC,RESTING,sub-26,-0.26768749999999386
pDoC,RESTING,sub-26,-0.08799999999999386
pDoC,RESTING,sub-26,0.47450000000000614
pDoC,RESTING,sub-26,-0.4165000000000134
pDoC,RESTING,sub-26,-0.2993125000000134
pDoC,RESTING,sub-26,0.4741249999999866
pDoC,RESTING,sub-26,0.3653750000000002
pDoC,RESTING,sub-26,-0.08712499999998613
pDoC,RESTING,sub-26,0.00662500000001387
pDoC,RESTING,sub-26,0.11600000000001387
pDoC,RESTING,sub-26,0.4636250000000075
pDoC,RESTING,sub-26,-0.13287500000001273
pDoC,RESTING,sub-26,0.22812500000000568
pDoC,RESTING,sub-26,-0.47718750000001364
pDoC,RESTING,sub-26,-0.35874999999998636
pDoC,RESTING,sub-26,0.25931249999999295
pDoC,RESTING,sub-26,0.20574999999999477
pDoC,RESTING,sub-26,0.40231249999999363
pDoC,RESTING,sub-26,0.11056249999998613
pDoC,RESTING,sub-26,-0.116375000000005
pDoC,RESTING,sub-26,-0.36162500000000364
pDoC,RESTING,sub-26,0.33368749999999636
pDoC,RESTING,sub-26,0.09312499999998636
pDoC,RESTING,sub-26,-0.032250000000004775
pDoC,RESTING,sub-26,-0.1419999999999959
pDoC,RESTING,sub-26,-0.23093750000001023
pDoC,RESTING,sub-26,-0.3941250000000025
pDoC,RESTING,sub-26,0.2545624999999916
pDoC,RESTING,sub-26,0.043812500000001364
pDoC,RESTING,sub-26,0.278812500000015
pDoC,RESTING,sub-26,-0.24793749999997772
pDoC,RESTING,sub-26,0.4473750000000223
pDoC,RESTING,sub-26,0.35793749999999136
pDoC,RESTING,sub-26,0.3221250000000282
pDoC,RESTING,sub-26,0.04149999999998499
pDoC,RESTING,sub-26,-0.2408125000000041
pDoC,RESTING,sub-26,0.47100000000000364
pDoC,RESTING,sub-26,0.14350000000001728
pDoC,RESTING,sub-26,0.46087499999998727
pDoC,RESTING,sub-26,0.41393749999997453
pDoC,RESTING,sub-26,0.12243749999998954
pDoC,RESTING,sub-26,0.2451874999999859
pDoC,RESTING,sub-26,0.478999999999985
eMCS,ODDBALL,sub-27,-0.4310624999999999
eMCS,ODDBALL,sub-27,-0.2699999999999996
eMCS,ODDBALL,sub-27,0.1665000000000001
eMCS,ODDBALL,sub-27,-0.31706250000000047
eMCS,ODDBALL,sub-27,0.13087499999999963
eMCS,ODDBALL,sub-27,0.20306250000000148
eMCS,ODDBALL,sub-27,-0.08537499999999909
eMCS,ODDBALL,sub-27,0.30918749999999307
eMCS,ODDBALL,sub-27,-0.10818749999999966
eMCS,ODDBALL,sub-27,-0.17343750000000568
eMCS,ODDBALL,sub-27,0.4121250000000032
eMCS,ODDBALL,sub-27,0.1982500000000016
eMCS,ODDBALL,sub-27,-0.23418750000000443
eMCS,ODDBALL,sub-27,-0.1443749999999966
eMCS,ODDBALL,sub-27,0.3672499999999985
eMCS,ODDBALL,sub-27,0.10649999999999693
eMCS,ODDBALL,sub-27,-0.1713124999999991
eMCS,ODDBALL,sub-27,0.2391874999999999
eMCS,ODDBALL,sub-27,0.3539999999999992
eMCS,ODDBALL,sub-27,0.38487499999999386
eMCS,ODDBALL,sub-27,-0.3680624999999935
eMCS,ODDBALL,sub-27,0.02637500000000159
eMCS,ODDBALL,sub-27,0.43687500000000057
eMCS,ODDBALL,sub-27,-0.2071250000000049
eMCS,ODDBALL,sub-27,0.362812500000004
eMCS,ODDBALL,sub-27,0.2739375000000024
eMCS,ODDBALL,sub-27,0.4542500000000018
eMCS,ODDBALL,sub-27,-0.06112500000000409
eMCS,ODDBALL,sub-27,0.1858749999999958
eMCS,ODDBALL,sub-27,0.06012499999999932
eMCS,ODDBALL,sub-27,0.22124999999999773
eMCS,ODDBALL,sub-27,-0.41043750000000045
eMCS,ODDBALL,sub-27,-0.17062500000000114
eMCS,ODDBALL,sub-27,0.07543750000000671
eMCS,ODDBALL,sub-27,-0.4429374999999993
eMCS,ODDBALL,sub-27,-0.3186874999999958
eMCS,ODDBALL,sub-27,-0.3639375000000058
eMCS,ODDBALL,sub-27,-0.2295000000000016
eMCS,ODDBALL,sub-27,0.19287499999998658
eMCS,ODDBALL,sub-27,-0.4024374999999907
eMCS,ODDBALL,sub-27,-0.10381250000000364
eMCS,ODDBALL,sub-27,0.056874999999990905
eMCS,ODDBALL,sub-27,-0.3523125000000107
eMCS,ODDBALL,sub-27,-0.22768750000000182
eMCS,ODDBALL,sub-27,0.4089375000000075
eMCS,ODDBALL,sub-27,0.4027499999999975
eMCS,ODDBALL,sub-27,0.19925000000000637
eMCS,ODDBALL,sub-27,0.05043749999998681
eMCS,ODDBALL,sub-27,-0.1484375
eMCS,ODDBALL,sub-27,0.4035000000000082
eMCS,ODDBALL,sub-27,0.13837499999999636
eMCS,ODDBALL,sub-27,0.17025000000001
eMCS,ODDBALL,sub-27,-0.21975000000000477
eMCS,ODDBALL,sub-27,-0.3373124999999959
eMCS,ODDBALL,sub-27,0.010687499999988859
eMCS,ODDBALL,sub-27,0.04737499999998818
eMCS,ODDBALL,sub-27,0.007562500000005912
eMCS,ODDBALL,sub-27,-0.19787500000001046
eMCS,ODDBALL,sub-27,0.1346875000000125
eMCS,ODDBALL,sub-27,-0.1845000000000141
eMCS,ODDBALL,sub-27,0.46049999999999613
eMCS,ODDBALL,sub-27,-0.4641249999999957
eMCS,ODDBALL,sub-27,-0.37756250000001046
eMCS,ODDBALL,sub-27,-0.3027500000000032
eMCS,ODDBALL,sub-27,0.23318750000001387
eMCS,ODDBALL,sub-27,0.48443750000001273
eMCS,ODDBALL,sub-27,0.09731249999998681
eMCS,ODDBALL,sub-27,-0.20193750000001387
eMCS,ODDBALL,sub-27,0.2863125000000082
eMCS,ODDBALL,sub-27,-0.02174999999999727
eMCS,ODDBALL,sub-27,0.1513750000000016
eMCS,ODDBALL,sub-27,-0.4733750000000043
eMCS,ODDBALL,sub-27,-0.3060624999999959
eMCS,ODDBALL,sub-27,0.49206250000000296
eMCS,ODDBALL,sub-27,-0.2535000000000025
eMCS,ODDBALL,sub-27,-0.06537499999998886
eMCS,ODDBALL,sub-27,0.1576249999999959
eMCS,ODDBALL,sub-27,0.18068750000000477
eMCS,ODDBALL,sub-27,0.0516875000000141
eMCS,ODDBALL,sub-27,-0.2992500000000007
eMCS,ODDBALL,sub-27,0.4324374999999918
eMCS,ODDBALL,sub-27,-0.14943750000000477
eMCS,ODDBALL,sub-27,-0.43787499999999113
eMCS,ODDBALL,sub-27,0.4377499999999941
eMCS,ODDBALL,sub-27,-0.3973124999999982
eMCS,ODDBALL,sub-27,0.2976250000000107
eMCS,ODDBALL,sub-27,0.4154374999999959
eMCS,ODDBALL,sub-27,-0.3222499999999968
eMCS,ODDBALL,sub-27,0.36487500000001205
eMCS,ODDBALL,sub-27,0.4636874999999918
eMCS,ODDBALL,sub-27,0.12143750000001319
eMCS,ODDBALL,sub-27,0.4485000000000241
eMCS,ODDBALL,sub-27,-0.464687500000025
eMCS,ODDBALL,sub-27,0.05837500000001228
eMCS,ODDBALL,sub-27,0.07943749999998317
eMCS,ODDBALL,sub-27,0.3443125000000009
eMCS,ODDBALL,sub-27,0.38574999999997317
eMCS,ODDBALL,sub-27,-0.18131249999999
eMCS,ODDBALL,sub-27,0.033749999999997726
eMCS,ODDBALL,sub-27,-0.17149999999998045
eMCS,ODDBALL,sub-27,0.02781249999998181
eMCS,ODDBALL,sub-27,0.24049999999999727
eMCS,ODDBALL,sub-27,0.1506249999999909
eMCS,ODDBALL,sub-27,-0.31368750000001455
eMCS,ODDBALL,sub-27,-0.3521250000000009
eMCS,ODDBALL,sub-27,0.15531249999997954
eMCS,ODDBALL,sub-27,0.3346250000000168
eMCS,ODDBALL,sub-27,0.12531250000000682
eMCS,ODDBALL,sub-27,0.007749999999987267
eMCS,ODDBALL,sub-27,-0.18793749999997544
eMCS,ODDBALL,sub-27,-0.2930625000000191
eMCS,ODDBALL,sub-27,-0.17862500000001091
eMCS,ODDBALL,sub-27,0.47431249999999636
eMCS,ODDBALL,sub-27,0.28831250000001774
eMCS,ODDBALL,sub-27,0.04574999999999818
eMCS,ODDBALL,sub-27,-0.23950000000002092
eMCS,ODDBALL,sub-27,0.3229999999999791
eMCS,ODDBALL,sub-27,-0.46056249999998045
eMCS,ODDBALL,sub-27,0.1484375
eMCS,ODDBALL,sub-27,0.33256249999999454
eMCS,ODDBALL,sub-27,-0.10725000000002183
eMCS,ODDBALL,sub-27,0.19306249999999636
eMCS,ODDBALL,sub-27,0.15525000000002365
eMCS,ODDBALL,sub-27,-0.18462499999998272
eMCS,ODDBALL,sub-27,-0.31543749999997317
eMCS,ODDBALL,sub-27,-0.3969374999999786
eMCS,ODDBALL,sub-27,-0.418124999999975
eMCS,ODDBALL,sub-27,0.441250000000025
eMCS,ODDBALL,sub-27,-0.255375000000015
eMCS,ODDBALL,sub-27,-0.38237500000002456
eMCS,RESTING,sub-27,0.2251875000000001
eMCS,RESTING,sub-27,0.2140000000000004
eMCS,RESTING,sub-27,-0.30925000000000047
eMCS,RESTING,sub-27,-0.4788750000000004
eMCS,RESTING,sub-27,0.3342500000000008
eMCS,RESTING,sub-27,-0.3096875000000008
eMCS,RESTING,sub-27,0.3119374999999991
eMCS,RESTING,sub-27,0.24650000000000105
eMCS,RESTING,sub-27,-0.4447499999999991
eMCS,RESTING,sub-27,-0.01481250000000145
eMCS,RESTING,sub-27,0.3885000000000005
eMCS,RESTING,sub-27,-0.1695625000000014
eMCS,RESTING,sub-27,0.4476249999999986
eMCS,RESTING,sub-27,0.028999999999999915
eMCS,RESTING,sub-27,-0.27806250000000077
eMCS,RESTING,sub-27,0.19093749999999687
eMCS,RESTING,sub-27,0.4760624999999976
eMCS,RESTING,sub-27,-0.373624999999997
eMCS,RESTING,sub-27,0.036062499999999886
eMCS,RESTING,sub-27,0.35762499999999875
eMCS,RESTING,sub-27,-0.29512499999999875
eMCS,RESTING,sub-27,-0.18412500000000165
eMCS,RESTING,sub-27,-0.44568749999999824
eMCS,RESTING,sub-27,-0.4606874999999988
eMCS,RESTING,sub-27,-0.07043749999999704
eMCS,RESTING,sub-27,-0.2583125000000024
eMCS,RESTING,sub-27,-0.20237500000000352
eMCS,RESTING,sub-27,-0.12818750000000279
eMCS,RESTING,sub-27,0.15468750000000142
eMCS,RESTING,sub-27,0.17775000000000318
eMCS,RESTING,sub-27,-0.10387500000000216
eMCS,RESTING,sub-27,-0.1651250000000033
eMCS,RESTING,sub-27,0.36574999999999847
eMCS,RESTING,sub-27,0.33474999999999966
eMCS,RESTING,sub-27,-0.16018750000000637
eMCS,RESTING,sub-27,-0.22987500000000693
eMCS,RESTING,sub-27,-0.1869374999999991
eMCS,RESTING,sub-27,0.21693750000000023
eMCS,RESTING,sub-27,-0.22031250000000568
eMCS,RESTING,sub-27,-0.4394374999999968
eMCS,RESTING,sub-27,0.4361875000000026
eMCS,RESTING,sub-27,0.22131249999999625
eMCS,RESTING,sub-27,-0.05612499999999443
eMCS,RESTING,sub-27,0.01906250000000398
eMCS,RESTING,sub-27,-0.2811875000000015
eMCS,RESTING,sub-27,-0.42118750000000205
eMCS,RESTING,sub-27,0.12993749999999693
eMCS,RESTING,sub-27,-0.1516874999999942
eMCS,RESTING,sub-27,-0.3431874999999991
eMCS,RESTING,sub-27,0.3407499999999999
eMCS,RESTING,sub-27,0.04893749999999386
eMCS,RESTING,sub-27,-0.2036250000000024
eMCS,RESTING,sub-27,-0.3914999999999935
eMCS,RESTING,sub-27,0.17881250000000648
eMCS,RESTING,sub-27,0.2763750000000016
eMCS,RESTING,sub-27,0.05406250000000057
eMCS,RESTING,sub-27,-0.3359375
eMCS,RESTING,sub-27,0.453125
eMCS,RESTING,sub-27,0.2381874999999951
eMCS,RESTING,sub-27,-0.13718749999999602
eMCS,RESTING,sub-27,0.11343750000000341
eMCS,RESTING,sub-27,-0.1635624999999976
eMCS,RESTING,sub-27,0.14956250000000182
eMCS,RESTING,sub-27,-0.046125000000003524
eMCS,RESTING,sub-27,-0.06112500000000409
eMCS,RESTING,sub-27,-0.2985000000000042
eMCS,RESTING,sub-27,-0.47856249999999534
eMCS,RESTING,sub-27,0.05231249999999932
eMCS,RESTING,sub-27,-0.1778125000000017
eMCS,RESTING,sub-27,0.07281249999999773
eMCS,RESTING,sub-27,0.36249999999999716
eMCS,RESTING,sub-27,0.252750000000006
eMCS,RESTING,sub-27,0.2731875000000059
eMCS,RESTING,sub-27,0.3633750000000049
eMCS,RESTING,sub-27,0.35518749999999955
eMCS,RESTING,sub-27,0.09337499999999466
eMCS,RESTING,sub-27,0.22324999999999307
eMCS,RESTING,sub-27,-0.46699999999999875
eMCS,RESTING,sub-27,0.11175000000000068
eMCS,RESTING,sub-27,0.04887499999999534
eMCS,RESTING,sub-27,-0.4655000000000058
eMCS,RESTING,sub-27,0.3704374999999942
eMCS,RESTING,sub-27,-0.3490625000000023
eMCS,RESTING,sub-27,0.4243749999999977
eMCS,RESTING,sub-27,-0.4571875000000034
eMCS,RESTING,sub-27,0.4959374999999966
eMCS,RESTING,sub-27,-0.14081250000000978
eMCS,RESTING,sub-27,-0.12456249999999613
eMCS,RESTING,sub-27,0.42712499999998954
eMCS,RESTING,sub-27,0.4814374999999984
eMCS,RESTING,sub-27,-0.2995625000000075
eMCS,RESTING,sub-27,0.036624999999986585
eMCS,RESTING,sub-27,0.3028750000000002
eMCS,RESTING,sub-27,0.4821875000000091
eMCS,RESTING,sub-27,-0.14937499999999204
eMCS,RESTING,sub-27,-0.0950625000000116
eMCS,RESTING,sub-27,-0.2653124999999932
eMCS,RESTING,sub-27,-0.12506250000001273
eMCS,RESTING,sub-27,-0.29268749999999955
eMCS,RESTING,sub-27,0.0038125000000093223
eMCS,RESTING,sub-27,0.110187499999995
eMCS,RESTING,sub-27,0.3097500000000082
eMCS,RESTING,sub-27,0.16093749999998863
eMCS,RESTING,sub-27,0.38349999999999795
eMCS,RESTING,sub-27,-0.34537499999999
eMCS,RESTING,sub-27,-0.2946875000000091
eMCS,RESTING,sub-27,-0.20031249999999545
eMCS,RESTING,sub-27,-0.4800625000000025
eMCS,RESTING,sub-27,-0.027312499999993634
eMCS,RESTING,sub-27,-0.1370625000000132
eMCS,RESTING,sub-27,0.0
eMCS,RESTING,sub-27,-0.06968749999998636
eMCS,RESTING,sub-27,0.27006249999999454
eMCS,RESTING,sub-27,-0.4526250000000118
eMCS,RESTING,sub-27,-0.040937500000012506
eMCS,RESTING,sub-27,-0.31412499999999
eMCS,RESTING,sub-27,0.11187499999999773
eMCS,RESTING,sub-27,-0.09362500000000296
eMCS,RESTING,sub-27,0.23181249999998954
eMCS,RESTING,sub-27,0.05643749999998704
eMCS,RESTING,sub-27,0.09712500000000546
eMCS,RESTING,sub-27,0.2842499999999859
eMCS,RESTING,sub-27,0.35418749999999477
eMCS,RESTING,sub-27,0.2564999999999884
eMCS,RESTING,sub-27,-0.4394374999999968
eMCS,RESTING,sub-27,0.08475000000001387
eMCS,RESTING,sub-27,-0.10931249999998727
eMCS,RESTING,sub-27,-0.2669999999999959
eMCS,RESTING,sub-27,0.49987500000000296
eMCS,RESTING,sub-27,-0.18256249999998886
eMCS,RESTING,sub-27,0.1306874999999934
eMCS,RESTING,sub-27,0.36681250000000887
eMCS,RESTING,sub-27,0.18081250000000182
eMCS,RESTING,sub-27,0.3835625000000107
eMCS,RESTING,sub-27,0.3841874999999959
eMCS,RESTING,sub-27,-0.23162500000000819
eMCS,RESTING,sub-27,-0.211749999999995
eMCS,RESTING,sub-27,-0.45706250000000637
eMCS,RESTING,sub-27,0.17775000000000318
eMCS,RESTING,sub-27,0.32262500000001637
eMCS,RESTING,sub-27,-0.28649999999998954
eMCS,RESTING,sub-27,-0.4499374999999759
eMCS,RESTING,sub-27,-0.42168750000001864
eMCS,RESTING,sub-27,-0.32049999999998136
eMCS,RESTING,sub-27,-0.17599999999998772
eMCS,RESTING,sub-27,0.4958750000000123
eMCS,RESTING,sub-27,-0.22525000000001683
eMCS,RESTING,sub-27,-0.40531249999997954
eMCS,RESTING,sub-27,-0.2884999999999991
eMCS,RESTING,sub-27,-0.0915625000000091
eMCS,RESTING,sub-27,0.2518125000000282
eMCS,RESTING,sub-27,0.27949999999998454
eMCS,RESTING,sub-27,0.43537500000002183
eMCS,RESTING,sub-27,0.4011249999999791
eMCS,RESTING,sub-27,-0.34862500000002683
eMCS,RESTING,sub-27,-0.4609375
eMCS,RESTING,sub-27,0.0584999999999809
eMCS,RESTING,sub-27,0.2925000000000182
eMCS,RESTING,sub-27,-0.23750000000001137
eMCS,RESTING,sub-27,-0.13987500000001774
eMCS,RESTING,sub-27,-0.4126875000000041
eMCS,RESTING,sub-27,-0.29849999999999
eMCS,RESTING,sub-27,-0.44368750000001
eMCS,RESTING,sub-27,-0.27118749999999636
eMCS,RESTING,sub-27,-0.17000000000001592
eMCS,RESTING,sub-27,-0.060000000000002274
eMCS,RESTING,sub-27,-0.18799999999998818
eMCS,RESTING,sub-27,-0.03212500000000773
eMCS,RESTING,sub-27,-0.1799374999999941
eMCS,RESTING,sub-27,0.07068750000001955
eMCS,RESTING,sub-27,-0.0078125
eMCS,RESTING,sub-27,0.00868750000000773
eMCS,RESTING,sub-27,-0.3666875000000118
eMCS,RESTING,sub-27,0.3598749999999882
eMCS,RESTING,sub-27,0.06006250000001501
eMCS,RESTING,sub-27,-0.36481250000002774
eMCS,RESTING,sub-27,0.44768749999997226
eMCS,RESTING,sub-27,0.36918750000000955
eMCS,RESTING,sub-27,0.26406250000002274
eMCS,RESTING,sub-27,0.36624999999997954
eMCS,RESTING,sub-27,0.05756250000001728
eMCS,RESTING,sub-27,0.24931249999997362
eMCS,RESTING,sub-27,0.038000000000010914
eMCS,RESTING,sub-27,0.03500000000002501
eMCS,RESTING,sub-27,0.01218749999998181
eMCS,RESTING,sub-27,0.0274375000000191
eMCS,RESTING,sub-27,0.027062499999999545
eMCS,RESTING,sub-27,-0.4442500000000109
eMCS,RESTING,sub-27,0.21162500000002638
eMCS,RESTING,sub-27,-0.07362499999999272
eMCS,RESTING,sub-27,-0.42812500000002274
eMCS,RESTING,sub-27,0.3784375000000182
eMCS,RESTING,sub-27,0.4619999999999891
eMCS,RESTING,sub-27,0.23506250000002638
eMCS,RESTING,sub-27,0.30700000000001637
eMCS,RESTING,sub-27,0.07587499999999636
eMCS,RESTING,sub-27,0.20150000000001
eMCS,RESTING,sub-27,0.37000000000000455
eMCS,RESTING,sub-27,0.30393750000001774
eMCS,RESTING,sub-27,-0.07637499999998454
eMCS,RESTING,sub-27,-0.18975000000000364
eMCS,RESTING,sub-27,-0.07131249999997635
eMCS,RESTING,sub-27,0.2699999999999818
eMCS,RESTING,sub-27,0.22687500000000682
eMCS,RESTING,sub-27,-0.3534999999999968
eMCS,RESTING,sub-27,0.39699999999999136
eMCS,ODDBALL,sub-28,-0.2713749999999999
eMCS,ODDBALL,sub-28,-0.3410624999999996
eMCS,ODDBALL,sub-28,0.3776875000000004
eMCS,ODDBALL,sub-28,-0.2243750000000002
eMCS,ODDBALL,sub-28,-0.2131249999999998
eMCS,ODDBALL,sub-28,0.3493750000000002
eMCS,ODDBALL,sub-28,0.015625
eMCS,ODDBALL,sub-28,-0.37074999999999925
eMCS,ODDBALL,sub-28,-0.4039999999999999
eMCS,ODDBALL,sub-28,0.3616250000000001
eMCS,ODDBALL,sub-28,-0.29481249999999903
eMCS,ODDBALL,sub-28,-0.3018125000000005
eMCS,ODDBALL,sub-28,-0.2725624999999994
eMCS,ODDBALL,sub-28,-0.46187499999999915
eMCS,ODDBALL,sub-28,0.40531250000000085
eMCS,ODDBALL,sub-28,0.4055624999999985
eMCS,ODDBALL,sub-28,-0.29706250000000267
eMCS,ODDBALL,sub-28,0.32793749999999733
eMCS,ODDBALL,sub-28,-0.3469375000000028
eMCS,ODDBALL,sub-28,-0.23693750000000335
eMCS,ODDBALL,sub-28,-0.4873125000000016
eMCS,ODDBALL,sub-28,0.23531249999999915
eMCS,ODDBALL,sub-28,-0.11925000000000097
eMCS,ODDBALL,sub-28,0.22449999999999903
eMCS,ODDBALL,sub-28,-0.39537500000000136
eMCS,ODDBALL,sub-28,0.26087499999999864
eMCS,ODDBALL,sub-28,-0.31700000000000017
eMCS,ODDBALL,sub-28,-0.25387500000000074
eMCS,ODDBALL,sub-28,-0.07037499999999852
eMCS,ODDBALL,sub-28,-0.43306249999999835
eMCS,ODDBALL,sub-28,-0.49856249999999847
eMCS,ODDBALL,sub-28,-0.14831250000000296
eMCS,ODDBALL,sub-28,-0.4666249999999934
eMCS,ODDBALL,sub-28,-0.41631250000000364
eMCS,ODDBALL,sub-28,-0.38018750000000523
eMCS,ODDBALL,sub-28,0.27606249999999477
eMCS,ODDBALL,sub-28,-0.41118749999999693
eMCS,ODDBALL,sub-28,-0.15612500000000296
eMCS,ODDBALL,sub-28,-0.2574999999999932
eMCS,ODDBALL,sub-28,-0.4633749999999992
eMCS,ODDBALL,sub-28,0.3725625000000008
eMCS,ODDBALL,sub-28,0.2734999999999985
eMCS,ODDBALL,sub-28,0.03874999999999318
eMCS,ODDBALL,sub-28,-0.13075000000000614
eMCS,ODDBALL,sub-28,0.4043750000000017
eMCS,ODDBALL,sub-28,-0.4577500000000043
eMCS,ODDBALL,sub-28,-0.3200625000000059
eMCS,ODDBALL,sub-28,0.37487500000000296
eMCS,ODDBALL,sub-28,-0.08224999999998772
eMCS,ODDBALL,sub-28,-0.1988125000000025
eMCS,ODDBALL,sub-28,-0.13568749999998886
eMCS,ODDBALL,sub-28,-0.08918750000000841
eMCS,ODDBALL,sub-28,-0.11199999999999477
eMCS,ODDBALL,sub-28,0.04487499999999045
eMCS,ODDBALL,sub-28,-0.35006250000000705
eMCS,ODDBALL,sub-28,-0.4581875000000082
eMCS,ODDBALL,sub-28,-0.45375000000001364
eMCS,ODDBALL,sub-28,-0.1328125
eMCS,ODDBALL,sub-28,-0.4496249999999975
eMCS,ODDBALL,sub-28,-0.4135625000000118
eMCS,ODDBALL,sub-28,-0.4633750000000134
eMCS,ODDBALL,sub-28,-0.022062500000004093
eMCS,ODDBALL,sub-28,-0.21674999999999045
eMCS,ODDBALL,sub-28,-0.18587500000001
eMCS,ODDBALL,sub-28,0.3669999999999902
eMCS,ODDBALL,sub-28,-0.10550000000000637
eMCS,ODDBALL,sub-28,-0.43631250000001387
eMCS,ODDBALL,sub-28,-0.4111249999999984
eMCS,ODDBALL,sub-28,-0.3111874999999884
eMCS,ODDBALL,sub-28,-0.3890624999999943
eMCS,ODDBALL,sub-28,0.4585624999999993
eMCS,ODDBALL,sub-28,0.4790000000000134
eMCS,ODDBALL,sub-28,0.21825000000001182
eMCS,ODDBALL,sub-28,-0.034874999999999545
eMCS,ODDBALL,sub-28,-0.4997500000000059
eMCS,ODDBALL,sub-28,-0.3464999999999918
eMCS,ODDBALL,sub-28,-0.09149999999999636
eMCS,ODDBALL,sub-28,0.1633124999999893
eMCS,ODDBALL,sub-28,-0.12843749999998977
eMCS,ODDBALL,sub-28,-0.09756250000000932
eMCS,ODDBALL,sub-28,-0.3515625
eMCS,ODDBALL,sub-28,0.17250000000001364
eMCS,ODDBALL,sub-28,0.1848124999999925
eMCS,ODDBALL,sub-28,0.3413124999999866
eMCS,ODDBALL,sub-28,0.04143750000000068
eMCS,ODDBALL,sub-28,-0.4078125000000057
eMCS,ODDBALL,sub-28,-0.3717499999999916
eMCS,ODDBALL,sub-28,-0.24287499999999795
eMCS,ODDBALL,sub-28,-0.4255625000000123
eMCS,ODDBALL,sub-28,-0.19849999999999568
eMCS,ODDBALL,sub-28,-0.4199375000000032
eMCS,ODDBALL,sub-28,-0.4350624999999866
eMCS,ODDBALL,sub-28,-0.03181250000000091
eMCS,ODDBALL,sub-28,-0.05893750000001319
eMCS,ODDBALL,sub-28,-0.38325000000000387
eMCS,ODDBALL,sub-28,-0.35493750000000546
eMCS,ODDBALL,sub-28,-0.019000000000005457
eMCS,ODDBALL,sub-28,0.00925000000000864
eMCS,ODDBALL,sub-28,-0.2801875000000109
eMCS,ODDBALL,sub-28,-0.31800000000001205
eMCS,ODDBALL,sub-28,0.13900000000001
eMCS,ODDBALL,sub-28,0.07349999999999568
eMCS,ODDBALL,sub-28,-0.3286249999999882
eMCS,ODDBALL,sub-28,-0.24987500000000296
eMCS,ODDBALL,sub-28,0.035187500000006366
eMCS,ODDBALL,sub-28,-0.23312499999997272
eMCS,ODDBALL,sub-28,-0.30381249999999227
eMCS,ODDBALL,sub-28,-0.3612499999999841
eMCS,ODDBALL,sub-28,-0.11943750000000364
eMCS,ODDBALL,sub-28,-0.37175000000002
eMCS,ODDBALL,sub-28,-0.28981249999998226
eMCS,ODDBALL,sub-28,0.46018750000001774
eMCS,ODDBALL,sub-28,0.43737499999997453
eMCS,ODDBALL,sub-28,-0.183749999999975
eMCS,ODDBALL,sub-28,0.2934374999999818
eMCS,ODDBALL,sub-28,0.2279374999999959
eMCS,ODDBALL,sub-28,-0.26499999999998636
eMCS,ODDBALL,sub-28,-0.32587499999999636
eMCS,ODDBALL,sub-28,0.14612499999998363
eMCS,ODDBALL,sub-28,0.05299999999999727
eMCS,ODDBALL,sub-28,-0.23881249999999454
eMCS,ODDBALL,sub-28,-0.3329375000000141
eMCS,ODDBALL,sub-28,-0.19181250000002592
eMCS,ODDBALL,sub-28,-0.011500000000012278
eMCS,ODDBALL,sub-28,-0.08474999999998545
eMCS,ODDBALL,sub-28,-0.0735000000000241
eMCS,ODDBALL,sub-28,-0.2588749999999891
eMCS,ODDBALL,sub-28,0.3547500000000241
eMCS,ODDBALL,sub-28,0.37781250000000455
eMCS,ODDBALL,sub-28,0.24099999999998545
eMCS,ODDBALL,sub-28,0.34418749999997544
eMCS,ODDBALL,sub-28,0.46100000000001273
eMCS,ODDBALL,sub-28,0.3987500000000068
eMCS,ODDBALL,sub-28,-0.4916249999999991
eMCS,ODDBALL,sub-28,-0.12443749999999909
eMCS,ODDBALL,sub-28,0.30587500000001455
eMCS,ODDBALL,sub-28,-0.22831250000001546
eMCS,ODDBALL,sub-28,-0.10368749999997817
eMCS,ODDBALL,sub-28,-0.23887500000000728
eMCS,ODDBALL,sub-28,0.4987499999999727
eMCS,ODDBALL,sub-28,0.1047500000000241
eMCS,ODDBALL,sub-28,-0.3793749999999818
eMCS,ODDBALL,sub-28,-0.3267500000000041
eMCS,ODDBALL,sub-28,-0.4479375000000232
eMCS,ODDBALL,sub-28,0.2786249999999768
eMCS,ODDBALL,sub-28,0.03706249999999045
eMCS,ODDBALL,sub-28,-0.32268749999997226
eMCS,ODDBALL,sub-28,0.10762499999998454
eMCS,ODDBALL,sub-28,-0.21600000000000819
eMCS,ODDBALL,sub-28,0.4714999999999918
eMCS,ODDBALL,sub-28,-0.2301249999999868
eMCS,ODDBALL,sub-28,-0.32043750000002547
eMCS,ODDBALL,sub-28,-0.06981250000001182
eMCS,ODDBALL,sub-28,-0.3771874999999909
eMCS,ODDBALL,sub-28,0.4978125000000091
eMCS,ODDBALL,sub-28,-0.3490625000000023
eMCS,ODDBALL,sub-28,-0.41874999999998863
eMCS,ODDBALL,sub-28,-0.4643750000000182
eMCS,ODDBALL,sub-28,0.46456249999999955
eMCS,ODDBALL,sub-28,-0.3268125000000168
eMCS,ODDBALL,sub-28,0.3997499999999832
eMCS,ODDBALL,sub-28,0.051625000000001364
eMCS,ODDBALL,sub-28,0.208500000000015
eMCS,ODDBALL,sub-28,-0.48268749999999727
eMCS,ODDBALL,sub-28,-0.07943749999998317
eMCS,ODDBALL,sub-28,-0.024125000000026375
eMCS,ODDBALL,sub-28,-0.03649999999998954
eMCS,ODDBALL,sub-28,0.0891250000000241
eMCS,ODDBALL,sub-28,0.18768749999998136
eMCS,ODDBALL,sub-28,-0.22612500000002456
eMCS,ODDBALL,sub-28,0.09481249999998909
eMCS,ODDBALL,sub-28,0.22725000000002638
eMCS,ODDBALL,sub-28,-0.43293749999998
eMCS,ODDBALL,sub-28,-0.49381249999999
eMCS,ODDBALL,sub-28,0.37299999999999045
eMCS,ODDBALL,sub-28,-0.231937500000015
eMCS,ODDBALL,sub-28,0.46399999999999864
eMCS,ODDBALL,sub-28,0.07762500000001182
eMCS,ODDBALL,sub-28,-0.34862500000002683
eMCS,ODDBALL,sub-28,-0.3323750000000132
eMCS,ODDBALL,sub-28,-0.4714999999999918
eMCS,ODDBALL,sub-28,0.3100000000000023
eMCS,ODDBALL,sub-28,-0.42025000000001
eMCS,ODDBALL,sub-28,-0.2044999999999959
eMCS,ODDBALL,sub-28,-0.12212499999998272
eMCS,ODDBALL,sub-28,0.13531249999999773
eMCS,ODDBALL,sub-28,-0.04737499999998818
eMCS,ODDBALL,sub-28,-0.19256250000000819
eMCS,ODDBALL,sub-28,0.1528124999999818
eMCS,ODDBALL,sub-28,0.47693750000001955
eMCS,RESTING,sub-28,0.3614375000000001
eMCS,RESTING,sub-28,0.0033124999999998295
eMCS,RESTING,sub-28,-0.20018750000000018
eMCS,RESTING,sub-28,-0.3646250000000002
eMCS,RESTING,sub-28,0.3697499999999998
eMCS,RESTING,sub-28,0.32868749999999913
eMCS,RESTING,sub-28,0.025624999999999787
eMCS,RESTING,sub-28,-0.15625
eMCS,RESTING,sub-28,-0.16962499999999991
eMCS,RESTING,sub-28,-0.4402499999999989
eMCS,RESTING,sub-28,-0.41600000000000037
eMCS,RESTING,sub-28,0.33399999999999963
eMCS,RESTING,sub-28,-0.07724999999999937
eMCS,RESTING,sub-28,0.2833749999999995
eMCS,RESTING,sub-28,0.01762499999999889
eMCS,RESTING,sub-28,-0.08749999999999858
eMCS,RESTING,sub-28,0.23343750000000085
eMCS,RESTING,sub-28,-0.0944375000000015
eMCS,RESTING,sub-28,-0.31268750000000267
eMCS,RESTING,sub-28,0.4579999999999984
eMCS,RESTING,sub-28,0.013562499999999034
eMCS,RESTING,sub-28,-0.24399999999999977
eMCS,RESTING,sub-28,0.4321249999999992
eMCS,RESTING,sub-28,-0.24668750000000017
eMCS,RESTING,sub-28,-0.16412499999999852
eMCS,RESTING,sub-28,-0.011812499999997783
eMCS,RESTING,sub-28,0.12943750000000165
eMCS,RESTING,sub-28,-0.12356249999999847
eMCS,RESTING,sub-28,0.18112500000000153
eMCS,RESTING,sub-28,0.14912499999999795
eMCS,RESTING,sub-28,-0.45862499999999784
eMCS,RESTING,sub-28,0.36168750000000216
eMCS,RESTING,sub-28,-0.27843750000000256
eMCS,RESTING,sub-28,0.3696249999999992
eMCS,RESTING,sub-28,0.007312499999997613
eMCS,RESTING,sub-28,-0.16049999999999898
eMCS,RESTING,sub-28,0.0546875
eMCS,RESTING,sub-28,0.403499999999994
eMCS,RESTING,sub-28,0.2481250000000017
eMCS,RESTING,sub-28,-0.3060624999999959
eMCS,RESTING,sub-28,-0.2736874999999941
eMCS,RESTING,sub-28,0.31081249999999727
eMCS,RESTING,sub-28,0.07693749999999966
eMCS,RESTING,sub-28,-0.4534375000000068
eMCS,RESTING,sub-28,-0.4484999999999957
eMCS,RESTING,sub-28,-0.01012500000000216
eMCS,RESTING,sub-28,-0.12531250000000682
eMCS,RESTING,sub-28,-0.2809374999999932
eMCS,RESTING,sub-28,0.4768750000000068
eMCS,RESTING,sub-28,-0.2596874999999983
eMCS,RESTING,sub-28,0.35031250000000114
eMCS,RESTING,sub-28,0.03443749999999568
eMCS,RESTING,sub-28,0.1799374999999941
eMCS,RESTING,sub-28,0.3630625000000123
eMCS,RESTING,sub-28,0.2389374999999916
eMCS,RESTING,sub-28,0.19293749999999932
eMCS,RESTING,sub-28,0.21043750000001182
eMCS,RESTING,sub-28,-0.41443749999999113
eMCS,RESTING,sub-28,0.26525000000000887
eMCS,RESTING,sub-28,0.4097500000000025
eMCS,RESTING,sub-28,0.13818749999998658
eMCS,RESTING,sub-28,0.07974999999999
eMCS,RESTING,sub-28,0.10406249999999773
eMCS,RESTING,sub-28,0.02637500000000159
eMCS,RESTING,sub-28,-0.14462499999999068
eMCS,RESTING,sub-28,0.12062499999998977
eMCS,RESTING,sub-28,-0.12912499999998772
eMCS,RESTING,sub-28,-0.22124999999999773
eMCS,RESTING,sub-28,0.3959375000000023
eMCS,RESTING,sub-28,0.1185000000000116
eMCS,RESTING,sub-28,0.12299999999999045
eMCS,RESTING,sub-28,-0.4584999999999866
eMCS,RESTING,sub-28,-0.22706249999998818
eMCS,RESTING,sub-28,0.034562499999992724
eMCS,RESTING,sub-28,-0.05956249999999841
eMCS,RESTING,sub-28,-0.22237499999999955
eMCS,RESTING,sub-28,-0.2839999999999918
eMCS,RESTING,sub-28,0.3253750000000082
eMCS,RESTING,sub-28,-0.12749999999999773
eMCS,RESTING,sub-28,0.14681250000001
eMCS,RESTING,sub-28,0.09325000000001182
eMCS,RESTING,sub-28,0.30125000000001023
eMCS,RESTING,sub-28,-0.14443750000000932
eMCS,RESTING,sub-28,0.44656249999999886
eMCS,RESTING,sub-28,0.4738749999999925
eMCS,RESTING,sub-28,0.4587500000000091
eMCS,RESTING,sub-28,0.3111874999999884
eMCS,RESTING,sub-28,-0.15881250000001046
eMCS,RESTING,sub-28,-0.3623125000000016
eMCS,RESTING,sub-28,-0.0924374999999884
eMCS,RESTING,sub-28,-0.09181250000000318
eMCS,RESTING,sub-28,0.18543750000000614
eMCS,RESTING,sub-28,0.4939999999999998
eMCS,RESTING,sub-28,0.3696250000000134
eMCS,RESTING,sub-28,-0.34468749999999204
eMCS,RESTING,sub-28,0.3590624999999932
eMCS,RESTING,sub-28,-0.39106250000000387
eMCS,RESTING,sub-28,0.08737500000000864
eMCS,RESTING,sub-28,0.30556250000000773
eMCS,RESTING,sub-28,0.3028125000000159
eMCS,RESTING,sub-28,0.12274999999999636
eMCS,RESTING,sub-28,0.06512500000002319
eMCS,RESTING,sub-28,0.26887499999998
eMCS,RESTING,sub-28,0.44518749999997453
eMCS,RESTING,sub-28,0.12599999999997635
eMCS,RESTING,sub-28,-0.16343749999998636
eMCS,RESTING,sub-28,0.41631250000000364
eMCS,RESTING,sub-28,-0.47825000000000273
eMCS,RESTING,sub-28,0.08487500000001091
eMCS,RESTING,sub-28,-0.0436874999999759
eMCS,RESTING,sub-28,-0.08312499999999545
eMCS,RESTING,sub-28,-0.23393750000002456
eMCS,RESTING,sub-28,-0.4456250000000068
eMCS,RESTING,sub-28,0.4059374999999932
eMCS,RESTING,sub-28,-0.2884999999999991
eMCS,RESTING,sub-28,0.48225000000002183
eMCS,RESTING,sub-28,0.4596874999999727
eMCS,RESTING,sub-28,0.4172500000000241
eMCS,RESTING,sub-28,0.21206250000000182
eMCS,RESTING,sub-28,0.36437499999999545
eMCS,RESTING,sub-28,-0.47493750000001
eMCS,RESTING,sub-28,0.48599999999999
eMCS,RESTING,sub-28,0.18937499999998408
eMCS,RESTING,sub-28,-0.11468750000000227
eMCS,RESTING,sub-28,-0.19256250000000819
eMCS,RESTING,sub-28,0.012062500000013188
eMCS,RESTING,sub-28,-0.04718750000000682
eMCS,RESTING,sub-28,-0.11243749999999864
eMCS,RESTING,sub-28,-0.09987499999999727
eMCS,RESTING,sub-28,-0.4069375000000264
eMCS,RESTING,sub-28,-0.03649999999998954
eMCS,RESTING,sub-28,-0.07831249999998136
eMCS,RESTING,sub-28,-0.13993749999997362
eMCS,RESTING,sub-28,-0.04975000000001728
eMCS,RESTING,sub-28,0.29525000000001
eMCS,RESTING,sub-28,0.275874999999985
eMCS,RESTING,sub-28,-0.3129999999999882
eMCS,RESTING,sub-28,-0.37987500000002683
eMCS,RESTING,sub-28,-0.05893750000001319
eMCS,RESTING,sub-28,0.4022499999999809
eMCS,RESTING,sub-28,-0.36162500000000364
eMCS,RESTING,sub-28,0.22856250000000955
eMCS,RESTING,sub-28,0.04550000000000409
eMCS,RESTING,sub-28,-0.3178125000000023
eMCS,RESTING,sub-28,-0.24268749999998818
eMCS,RESTING,sub-28,-0.31212499999998045
eMCS,RESTING,sub-28,-0.26981250000000045
pDoC,ODDBALL,sub-29,-0.16324999999999967
pDoC,ODDBALL,sub-29,-0.2601250000000004
pDoC,ODDBALL,sub-29,-0.49806249999999963
pDoC,ODDBALL,sub-29,-0.045312499999999645
pDoC,ODDBALL,sub-29,-0.08737499999999976
pDoC,ODDBALL,sub-29,0.31106250000000024
pDoC,ODDBALL,sub-29,0.2259999999999991
pDoC,ODDBALL,sub-29,-0.1379374999999996
pDoC,ODDBALL,sub-29,-0.011312499999998948
pDoC,ODDBALL,sub-29,-0.426124999999999
pDoC,ODDBALL,sub-29,0.4146250000000009
pDoC,ODDBALL,sub-29,-0.09256249999999966
pDoC,ODDBALL,sub-29,0.21993750000000034
pDoC,ODDBALL,sub-29,-0.4558749999999989
pDoC,ODDBALL,sub-29,0.4347500000000011
pDoC,ODDBALL,sub-29,-0.14637499999999903
pDoC,ODDBALL,sub-29,0.03356249999999861
pDoC,ODDBALL,sub-29,0.3649374999999999
pDoC,ODDBALL,sub-29,-0.11100000000000065
pDoC,ODDBALL,sub-29,0.31868749999999935
pDoC,ODDBALL,sub-29,0.3195625000000035
pDoC,ODDBALL,sub-29,-0.04018750000000182
pDoC,ODDBALL,sub-29,-0.1597500000000025
pDoC,ODDBALL,sub-29,0.48049999999999926
pDoC,ODDBALL,sub-29,0.2545624999999987
pDoC,ODDBALL,sub-29,-0.12762500000000188
pDoC,ODDBALL,sub-29,0.2786249999999981
pDoC,ODDBALL,sub-29,-0.2998750000000001
pDoC,ODDBALL,sub-29,0.2626249999999999
pDoC,ODDBALL,sub-29,-0.4043750000000017
pDoC,ODDBALL,sub-29,-0.11543749999999875
pDoC,ODDBALL,sub-29,0.04243749999999835
pDoC,ODDBALL,sub-29,-0.43849999999999767
pDoC,ODDBALL,sub-29,0.23337500000000233
pDoC,ODDBALL,sub-29,-0.32043749999999704
pDoC,ODDBALL,sub-29,0.12487500000000296
pDoC,ODDBALL,sub-29,0.1323124999999976
pDoC,ODDBALL,sub-29,-0.39050000000000296
pDoC,ODDBALL,sub-29,-0.3499375000000029
pDoC,ODDBALL,sub-29,-0.30243750000000347
pDoC,ODDBALL,sub-29,0.03006249999999966
pDoC,ODDBALL,sub-29,-0.18387500000000045
pDoC,ODDBALL,sub-29,0.47237499999999955
pDoC,ODDBALL,sub-29,-0.0039375000000063665
pDoC,ODDBALL,sub-29,0.46568750000000136
pDoC,ODDBALL,sub-29,-0.06862499999999727
pDoC,ODDBALL,sub-29,-0.47106250000000216
pDoC,ODDBALL,sub-29,-0.1845624999999984
pDoC,ODDBALL,sub-29,0.29893749999999386
pDoC,ODDBALL,sub-29,0.34225000000000705
pDoC,ODDBALL,sub-29,0.3428750000000065
pDoC,ODDBALL,sub-29,-0.02049999999999841
pDoC,ODDBALL,sub-29,0.3623125000000016
pDoC,ODDBALL,sub-29,0.43687500000000057
pDoC,ODDBALL,sub-29,0.23337499999999523
pDoC,ODDBALL,sub-29,-0.3911250000000024
pDoC,ODDBALL,sub-29,0.4291874999999976
pDoC,ODDBALL,sub-29,-0.4439375000000041
pDoC,ODDBALL,sub-29,-0.2758125000000007
pDoC,ODDBALL,sub-29,-0.22506250000000705
pDoC,ODDBALL,sub-29,0.15118750000000603
pDoC,ODDBALL,sub-29,-0.27762500000000045
pDoC,ODDBALL,sub-29,0.43331249999999955
pDoC,ODDBALL,sub-29,-0.2575625000000059
pDoC,ODDBALL,sub-29,0.4455624999999941
pDoC,ODDBALL,sub-29,0.0835000000000008
pDoC,ODDBALL,sub-29,-0.4475000000000051
pDoC,ODDBALL,sub-29,-0.23418749999999022
pDoC,ODDBALL,sub-29,0.15206249999999955
pDoC,ODDBALL,sub-29,0.46968749999999204
pDoC,ODDBALL,sub-29,-0.4033124999999984
pDoC,ODDBALL,sub-29,0.06506250000001046
pDoC,ODDBALL,sub-29,-0.32856250000000387
pDoC,ODDBALL,sub-29,-0.4845625000000098
pDoC,ODDBALL,sub-29,0.4550624999999968
pDoC,ODDBALL,sub-29,-0.4200625000000002
pDoC,ODDBALL,sub-29,0.23618749999999977
pDoC,ODDBALL,sub-29,-0.18506249999998658
pDoC,ODDBALL,sub-29,-0.2386250000000132
pDoC,ODDBALL,sub-29,-0.2930624999999907
pDoC,ODDBALL,sub-29,-0.21712500000001
pDoC,ODDBALL,sub-29,0.4178124999999966
pDoC,ODDBALL,sub-29,0.12156250000001023
pDoC,ODDBALL,sub-29,-0.18350000000000932
pDoC,ODDBALL,sub-29,-0.030562500000002046
pDoC,ODDBALL,sub-29,-0.060312500000009095
pDoC,ODDBALL,sub-29,-0.272625000000005
pDoC,ODDBALL,sub-29,0.23756249999999568
pDoC,ODDBALL,sub-29,-0.3100624999999866
pDoC,ODDBALL,sub-29,0.3305625000000134
pDoC,ODDBALL,sub-29,0.1290625000000034
pDoC,ODDBALL,sub-29,0.4650000000000034
pDoC,ODDBALL,sub-29,0.023937499999988177
pDoC,ODDBALL,sub-29,-0.47643750000000296
pDoC,ODDBALL,sub-29,-0.038937500000002956
pDoC,ODDBALL,sub-29,-0.4016875000000084
pDoC,ODDBALL,sub-29,0.1998749999999916
pDoC,ODDBALL,sub-29,-0.007937499999997044
pDoC,ODDBALL,sub-29,0.03437500000001137
pDoC,ODDBALL,sub-29,-0.3488125000000082
pDoC,ODDBALL,sub-29,-0.2938750000000141
pDoC,ODDBALL,sub-29,-0.4994374999999991
pDoC,ODDBALL,sub-29,-0.018437500000004547
pDoC,ODDBALL,sub-29,0.21731249999999136
pDoC,ODDBALL,sub-29,-0.13943749999998545
pDoC,ODDBALL,sub-29,0.30587500000001455
pDoC,ODDBALL,sub-29,-0.1153749999999718
pDoC,ODDBALL,sub-29,-0.3729374999999777
pDoC,ODDBALL,sub-29,0.2520625000000223
pDoC,ODDBALL,sub-29,-0.36000000000001364
pDoC,ODDBALL,sub-29,0.25718749999998636
pDoC,ODDBALL,sub-29,-0.22606250000001182
pDoC,ODDBALL,sub-29,-0.4169375000000173
pDoC,ODDBALL,sub-29,0.35256249999997635
pDoC,ODDBALL,sub-29,-0.47893749999997226
pDoC,ODDBALL,sub-29,0.17731250000002774
pDoC,ODDBALL,sub-29,-0.4121875000000159
pDoC,ODDBALL,sub-29,-0.3031874999999786
pDoC,ODDBALL,sub-29,0.26900000000000546
pDoC,ODDBALL,sub-29,-0.1796875
pDoC,ODDBALL,sub-29,-0.41443750000001955
pDoC,ODDBALL,sub-29,-0.4060000000000059
pDoC,ODDBALL,sub-29,-0.4798749999999927
pDoC,ODDBALL,sub-29,-0.1424375000000282
pDoC,ODDBALL,sub-29,-0.45868749999999636
pDoC,ODDBALL,sub-29,0.025687500000003638
pDoC,ODDBALL,sub-29,0.08462500000001683
pDoC,ODDBALL,sub-29,0.04681249999998727
pDoC,ODDBALL,sub-29,0.38274999999998727
pDoC,ODDBALL,sub-29,-0.12862499999999955
pDoC,ODDBALL,sub-29,-0.1602500000000191
pDoC,ODDBALL,sub-29,0.3631874999999809
pDoC,ODDBALL,sub-29,-0.36737499999998136
pDoC,ODDBALL,sub-29,0.10137500000001864
pDoC,ODDBALL,sub-29,-0.441250000000025
pDoC,ODDBALL,sub-29,-0.08125000000001137
pDoC,ODDBALL,sub-29,0.052812500000015916
pDoC,ODDBALL,sub-29,-0.20425000000000182
pDoC,ODDBALL,sub-29,0.09031249999998181
pDoC,ODDBALL,sub-29,-0.2850624999999809
pDoC,ODDBALL,sub-29,0.34899999999998954
pDoC,ODDBALL,sub-29,0.13368750000000773
pDoC,ODDBALL,sub-29,0.2764374999999859
pDoC,ODDBALL,sub-29,-0.21587499999998272
pDoC,ODDBALL,sub-29,0.12806249999999864
pDoC,RESTING,sub-29,-0.13712500000000016
pDoC,RESTING,sub-29,0.24593750000000014
pDoC,RESTING,sub-29,-0.39700000000000024
pDoC,RESTING,sub-29,0.19674999999999976
pDoC,RESTING,sub-29,-0.08399999999999963
pDoC,RESTING,sub-29,0.10774999999999935
pDoC,RESTING,sub-29,-0.001125000000001819
pDoC,RESTING,sub-29,-0.48825000000000074
pDoC,RESTING,sub-29,-0.2998750000000001
pDoC,RESTING,sub-29,-0.06037500000000051
pDoC,RESTING,sub-29,-0.18574999999999875
pDoC,RESTING,sub-29,-0.4032499999999999
pDoC,RESTING,sub-29,0.2373750000000001
pDoC,RESTING,sub-29,-0.35256249999999767
pDoC,RESTING,sub-29,-0.08693749999999767
pDoC,RESTING,sub-29,0.18650000000000233
pDoC,RESTING,sub-29,-0.157625000000003
pDoC,RESTING,sub-29,0.201749999999997
pDoC,RESTING,sub-29,-0.3364375000000024
pDoC,RESTING,sub-29,-0.03956250000000239
pDoC,RESTING,sub-29,-0.0762500000000017
pDoC,RESTING,sub-29,0.4784374999999983
pDoC,RESTING,sub-29,-0.10787499999999994
pDoC,RESTING,sub-29,-0.48581250000000153
pDoC,RESTING,sub-29,-0.19168750000000045
pDoC,RESTING,sub-29,-0.12381249999999966
pDoC,RESTING,sub-29,0.48556250000000034
pDoC,RESTING,sub-29,-0.241375000000005
pDoC,RESTING,sub-29,0.23999999999999488
pDoC,RESTING,sub-29,-0.06825000000000614
pDoC,RESTING,sub-29,-0.31862499999999727
pDoC,RESTING,sub-29,0.07200000000000273
pDoC,RESTING,sub-29,-0.34606250000000216
pDoC,RESTING,sub-29,-0.3876874999999984
pDoC,RESTING,sub-29,-0.24743750000000375
pDoC,RESTING,sub-29,0.14318749999999625
pDoC,RESTING,sub-29,-0.14206249999999443
pDoC,RESTING,sub-29,0.3672499999999985
pDoC,RESTING,sub-29,0.02193750000000705
pDoC,RESTING,sub-29,0.04625000000000057
pDoC,RESTING,sub-29,-0.4853750000000048
pDoC,RESTING,sub-29,0.24118749999999523
pDoC,RESTING,sub-29,0.4377499999999941
pDoC,RESTING,sub-29,0.43737500000000296
pDoC,RESTING,sub-29,0.4682499999999976
pDoC,RESTING,sub-29,-0.419124999999994
pDoC,RESTING,sub-29,0.3993124999999935
pDoC,RESTING,sub-29,0.03725000000000023
pDoC,RESTING,sub-29,-0.14281250000000512
pDoC,RESTING,sub-29,0.08818750000000364
pDoC,RESTING,sub-29,0.06537500000000307
pDoC,RESTING,sub-29,0.025624999999990905
pDoC,RESTING,sub-29,-0.4351249999999993
pDoC,RESTING,sub-29,-0.43912499999999
pDoC,RESTING,sub-29,0.12337500000001
pDoC,RESTING,sub-29,-0.32650000000001
pDoC,RESTING,sub-29,0.15787499999999
pDoC,RESTING,sub-29,-0.4889374999999916
pDoC,RESTING,sub-29,0.09700000000000841
pDoC,RESTING,sub-29,0.4021874999999966
pDoC,RESTING,sub-29,0.41062500000001023
pDoC,RESTING,sub-29,-0.08975000000000932
pDoC,RESTING,sub-29,0.08174999999999955
pDoC,RESTING,sub-29,0.008437500000013642
pDoC,RESTING,sub-29,-0.47531250000000114
pDoC,RESTING,sub-29,-0.38974999999999227
pDoC,RESTING,sub-29,0.03212500000000773
pDoC,RESTING,sub-29,-0.013499999999993406
pDoC,RESTING,sub-29,-0.04087499999999977
pDoC,RESTING,sub-29,-0.4657500000000141
pDoC,RESTING,sub-29,0.1123749999999859
pDoC,RESTING,sub-29,-0.2974375000000009
pDoC,RESTING,sub-29,0.31937500000000796
pDoC,RESTING,sub-29,-0.397625000000005
pDoC,RESTING,sub-29,0.24743749999998954
pDoC,RESTING,sub-29,-0.22081249999999386
pDoC,RESTING,sub-29,0.24793750000000614
pDoC,RESTING,sub-29,-0.4118750000000091
pDoC,RESTING,sub-29,0.3928124999999909
pDoC,RESTING,sub-29,-0.15068750000000364
pDoC,RESTING,sub-29,0.33368749999999636
pDoC,RESTING,sub-29,0.2922499999999957
pDoC,RESTING,sub-29,-0.3491249999999866
pDoC,RESTING,sub-29,0.4806250000000034
pDoC,RESTING,sub-29,0.10987499999998818
pDoC,RESTING,sub-29,-0.33981249999999363
pDoC,RESTING,sub-29,0.04812499999999886
pDoC,RESTING,sub-29,-0.4758124999999893
pDoC,RESTING,sub-29,-0.10081249999998931
pDoC,RESTING,sub-29,0.07949999999999591
pDoC,RESTING,sub-29,-0.17468750000000455
pDoC,RESTING,sub-29,-0.04137500000001637
pDoC,RESTING,sub-29,0.38831249999998363
pDoC,RESTING,sub-29,-0.2897500000000264
pDoC,RESTING,sub-29,-0.047937499999989086
pDoC,RESTING,sub-29,0.3739375000000109
pDoC,RESTING,sub-29,-0.27487500000000864
pDoC,RESTING,sub-29,0.4942500000000223
pDoC,RESTING,sub-29,0.2839374999999791
pDoC,RESTING,sub-29,-0.3795000000000073
pDoC,RESTING,sub-29,-0.009062500000027285
pDoC,RESTING,sub-29,-0.44631249999997635
pDoC,RESTING,sub-29,-0.047000000000025466
pDoC,RESTING,sub-29,-0.01068750000001728
pDoC,RESTING,sub-29,0.24318749999997635
pDoC,RESTING,sub-29,0.48237499999999045
pDoC,RESTING,sub-29,0.08356250000002774
pDoC,RESTING,sub-29,-0.2583124999999882
pDoC,RESTING,sub-29,0.14793750000001182
pDoC,RESTING,sub-29,-0.41068749999999454
pDoC,RESTING,sub-29,-0.10193750000001955
pDoC,RESTING,sub-29,0.2346249999999941
pDoC,RESTING,sub-29,-0.2689374999999927
pDoC,RESTING,sub-29,-0.18237499999997908
pDoC,RESTING,sub-29,-0.400874999999985
pDoC,RESTING,sub-29,0.208500000000015
pDoC,RESTING,sub-29,-0.43893750000000864
pDoC,RESTING,sub-29,0.23293749999999136
pDoC,RESTING,sub-29,0.0977500000000191
pDoC,RESTING,sub-29,-0.019812500000000455
pDoC,RESTING,sub-29,0.083500000000015
pDoC,RESTING,sub-29,0.4122499999999718
pDoC,RESTING,sub-29,0.09581250000002228
pDoC,RESTING,sub-29,0.20962500000001683
pDoC,RESTING,sub-29,-0.3756875000000264
pDoC,RESTING,sub-29,0.12431249999997362
pDoC,RESTING,sub-29,-0.33956249999999955
pDoC,RESTING,sub-29,0.30450000000001864
pDoC,RESTING,sub-29,-0.3664999999999736
pDoC,RESTING,sub-29,-0.08756249999999
pDoC,RESTING,sub-29,-0.49693750000000136
pDoC,RESTING,sub-29,-0.04418750000002092
pDoC,RESTING,sub-29,0.0039375000000063665
pDoC,RESTING,sub-29,-0.14268750000002228
pDoC,RESTING,sub-29,0.3081874999999741
pDoC,RESTING,sub-29,0.05099999999998772
pDoC,RESTING,sub-29,-0.14106249999997544
pDoC,RESTING,sub-29,0.43706250000002456
pDoC,RESTING,sub-29,0.49718749999999545
eMCS,ODDBALL,sub-30,0.4596874999999998
eMCS,ODDBALL,sub-30,0.02268749999999997
eMCS,ODDBALL,sub-30,-0.4349999999999987
eMCS,ODDBALL,sub-30,0.1016875000000006
eMCS,ODDBALL,sub-30,-0.125
eMCS,ODDBALL,sub-30,-0.355125000000001
eMCS,ODDBALL,sub-30,-0.4248125000000016
eMCS,ODDBALL,sub-30,0.31725000000000136
eMCS,ODDBALL,sub-30,0.01937499999999659
eMCS,ODDBALL,sub-30,0.08299999999999841
eMCS,ODDBALL,sub-30,0.10175000000000267
eMCS,ODDBALL,sub-30,-0.30943750000000136
eMCS,ODDBALL,sub-30,0.41143750000000523
eMCS,ODDBALL,sub-30,0.25843749999999943
eMCS,ODDBALL,sub-30,0.016874999999998863
eMCS,ODDBALL,sub-30,-0.01387499999999875
eMCS,ODDBALL,sub-30,-0.20593750000000455
eMCS,ODDBALL,sub-30,0.36275000000000546
eMCS,ODDBALL,sub-30,0.31531250000000455
eMCS,ODDBALL,sub-30,0.461749999999995
eMCS,ODDBALL,sub-30,-0.02025000000000432
eMCS,ODDBALL,sub-30,0.019437500000009322
eMCS,ODDBALL,sub-30,0.3475625000000093
eMCS,ODDBALL,sub-30,0.13624999999998977
eMCS,ODDBALL,sub-30,0.2853125000000034
eMCS,ODDBALL,sub-30,-0.27737500000000637
eMCS,ODDBALL,sub-30,-0.41181249999999636
eMCS,ODDBALL,sub-30,-0.414874999999995
eMCS,ODDBALL,sub-30,0.1605000000000132
eMCS,ODDBALL,sub-30,-0.2216875000000016
eMCS,ODDBALL,sub-30,0.3881874999999866
eMCS,ODDBALL,sub-30,-0.3959999999999866
eMCS,ODDBALL,sub-30,0.33637500000000387
eMCS,ODDBALL,sub-30,-0.22562500000000796
eMCS,ODDBALL,sub-30,-0.33756249999999
eMCS,ODDBALL,sub-30,-0.040937500000012506
eMCS,ODDBALL,sub-30,-0.41631250000000364
eMCS,ODDBALL,sub-30,0.06806249999999636
eMCS,ODDBALL,sub-30,0.29131250000000364
eMCS,ODDBALL,sub-30,0.2336249999999893
eMCS,ODDBALL,sub-30,-0.20275000000000887
eMCS,ODDBALL,sub-30,0.40799999999998704
eMCS,ODDBALL,sub-30,0.34306250000000205
eMCS,ODDBALL,sub-30,0.33662499999999795
eMCS,ODDBALL,sub-30,-0.23643749999999386
eMCS,ODDBALL,sub-30,0.3928124999999909
eMCS,ODDBALL,sub-30,-0.06368749999998613
eMCS,ODDBALL,sub-30,-0.4927500000000009
eMCS,ODDBALL,sub-30,-0.1917500000000132
eMCS,ODDBALL,sub-30,-0.050499999999999545
eMCS,ODDBALL,sub-30,-0.20900000000000318
eMCS,ODDBALL,sub-30,-0.09512499999999591
eMCS,ODDBALL,sub-30,-0.3073125000000232
eMCS,ODDBALL,sub-30,0.22224999999997408
eMCS,ODDBALL,sub-30,0.331875000000025
eMCS,ODDBALL,sub-30,-0.4094375000000241
eMCS,ODDBALL,sub-30,0.018624999999985903
eMCS,ODDBALL,sub-30,0.04843749999997726
eMCS,ODDBALL,sub-30,0.4441874999999982
eMCS,ODDBALL,sub-30,-0.1292500000000132
eMCS,ODDBALL,sub-30,-0.3855624999999918
eMCS,ODDBALL,sub-30,-0.03437500000001137
eMCS,ODDBALL,sub-30,0.2871875000000159
eMCS,ODDBALL,sub-30,-0.22456249999999045
eMCS,ODDBALL,sub-30,-0.27543750000000955
eMCS,RESTING,sub-30,-0.40043750000000067
eMCS,RESTING,sub-30,0.39887499999999676
eMCS,RESTING,sub-30,0.3263125000000002
eMCS,RESTING,sub-30,-0.09093750000000256
eMCS,RESTING,sub-30,-0.471500000000006
eMCS,RESTING,sub-30,0.25718750000000057
eMCS,RESTING,sub-30,-0.016625000000004775
eMCS,RESTING,sub-30,0.1910000000000025
eMCS,RESTING,sub-30,-0.1446875000000034
eMCS,RESTING,sub-30,0.35656249999999545
eMCS,RESTING,sub-30,-0.16962499999999636
eMCS,RESTING,sub-30,-0.1153125000000017
eMCS,RESTING,sub-30,0.38075000000000614
eMCS,RESTING,sub-30,-0.2860624999999999
eMCS,RESTING,sub-30,0.11324999999999363
eMCS,RESTING,sub-30,0.49693750000000136
eMCS,RESTING,sub-30,-0.4234375000000057
eMCS,RESTING,sub-30,0.3109374999999943
eMCS,RESTING,sub-30,-0.11950000000000216
eMCS,RESTING,sub-30,-0.4121250000000032
eMCS,RESTING,sub-30,-0.34900000000000375
eMCS,RESTING,sub-30,-0.28081249999999613
eMCS,RESTING,sub-30,0.2384375000000034
eMCS,RESTING,sub-30,-0.2532500000000084
eMCS,RESTING,sub-30,0.3994375000000048
eMCS,RESTING,sub-30,-0.46812499999998636
eMCS,RESTING,sub-30,0.37031250000001137
eMCS,RESTING,sub-30,-0.26200000000000045
eMCS,RESTING,sub-30,-0.4879374999999868
eMCS,RESTING,sub-30,0.05487500000000978
eMCS,RESTING,sub-30,-0.30943750000000136
eMCS,RESTING,sub-30,-0.13787500000000819
eMCS,RESTING,sub-30,-0.32881249999999795
eMCS,RESTING,sub-30,0.46993749999998613
eMCS,RESTING,sub-30,0.4896875000000023
eMCS,RESTING,sub-30,0.19762499999998795
eMCS,RESTING,sub-30,-0.15431250000000318
eMCS,RESTING,sub-30,-0.4906249999999943
eMCS,RESTING,sub-30,0.4595625000000041
eMCS,RESTING,sub-30,0.2836875000000134
eMCS,RESTING,sub-30,0.03556250000002592
eMCS,RESTING,sub-30,-0.1408749999999941
eMCS,RESTING,sub-30,0.0985625000000141
eMCS,RESTING,sub-30,-0.16281249999997272
eMCS,RESTING,sub-30,-0.20224999999999227
eMCS,RESTING,sub-30,0.45881250000002183
eMCS,RESTING,sub-30,-0.16231249999998454
eMCS,RESTING,sub-30,-0.44293750000002774
eMCS,RESTING,sub-30,0.46331249999997226
eMCS,RESTING,sub-30,0.4325625000000173
eMCS,RESTING,sub-30,-0.28681249999999636
eMCS,RESTING,sub-30,0.48662500000000364
eMCS,RESTING,sub-30,-0.3509999999999991
eMCS,RESTING,sub-30,-0.2540000000000191
eMCS,RESTING,sub-30,0.4022499999999809
eMCS,RESTING,sub-30,0.043812500000001364
eMCS,RESTING,sub-30,0.4263750000000073
eMCS,RESTING,sub-30,-0.07856249999997544
eMCS,RESTING,sub-30,-0.34356250000001864
eMCS,RESTING,sub-30,-0.3089375000000132
eMCS,RESTING,sub-30,0.12737499999997226
eMCS,RESTING,sub-30,0.16606250000000955
eMCS,ODDBALL,sub-31,-0.07493749999999988
eMCS,ODDBALL,sub-31,0.4483750000000004
eMCS,ODDBALL,sub-31,0.19118749999999984
eMCS,ODDBALL,sub-31,0.3636874999999993
eMCS,ODDBALL,sub-31,-0.4197500000000005
eMCS,ODDBALL,sub-31,0.05681249999999949
eMCS,ODDBALL,sub-31,-0.13043749999999932
eMCS,ODDBALL,sub-31,-0.3798124999999999
eMCS,ODDBALL,sub-31,-0.2391874999999999
eMCS,ODDBALL,sub-31,-0.18825000000000003
eMCS,ODDBALL,sub-31,0.42249999999999943
eMCS,ODDBALL,sub-31,-0.04562500000000114
eMCS,ODDBALL,sub-31,-0.12668750000000273
eMCS,ODDBALL,sub-31,-0.27006250000000165
eMCS,ODDBALL,sub-31,0.4248750000000001
eMCS,ODDBALL,sub-31,0.15887500000000188
eMCS,ODDBALL,sub-31,0.012062499999998977
eMCS,ODDBALL,sub-31,-0.41449999999999676
eMCS,ODDBALL,sub-31,-0.24881249999999966
eMCS,ODDBALL,sub-31,-0.27199999999999847
eMCS,ODDBALL,sub-31,-0.22068749999999682
eMCS,ODDBALL,sub-31,-0.17031250000000142
eMCS,ODDBALL,sub-31,-0.4194375000000008
eMCS,ODDBALL,sub-31,-0.17962500000000148
eMCS,ODDBALL,sub-31,-0.047187499999999716
eMCS,ODDBALL,sub-31,-0.03068749999999909
eMCS,ODDBALL,sub-31,0.10387500000000216
eMCS,ODDBALL,sub-31,0.07349999999999568
eMCS,ODDBALL,sub-31,-0.4724999999999966
eMCS,ODDBALL,sub-31,0.18762499999999704
eMCS,ODDBALL,sub-31,-0.0735624999999942
eMCS,ODDBALL,sub-31,-0.32293749999999477
eMCS,ODDBALL,sub-31,0.2898124999999965
eMCS,ODDBALL,sub-31,0.3456249999999983
eMCS,ODDBALL,sub-31,0.22906249999999773
eMCS,ODDBALL,sub-31,0.3348749999999967
eMCS,ODDBALL,sub-31,-0.11862499999999443
eMCS,ODDBALL,sub-31,-0.37943749999999454
eMCS,ODDBALL,sub-31,0.42231250000000387
eMCS,ODDBALL,sub-31,-0.1826250000000016
eMCS,ODDBALL,sub-31,-0.4056874999999991
eMCS,ODDBALL,sub-31,0.3365000000000009
eMCS,ODDBALL,sub-31,-0.4243124999999992
eMCS,ODDBALL,sub-31,0.2565000000000026
eMCS,ODDBALL,sub-31,-0.42712500000000375
eMCS,ODDBALL,sub-31,-0.01156249999999659
eMCS,ODDBALL,sub-31,0.4622499999999974
eMCS,ODDBALL,sub-31,0.4703125000000057
eMCS,ODDBALL,sub-31,0.12681249999999977
eMCS,ODDBALL,sub-31,-0.07456250000001319
eMCS,ODDBALL,sub-31,0.4019999999999868
eMCS,ODDBALL,sub-31,-0.16768749999999955
eMCS,ODDBALL,sub-31,-0.022687499999989313
eMCS,ODDBALL,sub-31,-0.08818750000000364
eMCS,ODDBALL,sub-31,0.42806250000001
eMCS,ODDBALL,sub-31,-0.31743750000001114
eMCS,ODDBALL,sub-31,-0.4662500000000023
eMCS,ODDBALL,sub-31,0.2807500000000118
eMCS,ODDBALL,sub-31,-0.40262500000000045
eMCS,ODDBALL,sub-31,0.03968750000001364
eMCS,ODDBALL,sub-31,0.2693749999999966
eMCS,ODDBALL,sub-31,-0.24475000000001046
eMCS,ODDBALL,sub-31,-0.09181250000000318
eMCS,ODDBALL,sub-31,0.069500000000005
eMCS,ODDBALL,sub-31,-0.12618749999998613
eMCS,ODDBALL,sub-31,0.04806249999998613
eMCS,ODDBALL,sub-31,-0.202312500000005
eMCS,ODDBALL,sub-31,-0.038000000000010914
eMCS,ODDBALL,sub-31,-0.3526875000000018
eMCS,ODDBALL,sub-31,0.4832499999999982
eMCS,ODDBALL,sub-31,-0.003500000000002501
eMCS,ODDBALL,sub-31,-0.08468750000000114
eMCS,ODDBALL,sub-31,0.41581249999998704
eMCS,ODDBALL,sub-31,-0.13018750000000523
eMCS,ODDBALL,sub-31,-0.4186249999999916
eMCS,ODDBALL,sub-31,-0.3943125000000123
eMCS,ODDBALL,sub-31,-0.17956250000000296
eMCS,ODDBALL,sub-31,0.015749999999997044
eMCS,ODDBALL,sub-31,0.4851250000000107
eMCS,ODDBALL,sub-31,0.14031249999999318
eMCS,ODDBALL,sub-31,-0.3746874999999932
eMCS,ODDBALL,sub-31,0.37618749999998613
eMCS,ODDBALL,sub-31,-0.3144374999999968
eMCS,ODDBALL,sub-31,0.002437500000013415
eMCS,ODDBALL,sub-31,-0.3509999999999991
eMCS,ODDBALL,sub-31,0.03568749999999454
eMCS,ODDBALL,sub-31,-0.2671250000000214
eMCS,ODDBALL,sub-31,0.2767499999999927
eMCS,ODDBALL,sub-31,-0.1638125000000059
eMCS,ODDBALL,sub-31,0.4448125000000118
eMCS,ODDBALL,sub-31,-0.40399999999999636
eMCS,ODDBALL,sub-31,-0.45781249999998863
eMCS,ODDBALL,sub-31,0.12774999999999181
eMCS,ODDBALL,sub-31,-0.2746875000000273
eMCS,ODDBALL,sub-31,-0.042374999999992724
eMCS,ODDBALL,sub-31,-0.22962499999999864
eMCS,ODDBALL,sub-31,0.34418749999997544
eMCS,ODDBALL,sub-31,0.4075624999999832
eMCS,ODDBALL,sub-31,0.22331250000002
eMCS,ODDBALL,sub-31,0.42731250000002774
eMCS,ODDBALL,sub-31,-0.39537500000000136
eMCS,ODDBALL,sub-31,-0.33681250000000773
eMCS,ODDBALL,sub-31,-0.4448125000000118
eMCS,ODDBALL,sub-31,-0.47418750000002774
eMCS,ODDBALL,sub-31,-0.20474999999999
eMCS,ODDBALL,sub-31,0.10043749999999818
eMCS,ODDBALL,sub-31,0.3120000000000118
eMCS,ODDBALL,sub-31,-0.015249999999980446
eMCS,ODDBALL,sub-31,0.4808125000000132
eMCS,ODDBALL,sub-31,0.41112500000002683
eMCS,ODDBALL,sub-31,0.02431250000000773
eMCS,ODDBALL,sub-31,-0.19481250000001182
eMCS,ODDBALL,sub-31,0.42399999999997817
eMCS,ODDBALL,sub-31,0.01762500000000955
eMCS,ODDBALL,sub-31,0.2643125000000168
eMCS,ODDBALL,sub-31,-0.2221875000000182
eMCS,ODDBALL,sub-31,0.4731249999999818
eMCS,ODDBALL,sub-31,-0.45481250000000273
eMCS,ODDBALL,sub-31,-0.250812499999995
eMCS,ODDBALL,sub-31,-0.38400000000001455
eMCS,ODDBALL,sub-31,-0.04718750000000682
eMCS,ODDBALL,sub-31,-0.43793749999997544
eMCS,ODDBALL,sub-31,-0.057437499999991815
eMCS,ODDBALL,sub-31,0.4283125000000041
eMCS,ODDBALL,sub-31,-0.054562499999974534
eMCS,ODDBALL,sub-31,-0.2995000000000232
eMCS,RESTING,sub-31,0.26668749999999997
eMCS,RESTING,sub-31,-0.2756875000000001
eMCS,RESTING,sub-31,-0.10318749999999977
eMCS,RESTING,sub-31,-0.4733749999999999
eMCS,RESTING,sub-31,0.3858750000000004
eMCS,RESTING,sub-31,-0.30881250000000016
eMCS,RESTING,sub-31,-0.10543750000000074
eMCS,RESTING,sub-31,-0.24181249999999999
eMCS,RESTING,sub-31,-0.1953125
eMCS,RESTING,sub-31,0.11062499999999886
eMCS,RESTING,sub-31,-0.2521249999999995
eMCS,RESTING,sub-31,-0.4431875000000005
eMCS,RESTING,sub-31,0.4083749999999995
eMCS,RESTING,sub-31,-0.26699999999999946
eMCS,RESTING,sub-31,0.07381249999999895
eMCS,RESTING,sub-31,-0.4490000000000016
eMCS,RESTING,sub-31,0.4684999999999988
eMCS,RESTING,sub-31,0.26699999999999946
eMCS,RESTING,sub-31,-0.20250000000000057
eMCS,RESTING,sub-31,0.45143749999999727
eMCS,RESTING,sub-31,-0.36543749999999875
eMCS,RESTING,sub-31,0.02681249999999835
eMCS,RESTING,sub-31,-0.4348749999999981
eMCS,RESTING,sub-31,0.10187499999999972
eMCS,RESTING,sub-31,0.430499999999995
eMCS,RESTING,sub-31,-0.2397500000000008
eMCS,RESTING,sub-31,-0.09524999999999295
eMCS,RESTING,sub-31,-0.40393749999999784
eMCS,RESTING,sub-31,0.18981250000000216
eMCS,RESTING,sub-31,-0.09837500000000432
eMCS,RESTING,sub-31,0.2720625000000041
eMCS,RESTING,sub-31,0.2736874999999941
eMCS,RESTING,sub-31,-0.24631250000000193
eMCS,RESTING,sub-31,-0.1360624999999942
eMCS,RESTING,sub-31,-0.23993749999999636
eMCS,RESTING,sub-31,0.27568750000000364
eMCS,RESTING,sub-31,0.10031250000000114
eMCS,RESTING,sub-31,0.47137499999999477
eMCS,RESTING,sub-31,-0.03162500000000534
eMCS,RESTING,sub-31,-0.007937499999997044
eMCS,RESTING,sub-31,-0.2292499999999933
eMCS,RESTING,sub-31,0.3254375000000067
eMCS,RESTING,sub-31,0.24062499999999432
eMCS,RESTING,sub-31,0.2558750000000032
eMCS,RESTING,sub-31,0.025312499999998295
eMCS,RESTING,sub-31,0.08062499999999773
eMCS,RESTING,sub-31,0.2098749999999967
eMCS,RESTING,sub-31,-0.48881249999999454
eMCS,RESTING,sub-31,0.03462500000000546
eMCS,RESTING,sub-31,-0.07049999999999557
eMCS,RESTING,sub-31,0.32793750000000443
eMCS,RESTING,sub-31,0.11762500000000387
eMCS,RESTING,sub-31,0.465187499999999
eMCS,RESTING,sub-31,0.3052500000000009
eMCS,RESTING,sub-31,0.2638125000000002
eMCS,RESTING,sub-31,-0.2828125000000057
eMCS,RESTING,sub-31,0.42874999999999375
eMCS,RESTING,sub-31,0.47587500000000205
eMCS,RESTING,sub-31,0.3547499999999957
eMCS,RESTING,sub-31,-0.07468749999999602
eMCS,RESTING,sub-31,0.09443749999999795
eMCS,RESTING,sub-31,0.17012500000001296
eMCS,RESTING,sub-31,0.08481249999999818
eMCS,RESTING,sub-31,0.2058125000000075
eMCS,RESTING,sub-31,-0.027937500000007276
eMCS,RESTING,sub-31,-0.37862499999999955
eMCS,RESTING,sub-31,0.036312500000008185
eMCS,RESTING,sub-31,-0.21406250000001137
eMCS,RESTING,sub-31,-0.45537500000000364
eMCS,RESTING,sub-31,0.4321874999999977
eMCS,RESTING,sub-31,0.031374999999997044
eMCS,RESTING,sub-31,-0.2189999999999941
eMCS,RESTING,sub-31,-0.3788125000000093
eMCS,RESTING,sub-31,0.0036249999999995453
eMCS,RESTING,sub-31,0.1818125000000066
eMCS,RESTING,sub-31,0.29106250000000955
eMCS,RESTING,sub-31,0.18231249999999477
eMCS,RESTING,sub-31,-0.3568750000000023
eMCS,RESTING,sub-31,0.17949999999999022
eMCS,RESTING,sub-31,-0.15468749999999432
eMCS,RESTING,sub-31,0.014812500000005002
eMCS,RESTING,sub-31,-0.2661875000000009
eMCS,RESTING,sub-31,0.1589375000000075
eMCS,RESTING,sub-31,-0.04656249999999318
eMCS,RESTING,sub-31,-0.39725000000001387
eMCS,RESTING,sub-31,-0.4364375000000109
eMCS,RESTING,sub-31,0.20868749999999636
eMCS,RESTING,sub-31,0.35381250000000364
eMCS,RESTING,sub-31,0.45081250000001205
eMCS,RESTING,sub-31,-0.3238749999999868
eMCS,RESTING,sub-31,-0.026999999999986812
eMCS,RESTING,sub-31,-0.2971875000000068
eMCS,RESTING,sub-31,-0.4528124999999932
eMCS,RESTING,sub-31,-0.37543750000000387
eMCS,RESTING,sub-31,0.30968749999999545
eMCS,RESTING,sub-31,-0.15368749999998954
eMCS,RESTING,sub-31,-0.25925000000000864
eMCS,RESTING,sub-31,-0.48937499999999545
eMCS,RESTING,sub-31,-0.34331249999999613
eMCS,RESTING,sub-31,0.4388125000000116
eMCS,RESTING,sub-31,-0.1400624999999991
eMCS,RESTING,sub-31,0.021937499999978627
eMCS,RESTING,sub-31,0.4486249999999927
eMCS,RESTING,sub-31,0.17481249999997317
eMCS,RESTING,sub-31,-0.4926874999999882
eMCS,RESTING,sub-31,-0.44856249999998
eMCS,RESTING,sub-31,0.3801874999999768
eMCS,RESTING,sub-31,0.28350000000000364
eMCS,RESTING,sub-31,-0.15750000000002728
eMCS,RESTING,sub-31,-0.0360625000000141
eMCS,RESTING,sub-31,0.47237499999999955
eMCS,RESTING,sub-31,0.2268124999999941
eMCS,RESTING,sub-31,0.14412499999997408
eMCS,RESTING,sub-31,0.2169374999999718
eMCS,RESTING,sub-31,-0.3771874999999909
eMCS,RESTING,sub-31,-0.025624999999990905
eMCS,RESTING,sub-31,0.47562499999997954
eMCS,RESTING,sub-31,0.3444375000000264
eMCS,RESTING,sub-31,0.31868750000001
eMCS,RESTING,sub-31,-0.26799999999997226
eMCS,RESTING,sub-31,-0.42275000000000773
eMCS,RESTING,sub-31,0.12374999999997272
eMCS,RESTING,sub-31,-0.08556249999998045
eMCS,RESTING,sub-31,-0.15206249999999955
eMCS,RESTING,sub-31,0.33256249999999454
eMCS,RESTING,sub-31,-0.31175000000001774
eMCS,RESTING,sub-31,-0.38043750000002774
eMCS,RESTING,sub-31,0.16643749999997226
eMCS,RESTING,sub-31,-0.38443749999999
eMCS,RESTING,sub-31,0.4988749999999982
eMCS,RESTING,sub-31,0.24231250000002547
eMCS,RESTING,sub-31,-0.2691874999999868
eMCS,RESTING,sub-31,-0.41699999999997317
eMCS,RESTING,sub-31,-0.37412499999999227
eMCS,RESTING,sub-31,0.35331250000001546
eMCS,RESTING,sub-31,0.0023749999999722604
eMCS,RESTING,sub-31,-0.39937500000002046
eMCS,RESTING,sub-31,-0.2903749999999832
eMCS,RESTING,sub-31,-0.0993750000000091
eMCS,RESTING,sub-31,-0.188312499999995
eMCS,RESTING,sub-31,-0.004250000000013188
eMCS,RESTING,sub-31,0.12618750000001455
eMCS,RESTING,sub-31,0.2875624999999786
eMCS,RESTING,sub-31,0.2950000000000159
eMCS,RESTING,sub-31,0.2973749999999882
eMCS,RESTING,sub-31,-0.3854375000000232
eMCS,RESTING,sub-31,-0.3858124999999859
eMCS,RESTING,sub-31,-0.37056250000000546
pDoC,ODDBALL,sub-32,0.3141250000000002
pDoC,ODDBALL,sub-32,-0.19912500000000044
pDoC,ODDBALL,sub-32,-0.4086874999999992
pDoC,ODDBALL,sub-32,-0.1723125000000003
pDoC,ODDBALL,sub-32,-0.341562500000002
pDoC,ODDBALL,sub-32,0.3276249999999976
pDoC,ODDBALL,sub-32,-0.12143749999999898
pDoC,ODDBALL,sub-32,0.23100000000000165
pDoC,ODDBALL,sub-32,0.06450000000000244
pDoC,ODDBALL,sub-32,-0.030749999999997613
pDoC,ODDBALL,sub-32,-0.42906250000000057
pDoC,ODDBALL,sub-32,-0.25168750000000273
pDoC,ODDBALL,sub-32,-0.41068749999999454
pDoC,ODDBALL,sub-32,0.13618750000000546
pDoC,ODDBALL,sub-32,0.3280625000000015
pDoC,ODDBALL,sub-32,0.08400000000000318
pDoC,ODDBALL,sub-32,0.08387500000000614
pDoC,ODDBALL,sub-32,-0.07931250000000034
pDoC,ODDBALL,sub-32,-0.20737499999999898
pDoC,ODDBALL,sub-32,0.18174999999999386
pDoC,ODDBALL,sub-32,-0.20387499999999648
pDoC,ODDBALL,sub-32,0.2044999999999959
pDoC,ODDBALL,sub-32,-0.362937500000001
pDoC,ODDBALL,sub-32,-0.06956250000000352
pDoC,ODDBALL,sub-32,0.40456249999999727
pDoC,ODDBALL,sub-32,-0.031187499999987267
pDoC,ODDBALL,sub-32,0.3890624999999943
pDoC,ODDBALL,sub-32,0.13599999999999568
pDoC,ODDBALL,sub-32,0.4724375000000123
pDoC,ODDBALL,sub-32,0.23956250000000523
pDoC,ODDBALL,sub-32,-0.0441874999999925
pDoC,ODDBALL,sub-32,0.19406250000000114
pDoC,ODDBALL,sub-32,-0.4448125000000118
pDoC,ODDBALL,sub-32,0.19243750000001114
pDoC,ODDBALL,sub-32,-0.16518750000000182
pDoC,ODDBALL,sub-32,0.03162499999999113
pDoC,ODDBALL,sub-32,-0.4323750000000075
pDoC,ODDBALL,sub-32,0.35331249999998704
pDoC,ODDBALL,sub-32,0.3814999999999884
pDoC,ODDBALL,sub-32,-0.37843749999998977
pDoC,ODDBALL,sub-32,0.42231250000000387
pDoC,ODDBALL,sub-32,0.1611249999999984
pDoC,ODDBALL,sub-32,-0.0495625000000075
pDoC,ODDBALL,sub-32,0.36674999999999613
pDoC,ODDBALL,sub-32,0.3369999999999891
pDoC,ODDBALL,sub-32,-0.22162499999998886
pDoC,ODDBALL,sub-32,-0.1618750000000091
pDoC,ODDBALL,sub-32,0.1974999999999909
pDoC,ODDBALL,sub-32,-0.2941874999999925
pDoC,ODDBALL,sub-32,0.2470000000000141
pDoC,ODDBALL,sub-32,0.43924999999998704
pDoC,ODDBALL,sub-32,-0.06768750000000523
pDoC,ODDBALL,sub-32,-0.2775000000000034
pDoC,ODDBALL,sub-32,-0.04712499999999409
pDoC,ODDBALL,sub-32,0.23474999999999113
pDoC,ODDBALL,sub-32,0.16531249999999886
pDoC,ODDBALL,sub-32,0.42337499999999295
pDoC,ODDBALL,sub-32,-0.064937499999985
pDoC,ODDBALL,sub-32,0.235187499999995
pDoC,ODDBALL,sub-32,-0.19724999999999682
pDoC,ODDBALL,sub-32,-0.15431250000000318
pDoC,ODDBALL,sub-32,-0.45456250000000864
pDoC,ODDBALL,sub-32,0.030437500000005002
pDoC,ODDBALL,sub-32,0.43631249999998545
pDoC,ODDBALL,sub-32,-0.17218750000000682
pDoC,ODDBALL,sub-32,0.19499999999999318
pDoC,ODDBALL,sub-32,-0.05475000000001273
pDoC,ODDBALL,sub-32,-0.45974999999998545
pDoC,ODDBALL,sub-32,-0.4793124999999918
pDoC,ODDBALL,sub-32,-0.033999999999991815
pDoC,ODDBALL,sub-32,-0.02956249999999727
pDoC,ODDBALL,sub-32,0.25456250000002
pDoC,ODDBALL,sub-32,-0.4987499999999727
pDoC,ODDBALL,sub-32,0.08718750000002728
pDoC,ODDBALL,sub-32,0.14631250000002183
pDoC,ODDBALL,sub-32,0.07243749999997817
pDoC,ODDBALL,sub-32,0.4518749999999727
pDoC,ODDBALL,sub-32,0.37437499999998636
pDoC,ODDBALL,sub-32,0.2370000000000232
pDoC,ODDBALL,sub-32,0.3283749999999941
pDoC,ODDBALL,sub-32,0.12068749999997408
pDoC,ODDBALL,sub-32,0.040687499999989996
pDoC,ODDBALL,sub-32,-0.08043750000001637
pDoC,ODDBALL,sub-32,0.02981249999999136
pDoC,ODDBALL,sub-32,-0.289874999999995
pDoC,ODDBALL,sub-32,0.26143749999999955
pDoC,ODDBALL,sub-32,-0.4965000000000259
pDoC,ODDBALL,sub-32,-0.09806250000002592
pDoC,ODDBALL,sub-32,-0.24124999999997954
pDoC,ODDBALL,sub-32,0.44625000000002046
pDoC,ODDBALL,sub-32,-0.268062499999985
pDoC,ODDBALL,sub-32,-0.29968750000000455
pDoC,ODDBALL,sub-32,0.45156250000002274
pDoC,ODDBALL,sub-32,-0.43768749999998136
pDoC,ODDBALL,sub-32,0.41449999999997544
pDoC,ODDBALL,sub-32,0.2693125000000123
pDoC,ODDBALL,sub-32,0.21224999999998317
pDoC,ODDBALL,sub-32,0.055625000000020464
pDoC,ODDBALL,sub-32,-0.3497499999999718
pDoC,ODDBALL,sub-32,0.1580625000000282
pDoC,ODDBALL,sub-32,-0.3729374999999777
pDoC,ODDBALL,sub-32,-0.013562499999977717
pDoC,ODDBALL,sub-32,-0.34987499999999727
pDoC,ODDBALL,sub-32,0.4954999999999927
pDoC,ODDBALL,sub-32,0.23312499999997272
pDoC,ODDBALL,sub-32,-0.18812500000001364
pDoC,ODDBALL,sub-32,-0.19568750000001955
pDoC,ODDBALL,sub-32,-0.4106249999999818
pDoC,ODDBALL,sub-32,-0.06562500000001137
pDoC,ODDBALL,sub-32,-0.21762499999999818
pDoC,ODDBALL,sub-32,-0.1548750000000041
pDoC,ODDBALL,sub-32,-0.28025000000002365
pDoC,ODDBALL,sub-32,-0.037187500000015916
pDoC,ODDBALL,sub-32,0.4526250000000118
pDoC,ODDBALL,sub-32,0.16793749999999363
pDoC,ODDBALL,sub-32,-0.01831249999997908
pDoC,ODDBALL,sub-32,-0.2801249999999982
pDoC,ODDBALL,sub-32,-0.4460000000000264
pDoC,ODDBALL,sub-32,0.4836874999999736
pDoC,ODDBALL,sub-32,0.07306249999999181
pDoC,ODDBALL,sub-32,0.10593749999998181
pDoC,ODDBALL,sub-32,0.3841249999999832
pDoC,RESTING,sub-32,0.4271250000000002
pDoC,RESTING,sub-32,0.07643750000000082
pDoC,RESTING,sub-32,0.03849999999999909
pDoC,RESTING,sub-32,-0.3019999999999996
pDoC,RESTING,sub-32,-0.34825000000000017
pDoC,RESTING,sub-32,0.07831249999999912
pDoC,RESTING,sub-32,0.3722500000000011
pDoC,RESTING,sub-32,-0.10000000000000142
pDoC,RESTING,sub-32,0.3976875000000035
pDoC,RESTING,sub-32,-0.020375000000001364
pDoC,RESTING,sub-32,0.09681249999999864
pDoC,RESTING,sub-32,-0.034874999999999545
pDoC,RESTING,sub-32,0.2235624999999999
pDoC,RESTING,sub-32,0.47506249999999994
pDoC,RESTING,sub-32,0.4914375000000035
pDoC,RESTING,sub-32,0.17074999999999818
pDoC,RESTING,sub-32,-0.10837500000000233
pDoC,RESTING,sub-32,-0.42125000000000057
pDoC,RESTING,sub-32,0.12624999999999886
pDoC,RESTING,sub-32,0.33768750000000125
pDoC,RESTING,sub-32,0.2655625000000015
pDoC,RESTING,sub-32,-0.1473749999999967
pDoC,RESTING,sub-32,0.47937500000000455
pDoC,RESTING,sub-32,0.15212499999999807
pDoC,RESTING,sub-32,-0.1810624999999959
pDoC,RESTING,sub-32,-0.2651249999999976
pDoC,RESTING,sub-32,-0.1548750000000041
pDoC,RESTING,sub-32,-0.044749999999993406
pDoC,RESTING,sub-32,0.46812500000000057
pDoC,RESTING,sub-32,0.35925000000000296
pDoC,RESTING,sub-32,0.3288749999999965
pDoC,RESTING,sub-32,0.14562499999999545
pDoC,RESTING,sub-32,-0.4094374999999957
pDoC,RESTING,sub-32,0.21706249999999727
pDoC,RESTING,sub-32,-0.18387500000000045
pDoC,RESTING,sub-32,-0.2815625000000068
pDoC,RESTING,sub-32,0.1958750000000009
pDoC,RESTING,sub-32,-0.002437500000013415
pDoC,RESTING,sub-32,-0.1974999999999909
pDoC,RESTING,sub-32,-0.4421250000000043
pDoC,RESTING,sub-32,0.4568125000000123
pDoC,RESTING,sub-32,0.1731875000000116
pDoC,RESTING,sub-32,-0.2946875000000091
pDoC,RESTING,sub-32,-0.20106250000000614
pDoC,RESTING,sub-32,0.08924999999999272
pDoC,RESTING,sub-32,0.38218749999998636
pDoC,RESTING,sub-32,-0.2573125000000118
pDoC,RESTING,sub-32,-0.44818749999998886
pDoC,RESTING,sub-32,0.26787500000000364
pDoC,RESTING,sub-32,0.30506249999999113
pDoC,RESTING,sub-32,0.09337500000000887
pDoC,RESTING,sub-32,-0.4245625000000075
pDoC,RESTING,sub-32,0.39237499999998704
pDoC,RESTING,sub-32,0.4747500000000002
pDoC,RESTING,sub-32,0.32193749999999
pDoC,RESTING,sub-32,-0.1653750000000116
pDoC,RESTING,sub-32,-0.19599999999999795
pDoC,RESTING,sub-32,-0.030812499999996135
pDoC,RESTING,sub-32,0.2553749999999866
pDoC,RESTING,sub-32,0.3618125000000134
pDoC,RESTING,sub-32,-0.1497500000000116
pDoC,RESTING,sub-32,0.3517500000000098
pDoC,RESTING,sub-32,0.141437499999995
pDoC,RESTING,sub-32,-0.09600000000000364
pDoC,RESTING,sub-32,0.07337499999999864
pDoC,RESTING,sub-32,-0.20968750000000114
pDoC,RESTING,sub-32,0.14693750000000705
pDoC,RESTING,sub-32,-0.2462500000000034
pDoC,RESTING,sub-32,0.32156249999999886
pDoC,RESTING,sub-32,-0.07275000000001342
pDoC,RESTING,sub-32,0.38943749999998545
pDoC,RESTING,sub-32,-0.4255625000000123
pDoC,RESTING,sub-32,-0.07237500000002228
pDoC,RESTING,sub-32,0.350750000000005
pDoC,RESTING,sub-32,-0.08087499999999181
pDoC,RESTING,sub-32,-0.15393749999998363
pDoC,RESTING,sub-32,0.07224999999999682
pDoC,RESTING,sub-32,-0.45837499999998954
pDoC,RESTING,sub-32,0.314937499999985
pDoC,RESTING,sub-32,0.01212500000002592
pDoC,RESTING,sub-32,-0.34437500000001364
pDoC,RESTING,sub-32,0.4259999999999877
pDoC,RESTING,sub-32,0.49881249999998545
pDoC,RESTING,sub-32,-0.16043750000000045
pDoC,RESTING,sub-32,-0.3785624999999868
pDoC,RESTING,sub-32,-0.06974999999999909
pDoC,RESTING,sub-32,0.083500000000015
pDoC,RESTING,sub-32,0.3884375000000091
pDoC,RESTING,sub-32,-0.2519374999999968
pDoC,RESTING,sub-32,0.18643750000001091
pDoC,RESTING,sub-32,0.018437500000004547
pDoC,RESTING,sub-32,-0.35112500000002456
pDoC,RESTING,sub-32,-0.09006249999998772
pDoC,RESTING,sub-32,0.4261875000000259
pDoC,RESTING,sub-32,0.1584374999999909
pDoC,RESTING,sub-32,-0.3184999999999718
pDoC,RESTING,sub-32,-0.450687500000015
pDoC,RESTING,sub-32,0.166499999999985
pDoC,RESTING,sub-32,0.3861249999999927
pDoC,RESTING,sub-32,0.07687499999997272
pDoC,RESTING,sub-32,-0.316250000000025
pDoC,RESTING,sub-32,-0.26875000000001137
pDoC,RESTING,sub-32,-0.22581250000001774
pDoC,RESTING,sub-32,-0.35356250000000955
pDoC,RESTING,sub-32,-0.09187500000001592
pDoC,RESTING,sub-32,0.14012500000001182
pDoC,RESTING,sub-32,-0.49962499999998045
pDoC,RESTING,sub-32,-0.32425000000000637
pDoC,RESTING,sub-32,0.19137499999999363
pDoC,RESTING,sub-32,0.3068749999999909
eMCS,ODDBALL,sub-33,0.22187499999999982
eMCS,ODDBALL,sub-33,0.4246249999999998
eMCS,ODDBALL,sub-33,-0.3094999999999999
eMCS,ODDBALL,sub-33,0.02843750000000078
eMCS,ODDBALL,sub-33,-0.1478749999999991
eMCS,ODDBALL,sub-33,0.29893750000000097
eMCS,ODDBALL,sub-33,0.15225000000000222
eMCS,ODDBALL,sub-33,0.22218749999999687
eMCS,ODDBALL,sub-33,-0.29999999999999716
eMCS,ODDBALL,sub-33,-0.4868749999999977
eMCS,ODDBALL,sub-33,0.36756249999999824
eMCS,ODDBALL,sub-33,-0.21512500000000045
eMCS,ODDBALL,sub-33,0.019874999999998977
eMCS,ODDBALL,sub-33,-0.19418749999999818
eMCS,ODDBALL,sub-33,-0.006187499999995794
eMCS,ODDBALL,sub-33,0.3165000000000049
eMCS,ODDBALL,sub-33,-0.362125000000006
eMCS,ODDBALL,sub-33,0.1387500000000017
eMCS,ODDBALL,sub-33,-0.18500000000000227
eMCS,ODDBALL,sub-33,0.2058125000000075
eMCS,ODDBALL,sub-33,-0.460125000000005
eMCS,ODDBALL,sub-33,0.110187499999995
eMCS,ODDBALL,sub-33,-0.19374999999999432
eMCS,ODDBALL,sub-33,0.2723124999999982
eMCS,ODDBALL,sub-33,-0.0269375000000025
eMCS,ODDBALL,sub-33,-0.2424374999999941
eMCS,ODDBALL,sub-33,-0.29949999999999477
eMCS,ODDBALL,sub-33,0.48262500000001296
eMCS,ODDBALL,sub-33,0.41556249999999295
eMCS,ODDBALL,sub-33,0.2208750000000066
eMCS,ODDBALL,sub-33,-0.05606249999999591
eMCS,ODDBALL,sub-33,-0.0433749999999975
eMCS,ODDBALL,sub-33,-0.2025624999999991
eMCS,ODDBALL,sub-33,-0.20593750000000455
eMCS,ODDBALL,sub-33,0.16249999999999432
eMCS,ODDBALL,sub-33,0.21843749999999318
eMCS,ODDBALL,sub-33,0.3561249999999916
eMCS,ODDBALL,sub-33,-0.4263750000000073
eMCS,ODDBALL,sub-33,-0.11243749999999864
eMCS,ODDBALL,sub-33,-0.42743749999999636
eMCS,ODDBALL,sub-33,-0.01274999999998272
eMCS,ODDBALL,sub-33,-0.19281250000000227
eMCS,ODDBALL,sub-33,-0.3994999999999891
eMCS,ODDBALL,sub-33,-0.4329999999999927
eMCS,ODDBALL,sub-33,0.4654375000000073
eMCS,ODDBALL,sub-33,-0.146000000000015
eMCS,ODDBALL,sub-33,-0.21981249999998909
eMCS,ODDBALL,sub-33,0.2381874999999809
eMCS,ODDBALL,sub-33,-0.3973750000000109
eMCS,ODDBALL,sub-33,0.09531249999997726
eMCS,ODDBALL,sub-33,0.4566874999999868
eMCS,ODDBALL,sub-33,0.34037499999999454
eMCS,ODDBALL,sub-33,-0.40937500000001137
eMCS,ODDBALL,sub-33,0.22287499999998772
eMCS,ODDBALL,sub-33,0.03562499999998181
eMCS,ODDBALL,sub-33,-0.21350000000001046
eMCS,ODDBALL,sub-33,0.2131249999999909
eMCS,ODDBALL,sub-33,-0.25900000000001455
eMCS,ODDBALL,sub-33,0.4245624999999791
eMCS,ODDBALL,sub-33,0.24612500000000637
eMCS,ODDBALL,sub-33,-0.2567500000000109
eMCS,ODDBALL,sub-33,0.24324999999998909
eMCS,ODDBALL,sub-33,-0.4025624999999877
eMCS,ODDBALL,sub-33,0.18762500000002547
eMCS,ODDBALL,sub-33,-0.4651875000000132
eMCS,ODDBALL,sub-33,-0.4635625000000232
eMCS,ODDBALL,sub-33,0.020062499999994543
eMCS,RESTING,sub-33,0.41593750000000007
eMCS,RESTING,sub-33,-0.46512500000000045
eMCS,RESTING,sub-33,0.21481250000000074
eMCS,RESTING,sub-33,0.025500000000000966
eMCS,RESTING,sub-33,0.4536875000000009
eMCS,RESTING,sub-33,0.3388750000000016
eMCS,RESTING,sub-33,0.42606250000000045
eMCS,RESTING,sub-33,-0.3950000000000031
eMCS,RESTING,sub-33,0.3087500000000034
eMCS,RESTING,sub-33,-0.025937499999997726
eMCS,RESTING,sub-33,-0.3039375000000035
eMCS,RESTING,sub-33,0.220125000000003
eMCS,RESTING,sub-33,0.12324999999999875
eMCS,RESTING,sub-33,0.28731249999999875
eMCS,RESTING,sub-33,-0.4386250000000018
eMCS,RESTING,sub-33,0.06199999999999761
eMCS,RESTING,sub-33,0.24581249999999955
eMCS,RESTING,sub-33,0.07925000000000182
eMCS,RESTING,sub-33,-0.4803749999999951
eMCS,RESTING,sub-33,0.27793749999999307
eMCS,RESTING,sub-33,0.022499999999993747
eMCS,RESTING,sub-33,0.42493749999999864
eMCS,RESTING,sub-33,-0.023812500000005343
eMCS,RESTING,sub-33,0.1309375000000017
eMCS,RESTING,sub-33,-0.3373124999999959
eMCS,RESTING,sub-33,-0.1982500000000016
eMCS,RESTING,sub-33,0.04506250000000023
eMCS,RESTING,sub-33,-0.003687500000012278
eMCS,RESTING,sub-33,-0.4281249999999943
eMCS,RESTING,sub-33,0.171062500000005
eMCS,RESTING,sub-33,0.46868749999998727
eMCS,RESTING,sub-33,0.35893749999999613
eMCS,RESTING,sub-33,0.24337499999998613
eMCS,RESTING,sub-33,-0.49856249999999136
eMCS,RESTING,sub-33,-0.2958125000000109
eMCS,RESTING,sub-33,0.34543750000000273
eMCS,RESTING,sub-33,-0.3261875000000032
eMCS,RESTING,sub-33,-0.20775000000000432
eMCS,RESTING,sub-33,0.4679999999999893
eMCS,RESTING,sub-33,0.3981875000000059
eMCS,RESTING,sub-33,-0.014999999999986358
eMCS,RESTING,sub-33,0.3809374999999875
eMCS,RESTING,sub-33,0.15106249999999477
eMCS,RESTING,sub-33,-0.3161875000000123
eMCS,RESTING,sub-33,0.03499999999999659
eMCS,RESTING,sub-33,-0.4208749999999952
eMCS,RESTING,sub-33,-0.27118749999999636
eMCS,RESTING,sub-33,0.18899999999999295
eMCS,RESTING,sub-33,0.07368750000000546
eMCS,RESTING,sub-33,0.04331250000001319
eMCS,RESTING,sub-33,0.20343750000000682
eMCS,RESTING,sub-33,0.13781249999999545
eMCS,RESTING,sub-33,-0.3652500000000032
eMCS,RESTING,sub-33,-0.157062499999995
eMCS,RESTING,sub-33,-0.3006249999999966
eMCS,RESTING,sub-33,-0.4205624999999884
eMCS,RESTING,sub-33,-0.37762499999999477
eMCS,RESTING,sub-33,-0.26737499999998704
eMCS,RESTING,sub-33,0.01731250000000273
eMCS,RESTING,sub-33,-0.4385000000000048
eMCS,RESTING,sub-33,0.3319375000000093
eMCS,RESTING,sub-33,0.49206250000000296
eMCS,RESTING,sub-33,-0.3586249999999893
eMCS,RESTING,sub-33,-0.43587500000001
eMCS,RESTING,sub-33,-0.40799999999998704
eMCS,RESTING,sub-33,0.19843750000001137
eMCS,RESTING,sub-33,-0.19568749999999113
eMCS,RESTING,sub-33,-0.042124999999998636
eMCS,RESTING,sub-33,-0.42743749999999636
eMCS,RESTING,sub-33,0.3270625000000109
eMCS,RESTING,sub-33,-0.19862499999999272
eMCS,RESTING,sub-33,-0.35462499999999864
eMCS,RESTING,sub-33,0.37618750000001455
eMCS,RESTING,sub-33,0.037750000000016826
eMCS,RESTING,sub-33,-0.10262499999998909
eMCS,RESTING,sub-33,-0.4024375000000191
eMCS,RESTING,sub-33,0.20062500000000227
eMCS,RESTING,sub-33,-0.13187499999997954
eMCS,RESTING,sub-33,-0.3170000000000073
eMCS,RESTING,sub-33,0.27006249999999454
eMCS,RESTING,sub-33,-0.49206249999997453
eMCS,RESTING,sub-33,0.054812500000025466
eMCS,RESTING,sub-33,0.4216250000000059
eMCS,RESTING,sub-33,-0.31037500000002183
eMCS,RESTING,sub-33,-0.150874999999985
eMCS,RESTING,sub-33,0.4434999999999718
eMCS,RESTING,sub-33,0.3893125000000168
eMCS,RESTING,sub-33,0.3274374999999736
eMCS,RESTING,sub-33,-0.3397499999999809
eMCS,RESTING,sub-33,-0.4830625000000168
eMCS,RESTING,sub-33,0.45924999999999727
eMCS,RESTING,sub-33,0.18631249999998545
eMCS,RESTING,sub-33,-0.14875000000000682
eMCS,RESTING,sub-33,-0.13943749999998545
eMCS,RESTING,sub-33,-0.014562500000010914
eMCS,RESTING,sub-33,0.044375000000002274
eMCS,RESTING,sub-33,0.3769374999999968
eMCS,RESTING,sub-33,-0.4963124999999877
eMCS,RESTING,sub-33,-0.2448125000000232
eMCS,RESTING,sub-33,-0.0889374999999859
eMCS,RESTING,sub-33,-0.056562499999984084
eMCS,RESTING,sub-33,0.0576874999999859
eMCS,RESTING,sub-33,-0.23512499999998226
eMCS,RESTING,sub-33,0.17287499999997635
eMCS,RESTING,sub-33,0.280437500000005
eMCS,ODDBALL,sub-34,0.2551249999999996
eMCS,ODDBALL,sub-34,0.17762499999999992
eMCS,ODDBALL,sub-34,-0.13887499999999964
eMCS,ODDBALL,sub-34,0.07831249999999912
eMCS,ODDBALL,sub-34,0.33812500000000156
eMCS,ODDBALL,sub-34,-0.11775000000000091
eMCS,ODDBALL,sub-34,-0.36549999999999727
eMCS,ODDBALL,sub-34,-0.06425000000000125
eMCS,ODDBALL,sub-34,-0.3693125000000066
eMCS,ODDBALL,sub-34,0.1853749999999934
eMCS,ODDBALL,sub-34,0.06418750000000273
eMCS,ODDBALL,sub-34,-0.027937499999993065
eMCS,ODDBALL,sub-34,0.08106250000000159
eMCS,ODDBALL,sub-34,-0.23499999999999943
eMCS,ODDBALL,sub-34,0.006812499999995225
eMCS,ODDBALL,sub-34,0.03506249999999511
eMCS,ODDBALL,sub-34,-0.14499999999999602
eMCS,ODDBALL,sub-34,-0.4280624999999958
eMCS,ODDBALL,sub-34,0.38506250000000364
eMCS,ODDBALL,sub-34,0.0060624999999987494
eMCS,ODDBALL,sub-34,0.1290625000000034
eMCS,ODDBALL,sub-34,-0.4789375000000007
eMCS,ODDBALL,sub-34,-0.4455000000000098
eMCS,ODDBALL,sub-34,0.44356250000001296
eMCS,ODDBALL,sub-34,0.27843749999999545
eMCS,ODDBALL,sub-34,-0.00637499999999136
eMCS,ODDBALL,sub-34,-0.4666874999999777
eMCS,ODDBALL,sub-34,0.4317500000000223
eMCS,ODDBALL,sub-34,0.4277500000000032
eMCS,ODDBALL,sub-34,0.3374375000000214
eMCS,ODDBALL,sub-34,0.4170624999999859
eMCS,ODDBALL,sub-34,0.4609375
eMCS,ODDBALL,sub-34,0.38243749999998045
eMCS,ODDBALL,sub-34,0.18256250000001728
eMCS,ODDBALL,sub-34,-0.33899999999999864
eMCS,ODDBALL,sub-34,-0.231937500000015
eMCS,ODDBALL,sub-34,-0.3729374999999777
eMCS,ODDBALL,sub-34,0.009875000000022283
eMCS,ODDBALL,sub-34,0.21781249999997954
eMCS,ODDBALL,sub-34,-0.4385624999999891
eMCS,ODDBALL,sub-34,0.4051875000000109
eMCS,ODDBALL,sub-34,0.3940625000000182
eMCS,ODDBALL,sub-34,0.21181250000000773
eMCS,ODDBALL,sub-34,-0.2939999999999827
eMCS,ODDBALL,sub-34,-0.4506250000000023
eMCS,ODDBALL,sub-34,0.3774999999999977
eMCS,ODDBALL,sub-34,-0.3286249999999882
eMCS,ODDBALL,sub-34,0.3354375000000118
eMCS,ODDBALL,sub-34,-0.32018749999997453
eMCS,ODDBALL,sub-34,0.36731250000002547
eMCS,ODDBALL,sub-34,-0.4409375000000182
eMCS,ODDBALL,sub-34,0.4653124999999818
eMCS,ODDBALL,sub-34,0.2227500000000191
eMCS,ODDBALL,sub-34,-0.09375
eMCS,ODDBALL,sub-34,-0.2613749999999868
eMCS,ODDBALL,sub-34,-0.19293750000002774
eMCS,ODDBALL,sub-34,-0.16537499999998317
eMCS,RESTING,sub-34,0.1106250000000002
eMCS,RESTING,sub-34,0.07900000000000018
eMCS,RESTING,sub-34,0.1848124999999996
eMCS,RESTING,sub-34,0.18543749999999992
eMCS,RESTING,sub-34,0.12912500000000016
eMCS,RESTING,sub-34,-0.03168750000000031
eMCS,RESTING,sub-34,-0.135625000000001
eMCS,RESTING,sub-34,-0.2427500000000009
eMCS,RESTING,sub-34,0.23206249999999784
eMCS,RESTING,sub-34,-0.49906249999999375
eMCS,RESTING,sub-34,-0.3509999999999991
eMCS,RESTING,sub-34,0.4068125000000009
eMCS,RESTING,sub-34,0.44650000000000034
eMCS,RESTING,sub-34,0.19700000000000273
eMCS,RESTING,sub-34,0.43687500000000057
eMCS,RESTING,sub-34,-0.2588125000000048
eMCS,RESTING,sub-34,-0.4258750000000049
eMCS,RESTING,sub-34,0.3084999999999951
eMCS,RESTING,sub-34,-0.4021874999999966
eMCS,RESTING,sub-34,-0.24143750000000352
eMCS,RESTING,sub-34,0.4851249999999965
eMCS,RESTING,sub-34,-0.2642500000000041
eMCS,RESTING,sub-34,0.4701249999999959
eMCS,RESTING,sub-34,0.45831250000000523
eMCS,RESTING,sub-34,0.4938125000000042
eMCS,RESTING,sub-34,0.22881250000000364
eMCS,RESTING,sub-34,-0.41581250000000125
eMCS,RESTING,sub-34,-0.48287500000000705
eMCS,RESTING,sub-34,0.07181249999999295
eMCS,RESTING,sub-34,0.43281249999999716
eMCS,RESTING,sub-34,0.15537500000000648
eMCS,RESTING,sub-34,0.26331250000001205
eMCS,RESTING,sub-34,0.19931249999999068
eMCS,RESTING,sub-34,0.15450000000001296
eMCS,RESTING,sub-34,0.26474999999999227
eMCS,RESTING,sub-34,0.35812500000000114
eMCS,RESTING,sub-34,0.15662499999999113
eMCS,RESTING,sub-34,0.3203125
eMCS,RESTING,sub-34,-0.42099999999999227
eMCS,RESTING,sub-34,0.18056250000000773
eMCS,RESTING,sub-34,-0.4243749999999977
eMCS,RESTING,sub-34,-0.47818749999999
eMCS,RESTING,sub-34,-0.10900000000000887
eMCS,RESTING,sub-34,-0.4588124999999934
eMCS,RESTING,sub-34,0.3693125000000066
eMCS,RESTING,sub-34,0.16581249999998704
eMCS,RESTING,sub-34,-0.17368749999999977
eMCS,RESTING,sub-34,0.3962500000000091
eMCS,RESTING,sub-34,0.38543749999999477
eMCS,RESTING,sub-34,0.31206249999999613
eMCS,RESTING,sub-34,0.23093750000001023
eMCS,RESTING,sub-34,0.3123124999999902
eMCS,RESTING,sub-34,-0.3701250000000016
eMCS,RESTING,sub-34,0.1428124999999909
eMCS,RESTING,sub-34,-0.22700000000000387
eMCS,RESTING,sub-34,-0.3734374999999943
eMCS,RESTING,sub-34,0.18125000000000568
eMCS,RESTING,sub-34,-0.15318750000000136
eMCS,RESTING,sub-34,0.13675000000000637
eMCS,RESTING,sub-34,-0.4741874999999993
eMCS,RESTING,sub-34,-0.21975000000000477
eMCS,RESTING,sub-34,0.24506249999998886
eMCS,RESTING,sub-34,-0.07081249999998818
eMCS,RESTING,sub-34,-0.24812500000001592
eMCS,RESTING,sub-34,0.22843749999998408
eMCS,RESTING,sub-34,-0.2926249999999868
eMCS,RESTING,sub-34,0.46481249999999363
eMCS,RESTING,sub-34,0.07062500000000682
eMCS,RESTING,sub-34,0.24212499999998727
eMCS,RESTING,sub-34,-0.30750000000000455
eMCS,RESTING,sub-34,-0.43493749999998954
eMCS,RESTING,sub-34,0.21075000000001864
eMCS,RESTING,sub-34,0.15668749999997544
eMCS,RESTING,sub-34,0.09050000000002001
eMCS,RESTING,sub-34,0.3489374999999768
eMCS,RESTING,sub-34,0.1845000000000141
eMCS,RESTING,sub-34,0.4753124999999727
eMCS,RESTING,sub-34,0.28843749999998636
eMCS,RESTING,sub-34,-0.2731875000000059
eMCS,RESTING,sub-34,0.3205624999999941
eMCS,RESTING,sub-34,0.05093749999997499
eMCS,RESTING,sub-34,-0.22287499999998772
eMCS,RESTING,sub-34,-0.4556249999999977
eMCS,RESTING,sub-34,-0.4668750000000159
eMCS,RESTING,sub-34,-0.2559375000000159
eMCS,RESTING,sub-34,0.2596874999999841
eMCS,RESTING,sub-34,0.4315624999999841
eMCS,RESTING,sub-34,-0.3813124999999786
eMCS,RESTING,sub-34,0.3843125000000214
eMCS,RESTING,sub-34,-0.2661249999999882
eMCS,RESTING,sub-34,0.10106250000001182
eMCS,RESTING,sub-34,0.3198125000000118
eMCS,RESTING,sub-34,-0.13368750000000773
eMCS,RESTING,sub-34,0.026437499999985903
eMCS,RESTING,sub-34,0.4348125000000209
eMCS,RESTING,sub-34,-0.14731249999999818
eMCS,RESTING,sub-34,0.2980000000000018
eMCS,RESTING,sub-34,0.016999999999995907
eMCS,RESTING,sub-34,-0.021812500000010004
eMCS,RESTING,sub-34,0.03350000000000364
eMCS,RESTING,sub-34,-0.4580624999999827
eMCS,RESTING,sub-34,-0.13774999999998272
eMCS,RESTING,sub-34,-0.17718750000000227
eMCS,RESTING,sub-34,0.2993749999999977
eMCS,RESTING,sub-34,0.01218749999998181
eMCS,RESTING,sub-34,-0.1366249999999809
eMCS,RESTING,sub-34,-0.43387500000000045
eMCS,RESTING,sub-34,-0.23856250000000045
eMCS,RESTING,sub-34,-0.2848124999999868
eMCS,RESTING,sub-34,0.3245625000000132
eMCS,RESTING,sub-34,-0.20343750000000682
eMCS,RESTING,sub-34,0.24187499999999318
eMCS,RESTING,sub-34,0.0013124999999831743
eMCS,RESTING,sub-34,-0.43012499999997544
eMCS,RESTING,sub-34,0.23393750000002456
eMCS,RESTING,sub-34,0.2772499999999809
eMCS,RESTING,sub-34,-0.015187500000024556
eMCS,RESTING,sub-34,-0.10050000000001091
eMCS,RESTING,sub-34,-0.3430624999999736
eMCS,RESTING,sub-34,0.3053750000000264
eMCS,RESTING,sub-34,-0.4283750000000168
eMCS,RESTING,sub-34,-0.09243750000001683
eMCS,RESTING,sub-34,0.31406249999997726
eMCS,RESTING,sub-34,-0.2556250000000091
eMCS,RESTING,sub-34,-0.2583124999999882
eMCS,RESTING,sub-34,-0.39049999999997453
eMCS,RESTING,sub-34,0.25012500000002547
eMCS,RESTING,sub-34,-0.1753125000000182
eMCS,RESTING,sub-34,0.4496874999999818
eMCS,ODDBALL,sub-35,-0.31537499999999996
eMCS,ODDBALL,sub-35,0.21649999999999991
eMCS,ODDBALL,sub-35,0.46543750000000017
eMCS,ODDBALL,sub-35,-0.36243749999999864
eMCS,ODDBALL,sub-35,-0.13824999999999932
eMCS,ODDBALL,sub-35,0.2836250000000007
eMCS,ODDBALL,sub-35,0.4633125000000007
eMCS,ODDBALL,sub-35,-0.2323750000000011
eMCS,ODDBALL,sub-35,0.022999999999999687
eMCS,ODDBALL,sub-35,0.2104999999999997
eMCS,ODDBALL,sub-35,0.19968749999999957
eMCS,ODDBALL,sub-35,0.3324999999999996
eMCS,ODDBALL,sub-35,-0.12099999999999866
eMCS,ODDBALL,sub-35,0.26518750000000324
eMCS,ODDBALL,sub-35,0.46887499999999704
eMCS,ODDBALL,sub-35,0.1794375000000059
eMCS,ODDBALL,sub-35,-0.23606250000000273
eMCS,ODDBALL,sub-35,-0.08625000000000682
eMCS,ODDBALL,sub-35,-0.16012499999999363
eMCS,ODDBALL,sub-35,0.24662499999999454
eMCS,ODDBALL,sub-35,0.42581250000000637
eMCS,ODDBALL,sub-35,-0.12362500000000409
eMCS,ODDBALL,sub-35,-0.19431249999999523
eMCS,ODDBALL,sub-35,-0.39681250000001
eMCS,ODDBALL,sub-35,-0.11131249999999682
eMCS,ODDBALL,sub-35,-0.40074999999998795
eMCS,ODDBALL,sub-35,0.48206250000001205
eMCS,ODDBALL,sub-35,-0.04831250000000864
eMCS,ODDBALL,sub-35,0.33662499999999795
eMCS,ODDBALL,sub-35,0.47081249999999386
eMCS,ODDBALL,sub-35,0.30318750000000705
eMCS,ODDBALL,sub-35,-0.4180624999999907
eMCS,ODDBALL,sub-35,0.22550000000001091
eMCS,ODDBALL,sub-35,0.48293749999999136
eMCS,ODDBALL,sub-35,0.4714375000000075
eMCS,ODDBALL,sub-35,-0.43281250000001137
eMCS,ODDBALL,sub-35,-0.4692499999999882
eMCS,ODDBALL,sub-35,0.32724999999999227
eMCS,ODDBALL,sub-35,-0.035124999999993634
eMCS,ODDBALL,sub-35,-0.04331250000001319
eMCS,ODDBALL,sub-35,0.2613749999999868
eMCS,ODDBALL,sub-35,0.15262500000000045
eMCS,ODDBALL,sub-35,-0.39375000000001137
eMCS,ODDBALL,sub-35,-0.10306250000002137
eMCS,ODDBALL,sub-35,-0.43975000000000364
eMCS,ODDBALL,sub-35,-0.26006250000000364
eMCS,ODDBALL,sub-35,0.34931249999999636
eMCS,ODDBALL,sub-35,-0.28287499999999
eMCS,ODDBALL,sub-35,0.21712500000001
eMCS,ODDBALL,sub-35,-0.25099999999997635
eMCS,ODDBALL,sub-35,0.45212500000002365
eMCS,ODDBALL,sub-35,0.37824999999998
eMCS,ODDBALL,sub-35,0.03412500000001728
eMCS,ODDBALL,sub-35,0.3075625000000173
eMCS,ODDBALL,sub-35,0.4169375000000173
eMCS,ODDBALL,sub-35,-0.4698750000000018
eMCS,ODDBALL,sub-35,-0.17300000000000182
eMCS,ODDBALL,sub-35,0.4285624999999982
eMCS,ODDBALL,sub-35,-0.30156249999998863
eMCS,ODDBALL,sub-35,0.25312500000001137
eMCS,ODDBALL,sub-35,0.37031250000001137
eMCS,ODDBALL,sub-35,-0.152499999999975
eMCS,ODDBALL,sub-35,0.253750000000025
eMCS,ODDBALL,sub-35,-0.3876250000000141
eMCS,ODDBALL,sub-35,-0.032562499999983174
eMCS,ODDBALL,sub-35,-0.18193750000000364
eMCS,ODDBALL,sub-35,-0.09487500000000182
eMCS,ODDBALL,sub-35,-0.2691249999999741
eMCS,ODDBALL,sub-35,-0.40525000000002365
eMCS,ODDBALL,sub-35,0.49318749999997635
eMCS,ODDBALL,sub-35,0.48500000000001364
eMCS,ODDBALL,sub-35,0.46456249999999955
eMCS,ODDBALL,sub-35,-0.1115624999999909
eMCS,ODDBALL,sub-35,0.017687500000022283
eMCS,ODDBALL,sub-35,-0.3183750000000032
eMCS,ODDBALL,sub-35,-0.22762499999998909
eMCS,ODDBALL,sub-35,-0.019749999999987722
eMCS,ODDBALL,sub-35,-0.20193749999998545
eMCS,ODDBALL,sub-35,-0.39237500000001546
eMCS,ODDBALL,sub-35,0.43574999999998454
eMCS,ODDBALL,sub-35,0.2767499999999927
eMCS,ODDBALL,sub-35,0.43687499999998636
eMCS,ODDBALL,sub-35,0.05368750000002365
eMCS,ODDBALL,sub-35,0.008812499999976353
eMCS,ODDBALL,sub-35,-0.07474999999999454
eMCS,RESTING,sub-35,-0.44037499999999996
eMCS,RESTING,sub-35,-0.12006249999999996
eMCS,RESTING,sub-35,0.08306250000000004
eMCS,RESTING,sub-35,0.24774999999999991
eMCS,RESTING,sub-35,-0.19693749999999977
eMCS,RESTING,sub-35,0.4823750000000002
eMCS,RESTING,sub-35,0.13043749999999932
eMCS,RESTING,sub-35,0.2290624999999995
eMCS,RESTING,sub-35,0.12449999999999939
eMCS,RESTING,sub-35,0.4994999999999994
eMCS,RESTING,sub-35,0.0652500000000007
eMCS,RESTING,sub-35,0.30806250000000013
eMCS,RESTING,sub-35,0.23475000000000001
eMCS,RESTING,sub-35,-0.1875
eMCS,RESTING,sub-35,0.484375
eMCS,RESTING,sub-35,-0.023812499999998238
eMCS,RESTING,sub-35,-0.16018749999999926
eMCS,RESTING,sub-35,0.30856250000000074
eMCS,RESTING,sub-35,-0.03456249999999983
eMCS,RESTING,sub-35,-0.08118749999999864
eMCS,RESTING,sub-35,0.2914375000000007
eMCS,RESTING,sub-35,0.28800000000000026
eMCS,RESTING,sub-35,0.4028124999999996
eMCS,RESTING,sub-35,0.31650000000000134
eMCS,RESTING,sub-35,0.34737499999999955
eMCS,RESTING,sub-35,0.34899999999999665
eMCS,RESTING,sub-35,-0.497812500000002
eMCS,RESTING,sub-35,-0.47587500000000205
eMCS,RESTING,sub-35,-0.25200000000000244
eMCS,RESTING,sub-35,-0.14175000000000182
eMCS,RESTING,sub-35,0.2230624999999975
eMCS,RESTING,sub-35,-0.26950000000000074
eMCS,RESTING,sub-35,0.09768749999999926
eMCS,RESTING,sub-35,-0.402687499999999
eMCS,RESTING,sub-35,-0.23018749999999955
eMCS,RESTING,sub-35,-0.25818750000000534
eMCS,RESTING,sub-35,-0.04725000000000534
eMCS,RESTING,sub-35,-0.27218750000000114
eMCS,RESTING,sub-35,0.15512499999999818
eMCS,RESTING,sub-35,0.3640000000000043
eMCS,RESTING,sub-35,0.07556250000000375
eMCS,RESTING,sub-35,0.3642499999999984
eMCS,RESTING,sub-35,-0.48881249999999454
eMCS,RESTING,sub-35,-0.25518750000000523
eMCS,RESTING,sub-35,-0.08962499999999807
eMCS,RESTING,sub-35,-0.10981250000000387
eMCS,RESTING,sub-35,0.14562499999999545
eMCS,RESTING,sub-35,0.3682500000000033
eMCS,RESTING,sub-35,0.16262500000000557
eMCS,RESTING,sub-35,0.358562500000005
eMCS,RESTING,sub-35,-0.009000000000000341
eMCS,RESTING,sub-35,-0.44225000000000136
eMCS,RESTING,sub-35,0.39268749999999386
eMCS,RESTING,sub-35,-0.21887499999999704
eMCS,RESTING,sub-35,0.3447500000000048
eMCS,RESTING,sub-35,0.43575000000001296
eMCS,RESTING,sub-35,0.17150000000000887
eMCS,RESTING,sub-35,-0.1527499999999975
eMCS,RESTING,sub-35,-0.4291249999999991
eMCS,RESTING,sub-35,0.2631250000000023
eMCS,RESTING,sub-35,0.23750000000001137
eMCS,RESTING,sub-35,0.07862499999998818
eMCS,RESTING,sub-35,-0.2984375000000057
eMCS,RESTING,sub-35,-0.2814375000000098
eMCS,RESTING,sub-35,0.30243749999999636
eMCS,RESTING,sub-35,0.22493750000001
eMCS,RESTING,sub-35,0.32712500000002365
eMCS,RESTING,sub-35,0.28449999999998
eMCS,RESTING,sub-35,0.05356249999999818
eMCS,RESTING,sub-35,0.051375000000007276
eMCS,RESTING,sub-35,0.43906249999997726
eMCS,RESTING,sub-35,-0.1696875000000091
eMCS,RESTING,sub-35,-0.4762499999999932
eMCS,RESTING,sub-35,0.3753125000000068
eMCS,RESTING,sub-35,0.30750000000000455
eMCS,RESTING,sub-35,0.27268750000001774
eMCS,RESTING,sub-35,-0.4768124999999941
eMCS,RESTING,sub-35,0.4685000000000059
eMCS,RESTING,sub-35,-0.3965625000000159
eMCS,RESTING,sub-35,0.07662499999997863
eMCS,RESTING,sub-35,0.3947499999999877
eMCS,RESTING,sub-35,0.214687500000025
eMCS,RESTING,sub-35,-0.072749999999985
eMCS,RESTING,sub-35,0.03262499999999591
eMCS,RESTING,sub-35,-0.38999999999998636
eMCS,RESTING,sub-35,0.35381250000000364
eMCS,RESTING,sub-35,0.34737499999999955
eMCS,RESTING,sub-35,-0.47962499999999864
eMCS,RESTING,sub-35,0.38756250000000136
eMCS,RESTING,sub-35,0.169437500000015
eMCS,RESTING,sub-35,0.49718749999999545
eMCS,RESTING,sub-35,0.2790625000000091
eMCS,RESTING,sub-35,-0.3291874999999891
eMCS,RESTING,sub-35,-0.42331250000000864
eMCS,RESTING,sub-35,0.49074999999999136
eMCS,RESTING,sub-35,0.05093749999997499
eMCS,RESTING,sub-35,-0.09006249999998772
eMCS,RESTING,sub-35,-0.3909375000000068
eMCS,RESTING,sub-35,0.22787499999998317
eMCS,RESTING,sub-35,0.32487500000002
eMCS,RESTING,sub-35,0.05206249999997681
eMCS,RESTING,sub-35,-0.08249999999998181
eMCS,RESTING,sub-35,-0.46018750000001774
eMCS,RESTING,sub-35,-0.013374999999996362
eMCS,RESTING,sub-35,-0.19643750000000182
eMCS,RESTING,sub-35,-0.05581250000000182
eMCS,RESTING,sub-35,-0.24268749999998818
eMCS,RESTING,sub-35,-0.20037500000000819
eMCS,RESTING,sub-35,-0.45756249999999454
eMCS,RESTING,sub-35,-0.24662499999999454
eMCS,RESTING,sub-35,-0.3203125
eMCS,RESTING,sub-35,-0.47268750000000637
pDoC,ODDBALL,sub-36,-0.45124999999999993
pDoC,ODDBALL,sub-36,-0.27793750000000017
pDoC,ODDBALL,sub-36,-0.049125000000000085
pDoC,ODDBALL,sub-36,-0.41487499999999855
pDoC,ODDBALL,sub-36,0.40687499999999943
pDoC,ODDBALL,sub-36,0.12931250000000105
pDoC,ODDBALL,sub-36,0.3014374999999987
pDoC,ODDBALL,sub-36,0.19450000000000145
pDoC,ODDBALL,sub-36,0.005624999999998437
pDoC,ODDBALL,sub-36,0.13987500000000352
pDoC,ODDBALL,sub-36,0.1118124999999992
pDoC,ODDBALL,sub-36,-0.24093750000000114
pDoC,ODDBALL,sub-36,-0.4929374999999965
pDoC,ODDBALL,sub-36,-0.2663749999999965
pDoC,ODDBALL,sub-36,-0.4662500000000023
pDoC,ODDBALL,sub-36,-0.3178125000000023
pDoC,ODDBALL,sub-36,0.15362500000000523
pDoC,ODDBALL,sub-36,-0.21675000000000466
pDoC,ODDBALL,sub-36,0.44412499999999966
pDoC,ODDBALL,sub-36,-0.12274999999999636
pDoC,ODDBALL,sub-36,-0.48725000000000307
pDoC,ODDBALL,sub-36,0.479312500000006
pDoC,ODDBALL,sub-36,-0.2880624999999952
pDoC,ODDBALL,sub-36,0.41774999999999807
pDoC,ODDBALL,sub-36,-0.13487499999999386
pDoC,ODDBALL,sub-36,-0.31775000000000375
pDoC,ODDBALL,sub-36,0.21274999999999977
pDoC,ODDBALL,sub-36,-0.08849999999999625
pDoC,ODDBALL,sub-36,0.17031249999999432
pDoC,ODDBALL,sub-36,0.4808749999999975
pDoC,ODDBALL,sub-36,-0.22643750000000296
pDoC,ODDBALL,sub-36,0.278499999999994
pDoC,ODDBALL,sub-36,-0.3979374999999976
pDoC,ODDBALL,sub-36,0.2966250000000059
pDoC,ODDBALL,sub-36,0.2208750000000066
pDoC,ODDBALL,sub-36,-0.2888749999999902
pDoC,ODDBALL,sub-36,-0.46006249999999227
pDoC,ODDBALL,sub-36,-0.19999999999998863
pDoC,ODDBALL,sub-36,-0.3526875000000018
pDoC,ODDBALL,sub-36,0.11275000000000546
pDoC,ODDBALL,sub-36,0.4573750000000132
pDoC,ODDBALL,sub-36,-0.10143750000000296
pDoC,ODDBALL,sub-36,0.4051875000000109
pDoC,ODDBALL,sub-36,0.15424999999999045
pDoC,ODDBALL,sub-36,0.3097500000000082
pDoC,ODDBALL,sub-36,-0.3540000000000134
pDoC,ODDBALL,sub-36,-0.25162499999999
pDoC,ODDBALL,sub-36,-0.06268750000000978
pDoC,ODDBALL,sub-36,-0.043812500000001364
pDoC,ODDBALL,sub-36,0.3337500000000091
pDoC,ODDBALL,sub-36,0.42412500000000364
pDoC,ODDBALL,sub-36,0.4478124999999977
pDoC,ODDBALL,sub-36,0.17200000000002547
pDoC,ODDBALL,sub-36,-0.36556250000001
pDoC,ODDBALL,sub-36,-0.0012500000000272848
pDoC,ODDBALL,sub-36,0.07912499999997635
pDoC,ODDBALL,sub-36,0.24443750000000364
pDoC,ODDBALL,sub-36,0.3229999999999791
pDoC,ODDBALL,sub-36,0.3149999999999977
pDoC,ODDBALL,sub-36,-0.3330624999999827
pDoC,ODDBALL,sub-36,0.09125000000000227
pDoC,ODDBALL,sub-36,0.32243749999997817
pDoC,ODDBALL,sub-36,-0.40631250000001273
pDoC,ODDBALL,sub-36,0.00437499999998181
pDoC,ODDBALL,sub-36,0.18650000000002365
pDoC,ODDBALL,sub-36,0.0915625000000091
pDoC,ODDBALL,sub-36,0.1598124999999868
pDoC,ODDBALL,sub-36,0.3120000000000118
pDoC,ODDBALL,sub-36,0.4793124999999918
pDoC,ODDBALL,sub-36,-0.12831249999999272
pDoC,ODDBALL,sub-36,-0.042124999999998636
pDoC,ODDBALL,sub-36,-0.22637500000001864
pDoC,ODDBALL,sub-36,-0.46293750000000955
pDoC,ODDBALL,sub-36,0.39806249999998045
pDoC,ODDBALL,sub-36,-0.21325000000001637
pDoC,ODDBALL,sub-36,0.39318750000001046
pDoC,ODDBALL,sub-36,0.39224999999999
pDoC,ODDBALL,sub-36,-0.16893750000002683
pDoC,ODDBALL,sub-36,0.3779999999999859
pDoC,ODDBALL,sub-36,-0.17399999999997817
pDoC,ODDBALL,sub-36,-0.044375000000002274
pDoC,ODDBALL,sub-36,0.2893750000000068
pDoC,ODDBALL,sub-36,0.36656249999998636
pDoC,ODDBALL,sub-36,-0.19662499999998317
pDoC,ODDBALL,sub-36,-0.4097499999999741
pDoC,ODDBALL,sub-36,-0.1448750000000132
pDoC,RESTING,sub-36,0.07900000000000063
pDoC,RESTING,sub-36,0.23993749999999991
pDoC,RESTING,sub-36,-0.09818750000000165
pDoC,RESTING,sub-36,-0.23912500000000136
pDoC,RESTING,sub-36,-0.045999999999999375
pDoC,RESTING,sub-36,-0.2679374999999986
pDoC,RESTING,sub-36,0.480125000000001
pDoC,RESTING,sub-36,-0.03206249999999855
pDoC,RESTING,sub-36,0.15406249999999844
pDoC,RESTING,sub-36,-0.02637500000000159
pDoC,RESTING,sub-36,0.11868750000000006
pDoC,RESTING,sub-36,0.24074999999999847
pDoC,RESTING,sub-36,-0.04006249999999767
pDoC,RESTING,sub-36,0.4388124999999974
pDoC,RESTING,sub-36,-0.31831250000000466
pDoC,RESTING,sub-36,-0.35443750000000307
pDoC,RESTING,sub-36,0.41118749999999693
pDoC,RESTING,sub-36,0.08087500000000603
pDoC,RESTING,sub-36,-0.18850000000000477
pDoC,RESTING,sub-36,0.47043750000000273
pDoC,RESTING,sub-36,-0.021625000000000227
pDoC,RESTING,sub-36,-0.1599999999999966
pDoC,RESTING,sub-36,0.4061875000000015
pDoC,RESTING,sub-36,-0.39750000000000796
pDoC,RESTING,sub-36,0.29781249999999204
pDoC,RESTING,sub-36,0.311687500000005
pDoC,RESTING,sub-36,-0.18199999999998795
pDoC,RESTING,sub-36,0.36381249999999454
pDoC,RESTING,sub-36,-0.1713124999999991
pDoC,RESTING,sub-36,0.12462500000000887
pDoC,RESTING,sub-36,-0.4278124999999875
pDoC,RESTING,sub-36,0.09668750000000159
pDoC,RESTING,sub-36,-0.1842499999999916
pDoC,RESTING,sub-36,-0.1282500000000084
pDoC,RESTING,sub-36,0.3256874999999866
pDoC,RESTING,sub-36,0.45731250000000045
pDoC,RESTING,sub-36,0.49443750000000364
pDoC,RESTING,sub-36,0.45862500000001205
pDoC,RESTING,sub-36,0.07487499999999159
pDoC,RESTING,sub-36,-0.08012500000000955
pDoC,RESTING,sub-36,-0.1570000000000107
pDoC,RESTING,sub-36,-0.09906250000000227
pDoC,RESTING,sub-36,0.15562499999998636
pDoC,RESTING,sub-36,-0.227374999999995
pDoC,RESTING,sub-36,0.382000000000005
pDoC,RESTING,sub-36,-0.3979375000000118
pDoC,RESTING,sub-36,-0.14306250000001342
pDoC,RESTING,sub-36,0.2640624999999943
pDoC,RESTING,sub-36,-0.20562499999999773
pDoC,RESTING,sub-36,0.4975000000000023
pDoC,RESTING,sub-36,0.1931250000000091
pDoC,RESTING,sub-36,0.36950000000001637
pDoC,RESTING,sub-36,0.12537500000001955
pDoC,RESTING,sub-36,0.19768749999997226
pDoC,RESTING,sub-36,-0.17950000000001864
pDoC,RESTING,sub-36,-0.0967499999999859
pDoC,RESTING,sub-36,0.07074999999997544
pDoC,RESTING,sub-36,-0.04443750000001501
pDoC,RESTING,sub-36,-0.3513125000000059
pDoC,RESTING,sub-36,-0.16962499999999636
pDoC,RESTING,sub-36,0.41631250000000364
pDoC,RESTING,sub-36,-0.4448125000000118
pDoC,RESTING,sub-36,0.2915624999999977
pDoC,RESTING,sub-36,0.2825624999999832
pDoC,RESTING,sub-36,0.4332499999999868
pDoC,RESTING,sub-36,0.1498124999999959
pDoC,RESTING,sub-36,-0.31406249999997726
pDoC,RESTING,sub-36,-0.22687500000000682
pDoC,RESTING,sub-36,-0.48212499999999636
pDoC,RESTING,sub-36,-0.19162499999998772
pDoC,RESTING,sub-36,0.4802500000000123
pDoC,RESTING,sub-36,-0.4215624999999932
pDoC,RESTING,sub-36,-0.3167500000000132
pDoC,RESTING,sub-36,-0.04743750000000091
pDoC,RESTING,sub-36,0.20825000000002092
pDoC,RESTING,sub-36,-0.03849999999999909
pDoC,RESTING,sub-36,-0.14299999999997226
pDoC,RESTING,sub-36,-0.4564374999999927
pDoC,RESTING,sub-36,-0.12049999999999272
pDoC,RESTING,sub-36,0.11168750000001637
pDoC,RESTING,sub-36,0.34850000000000136
pDoC,RESTING,sub-36,-0.20056249999998954
pDoC,RESTING,sub-36,0.4291875000000118
pDoC,RESTING,sub-36,0.2842499999999859
pDoC,RESTING,sub-36,-0.17493749999999864
pDoC,RESTING,sub-36,-0.15387500000002774
pDoC,RESTING,sub-36,-0.2853749999999877
pDoC,RESTING,sub-36,0.1436249999999859
pDoC,RESTING,sub-36,0.08718750000002728
pDoC,RESTING,sub-36,0.32818750000001273
pDoC,RESTING,sub-36,0.31968749999998636
pDoC,RESTING,sub-36,0.11562500000002274
pDoC,RESTING,sub-36,-0.3784999999999741
pDoC,ODDBALL,sub-37,-0.46456249999999955
pDoC,ODDBALL,sub-37,0.39481250000000045
pDoC,ODDBALL,sub-37,0.04537499999999994
pDoC,ODDBALL,sub-37,-0.3626250000000013
pDoC,ODDBALL,sub-37,0.4032499999999999
pDoC,ODDBALL,sub-37,-0.3897499999999994
pDoC,ODDBALL,sub-37,-0.004062499999999858
pDoC,ODDBALL,sub-37,-0.42987500000000267
pDoC,ODDBALL,sub-37,-0.37349999999999994
pDoC,ODDBALL,sub-37,-0.36225000000000307
pDoC,ODDBALL,sub-37,-0.06487500000000068
pDoC,ODDBALL,sub-37,0.3343750000000014
pDoC,ODDBALL,sub-37,-0.07962500000000006
pDoC,ODDBALL,sub-37,0.12693749999999682
pDoC,ODDBALL,sub-37,-0.15643750000000267
pDoC,ODDBALL,sub-37,-0.35731249999999903
pDoC,ODDBALL,sub-37,-0.40075000000000216
pDoC,ODDBALL,sub-37,0.23456249999999557
pDoC,ODDBALL,sub-37,0.375
pDoC,ODDBALL,sub-37,0.10625000000000284
pDoC,ODDBALL,sub-37,-0.25043750000000387
pDoC,ODDBALL,sub-37,0.4593124999999958
pDoC,ODDBALL,sub-37,-0.31287500000000534
pDoC,ODDBALL,sub-37,0.22262499999999363
pDoC,ODDBALL,sub-37,-0.08862499999999329
pDoC,ODDBALL,sub-37,-0.3908749999999941
pDoC,ODDBALL,sub-37,0.19974999999999454
pDoC,ODDBALL,sub-37,0.2745000000000033
pDoC,ODDBALL,sub-37,-0.4281249999999943
pDoC,ODDBALL,sub-37,-0.4361250000000041
pDoC,ODDBALL,sub-37,0.13881250000000023
pDoC,ODDBALL,sub-37,-0.12412500000000648
pDoC,ODDBALL,sub-37,0.11831250000000182
pDoC,ODDBALL,sub-37,-0.3383749999999992
pDoC,ODDBALL,sub-37,0.057124999999999204
pDoC,ODDBALL,sub-37,0.07843750000000682
pDoC,ODDBALL,sub-37,0.07431249999999068
pDoC,ODDBALL,sub-37,0.22399999999998954
pDoC,ODDBALL,sub-37,-0.3861249999999927
pDoC,ODDBALL,sub-37,-0.4183125000000132
pDoC,ODDBALL,sub-37,0.27681250000000546
pDoC,ODDBALL,sub-37,-0.30987500000000523
pDoC,ODDBALL,sub-37,-0.4628749999999968
pDoC,ODDBALL,sub-37,0.26393749999999727
pDoC,ODDBALL,sub-37,0.23974999999998658
pDoC,ODDBALL,sub-37,0.40262500000000045
pDoC,ODDBALL,sub-37,-0.4115625000000023
pDoC,ODDBALL,sub-37,0.1731875000000116
pDoC,ODDBALL,sub-37,-0.4940625000000125
pDoC,ODDBALL,sub-37,-0.033125000000012506
pDoC,ODDBALL,sub-37,0.10531249999999659
pDoC,ODDBALL,sub-37,0.3475625000000093
pDoC,ODDBALL,sub-37,-0.2715624999999875
pDoC,ODDBALL,sub-37,-0.25468749999998863
pDoC,ODDBALL,sub-37,-0.48075000000000045
pDoC,ODDBALL,sub-37,0.1789374999999893
pDoC,ODDBALL,sub-37,-0.3364374999999882
pDoC,ODDBALL,sub-37,-0.23199999999999932
pDoC,ODDBALL,sub-37,0.3796250000000043
pDoC,ODDBALL,sub-37,-0.3823125000000118
pDoC,ODDBALL,sub-37,-0.25606250000001296
pDoC,ODDBALL,sub-37,-0.024812499999995907
pDoC,ODDBALL,sub-37,0.42818750000000705
pDoC,ODDBALL,sub-37,0.37493749999998727
pDoC,ODDBALL,sub-37,-0.025000000000005684
pDoC,ODDBALL,sub-37,0.012875000000008185
pDoC,ODDBALL,sub-37,0.09931249999999636
pDoC,ODDBALL,sub-37,0.05587499999998613
pDoC,ODDBALL,sub-37,-0.11168749999998795
pDoC,ODDBALL,sub-37,0.3021875000000023
pDoC,ODDBALL,sub-37,0.3216874999999959
pDoC,ODDBALL,sub-37,0.4130624999999952
pDoC,ODDBALL,sub-37,0.1533124999999984
pDoC,ODDBALL,sub-37,0.16775000000001228
pDoC,ODDBALL,sub-37,-0.09375
pDoC,ODDBALL,sub-37,0.453125
pDoC,ODDBALL,sub-37,-0.07724999999999227
pDoC,ODDBALL,sub-37,-0.2833125000000223
pDoC,ODDBALL,sub-37,0.15424999999999045
pDoC,ODDBALL,sub-37,-0.31868750000001
pDoC,ODDBALL,sub-37,0.11099999999999
pDoC,ODDBALL,sub-37,0.2909374999999841
pDoC,ODDBALL,sub-37,-0.4473750000000223
pDoC,ODDBALL,sub-37,-0.0196250000000191
pDoC,ODDBALL,sub-37,0.48599999999999
pDoC,ODDBALL,sub-37,-0.04256249999997408
pDoC,ODDBALL,sub-37,0.3238749999999868
pDoC,ODDBALL,sub-37,-0.42168750000001864
pDoC,ODDBALL,sub-37,-0.45406250000002046
pDoC,ODDBALL,sub-37,-0.20118750000000318
pDoC,ODDBALL,sub-37,0.1764999999999759
pDoC,ODDBALL,sub-37,-0.14112499999998818
pDoC,ODDBALL,sub-37,0.058625000000006366
pDoC,ODDBALL,sub-37,0.2551874999999768
pDoC,ODDBALL,sub-37,-0.20468749999997726
pDoC,ODDBALL,sub-37,0.3997499999999832
pDoC,ODDBALL,sub-37,0.10168750000002547
pDoC,ODDBALL,sub-37,-0.17931249999998045
pDoC,ODDBALL,sub-37,-0.09512499999999591
pDoC,ODDBALL,sub-37,0.13368750000000773
pDoC,ODDBALL,sub-37,-0.2955000000000041
pDoC,ODDBALL,sub-37,-0.19412499999998545
pDoC,ODDBALL,sub-37,0.3483749999999759
pDoC,ODDBALL,sub-37,0.22262499999999363
pDoC,ODDBALL,sub-37,0.3418750000000159
pDoC,ODDBALL,sub-37,-0.09212500000001
pDoC,ODDBALL,sub-37,-0.2583750000000009
pDoC,ODDBALL,sub-37,-0.21881250000001273
pDoC,ODDBALL,sub-37,-0.16068749999999454
pDoC,ODDBALL,sub-37,0.3720000000000141
pDoC,ODDBALL,sub-37,-0.36168750000001637
pDoC,ODDBALL,sub-37,0.27037500000000136
pDoC,ODDBALL,sub-37,0.16950000000002774
pDoC,ODDBALL,sub-37,-0.3728125000000091
pDoC,ODDBALL,sub-37,0.00043749999997544364
pDoC,ODDBALL,sub-37,-0.21762499999999818
pDoC,RESTING,sub-37,0.4118124999999999
pDoC,RESTING,sub-37,0.04831249999999976
pDoC,RESTING,sub-37,-0.3648124999999993
pDoC,RESTING,sub-37,0.14762500000000145
pDoC,RESTING,sub-37,0.027187500000000142
pDoC,RESTING,sub-37,0.44906250000000014
pDoC,RESTING,sub-37,0.15806249999999977
pDoC,RESTING,sub-37,0.18437500000000284
pDoC,RESTING,sub-37,0.23587500000000006
pDoC,RESTING,sub-37,0.41362500000000324
pDoC,RESTING,sub-37,-0.45349999999999824
pDoC,RESTING,sub-37,-0.02006250000000165
pDoC,RESTING,sub-37,0.19512499999999733
pDoC,RESTING,sub-37,-0.14837500000000148
pDoC,RESTING,sub-37,-0.379249999999999
pDoC,RESTING,sub-37,-0.1015625
pDoC,RESTING,sub-37,-0.07887499999999648
pDoC,RESTING,sub-37,-0.09343749999999318
pDoC,RESTING,sub-37,0.1188125000000042
pDoC,RESTING,sub-37,-0.44143750000000637
pDoC,RESTING,sub-37,0.09350000000000591
pDoC,RESTING,sub-37,-0.13381250000000477
pDoC,RESTING,sub-37,-0.2567499999999967
pDoC,RESTING,sub-37,-0.004750000000001364
pDoC,RESTING,sub-37,0.09924999999999784
pDoC,RESTING,sub-37,0.4208124999999967
pDoC,RESTING,sub-37,-0.1274374999999992
pDoC,RESTING,sub-37,0.28268749999999443
pDoC,RESTING,sub-37,0.11087499999999295
pDoC,RESTING,sub-37,0.1960625000000107
pDoC,RESTING,sub-37,0.03962500000000091
pDoC,RESTING,sub-37,-0.45006250000000136
pDoC,RESTING,sub-37,0.3795000000000073
pDoC,RESTING,sub-37,-0.16075000000000728
pDoC,RESTING,sub-37,0.31587500000000546
pDoC,RESTING,sub-37,-0.00518750000000523
pDoC,RESTING,sub-37,-0.2195000000000107
pDoC,RESTING,sub-37,0.17775000000000318
pDoC,RESTING,sub-37,-0.16650000000001342
pDoC,RESTING,sub-37,-0.27924999999999045
pDoC,RESTING,sub-37,0.4558125000000075
pDoC,RESTING,sub-37,-0.4906249999999943
pDoC,RESTING,sub-37,-0.16024999999999068
pDoC,RESTING,sub-37,-0.3596875000000068
pDoC,RESTING,sub-37,0.003375000000005457
pDoC,RESTING,sub-37,-0.045250000000010004
pDoC,RESTING,sub-37,-0.4243749999999977
pDoC,RESTING,sub-37,-0.3804374999999993
pDoC,RESTING,sub-37,0.3952500000000043
pDoC,RESTING,sub-37,0.25168750000000273
pDoC,RESTING,sub-37,-0.09437500000001364
pDoC,RESTING,sub-37,-0.1263749999999959
pDoC,RESTING,sub-37,0.4425625000000082
pDoC,RESTING,sub-37,0.10712499999999636
pDoC,RESTING,sub-37,0.3048750000000098
pDoC,RESTING,sub-37,0.4437499999999943
pDoC,RESTING,sub-37,0.0050625000000081855
pDoC,RESTING,sub-37,-0.016687499999989086
pDoC,RESTING,sub-37,-0.30912499999999454
pDoC,RESTING,sub-37,-0.35356250000000955
pDoC,RESTING,sub-37,0.48237499999999045
pDoC,RESTING,sub-37,0.3334375000000023
pDoC,RESTING,sub-37,-0.3736250000000041
pDoC,RESTING,sub-37,0.18649999999999523
pDoC,RESTING,sub-37,-0.4035624999999925
pDoC,RESTING,sub-37,-0.38131250000000705
pDoC,RESTING,sub-37,0.32643749999999727
pDoC,RESTING,sub-37,0.1171875
pDoC,RESTING,sub-37,-0.350750000000005
pDoC,RESTING,sub-37,-0.024749999999983174
pDoC,RESTING,sub-37,0.07562500000000227
pDoC,RESTING,sub-37,0.05824999999998681
pDoC,RESTING,sub-37,0.28287499999999
pDoC,RESTING,sub-37,-0.3714375000000132
pDoC,RESTING,sub-37,0.1598124999999868
pDoC,RESTING,sub-37,0.39906250000001364
pDoC,RESTING,sub-37,-0.48668750000001637
pDoC,RESTING,sub-37,0.12518749999998136
pDoC,RESTING,sub-37,0.111812499999985
pDoC,RESTING,sub-37,-0.4067499999999882
pDoC,RESTING,sub-37,0.1696875000000091
pDoC,RESTING,sub-37,-0.48362500000001774
pDoC,RESTING,sub-37,-0.10418750000002319
eMCS,ODDBALL,sub-38,0.03675000000000139
eMCS,ODDBALL,sub-38,0.4924375000000012
eMCS,ODDBALL,sub-38,0.2381249999999966
eMCS,ODDBALL,sub-38,0.29731249999999676
eMCS,ODDBALL,sub-38,0.17556249999999807
eMCS,ODDBALL,sub-38,-0.05756250000000307
eMCS,ODDBALL,sub-38,-0.12518749999999557
eMCS,ODDBALL,sub-38,-0.14637500000000614
eMCS,ODDBALL,sub-38,-0.3755625000000009
eMCS,ODDBALL,sub-38,0.19381250000000705
eMCS,ODDBALL,sub-38,-0.07981250000000273
eMCS,ODDBALL,sub-38,0.46962500000000773
eMCS,ODDBALL,sub-38,0.2096249999999884
eMCS,ODDBALL,sub-38,0.3025000000000091
eMCS,ODDBALL,sub-38,0.1330624999999941
eMCS,ODDBALL,sub-38,-0.09731249999998681
eMCS,ODDBALL,sub-38,-0.3661874999999952
eMCS,ODDBALL,sub-38,-0.20187500000000114
eMCS,ODDBALL,sub-38,-0.4849375000000009
eMCS,ODDBALL,sub-38,-0.24324999999998909
eMCS,ODDBALL,sub-38,-0.38075000000000614
eMCS,ODDBALL,sub-38,0.13831250000001205
eMCS,ODDBALL,sub-38,0.47912500000001046
eMCS,ODDBALL,sub-38,-0.29912500000000364
eMCS,ODDBALL,sub-38,0.47431249999999636
eMCS,ODDBALL,sub-38,-0.09037499999999454
eMCS,ODDBALL,sub-38,-0.011812499999990678
eMCS,ODDBALL,sub-38,0.09756250000000932
eMCS,ODDBALL,sub-38,-0.4927500000000009
eMCS,ODDBALL,sub-38,-0.2871874999999875
eMCS,ODDBALL,sub-38,0.08824999999998795
eMCS,ODDBALL,sub-38,0.25793749999999704
eMCS,ODDBALL,sub-38,-0.06675000000001319
eMCS,ODDBALL,sub-38,-0.04724999999999113
eMCS,ODDBALL,sub-38,-0.25575000000000614
eMCS,ODDBALL,sub-38,0.3025624999999934
eMCS,ODDBALL,sub-38,0.28112500000000296
eMCS,ODDBALL,sub-38,0.13612499999999272
eMCS,ODDBALL,sub-38,-0.16368750000000887
eMCS,ODDBALL,sub-38,-0.157062499999995
eMCS,ODDBALL,sub-38,0.03187500000001364
eMCS,ODDBALL,sub-38,0.13543749999999477
eMCS,ODDBALL,sub-38,0.12543750000000387
eMCS,ODDBALL,sub-38,-0.4490000000000123
eMCS,ODDBALL,sub-38,-0.19037499999998886
eMCS,ODDBALL,sub-38,0.14887499999997544
eMCS,ODDBALL,sub-38,0.06743749999998272
eMCS,ODDBALL,sub-38,-0.361812499999985
eMCS,ODDBALL,sub-38,-0.22237499999999955
eMCS,ODDBALL,sub-38,0.41043750000000045
eMCS,ODDBALL,sub-38,0.11081250000000864
eMCS,ODDBALL,sub-38,0.03093749999999318
eMCS,ODDBALL,sub-38,-0.25612499999999727
eMCS,ODDBALL,sub-38,-0.46662500000002183
eMCS,ODDBALL,sub-38,0.007749999999987267
eMCS,ODDBALL,sub-38,-0.10381250000000364
eMCS,ODDBALL,sub-38,0.05143750000002001
eMCS,ODDBALL,sub-38,0.1750625000000241
eMCS,ODDBALL,sub-38,-0.3424999999999727
eMCS,ODDBALL,sub-38,-0.032187500000020464
eMCS,ODDBALL,sub-38,-0.32343750000001137
eMCS,ODDBALL,sub-38,0.48124999999998863
eMCS,ODDBALL,sub-38,0.2527499999999918
eMCS,ODDBALL,sub-38,-0.22962499999999864
eMCS,ODDBALL,sub-38,-0.24743749999998954
eMCS,ODDBALL,sub-38,0.07850000000001955
eMCS,ODDBALL,sub-38,-0.0955625000000282
eMCS,ODDBALL,sub-38,-0.39100000000001955
eMCS,ODDBALL,sub-38,0.29293749999999363
eMCS,ODDBALL,sub-38,-0.22606250000001182
eMCS,ODDBALL,sub-38,0.4067499999999882
eMCS,ODDBALL,sub-38,0.20143749999999727
eMCS,ODDBALL,sub-38,0.146000000000015
eMCS,ODDBALL,sub-38,-0.07393749999999955
eMCS,ODDBALL,sub-38,0.20931250000001
eMCS,ODDBALL,sub-38,0.1368125000000191
eMCS,ODDBALL,sub-38,-0.30624999999997726
eMCS,ODDBALL,sub-38,0.06443749999999682
eMCS,ODDBALL,sub-38,0.4528750000000059
eMCS,ODDBALL,sub-38,0.32231250000000955
eMCS,ODDBALL,sub-38,-0.35149999999998727
eMCS,ODDBALL,sub-38,0.21881250000001273
eMCS,ODDBALL,sub-38,0.017687500000022283
eMCS,ODDBALL,sub-38,-0.4776875000000018
eMCS,ODDBALL,sub-38,0.3582499999999982
eMCS,ODDBALL,sub-38,0.21543750000000728
eMCS,ODDBALL,sub-38,0.19081249999999272
eMCS,ODDBALL,sub-38,-0.11243749999999864
eMCS,ODDBALL,sub-38,-0.23181249999998954
eMCS,ODDBALL,sub-38,-0.38606249999998
eMCS,ODDBALL,sub-38,-0.30912499999999454
eMCS,ODDBALL,sub-38,-0.4717499999999859
eMCS,ODDBALL,sub-38,0.3563750000000141
eMCS,ODDBALL,sub-38,-0.09112499999997681
eMCS,ODDBALL,sub-38,0.2546249999999759
eMCS,ODDBALL,sub-38,-0.31543749999997317
eMCS,ODDBALL,sub-38,0.05418750000001182
eMCS,ODDBALL,sub-38,0.031999999999982265
eMCS,ODDBALL,sub-38,-0.16906249999999545
eMCS,ODDBALL,sub-38,0.04531250000002274
eMCS,ODDBALL,sub-38,-0.18318749999997408
eMCS,ODDBALL,sub-38,0.2619374999999877
eMCS,ODDBALL,sub-38,0.2321875000000091
eMCS,ODDBALL,sub-38,-0.16743750000000546
eMCS,ODDBALL,sub-38,0.23206249999998363
eMCS,ODDBALL,sub-38,0.47087499999997817
eMCS,ODDBALL,sub-38,-0.15287499999999454
eMCS,ODDBALL,sub-38,-0.34012500000000045
eMCS,RESTING,sub-38,-0.25687500000000085
eMCS,RESTING,sub-38,-0.30593749999999886
eMCS,RESTING,sub-38,0.35812500000000114
eMCS,RESTING,sub-38,-0.0805624999999992
eMCS,RESTING,sub-38,-0.004624999999997215
eMCS,RESTING,sub-38,-0.203125
eMCS,RESTING,sub-38,0.4609375
eMCS,RESTING,sub-38,-0.1091249999999988
eMCS,RESTING,sub-38,0.14287499999999653
eMCS,RESTING,sub-38,-0.2384375000000034
eMCS,RESTING,sub-38,0.14637499999999903
eMCS,RESTING,sub-38,-0.48393750000000324
eMCS,RESTING,sub-38,-0.0756875000000008
eMCS,RESTING,sub-38,-0.37331249999999727
eMCS,RESTING,sub-38,-0.36350000000000193
eMCS,RESTING,sub-38,-0.002687500000000398
eMCS,RESTING,sub-38,-0.27631250000000307
eMCS,RESTING,sub-38,-0.026062500000001876
eMCS,RESTING,sub-38,-0.28406250000000455
eMCS,RESTING,sub-38,0.04968750000000455
eMCS,RESTING,sub-38,0.40687499999999943
eMCS,RESTING,sub-38,0.4134999999999991
eMCS,RESTING,sub-38,-0.3841249999999974
eMCS,RESTING,sub-38,0.4662500000000023
eMCS,RESTING,sub-38,0.1328125
eMCS,RESTING,sub-38,0.009812499999995339
eMCS,RESTING,sub-38,0.43168749999999534
eMCS,RESTING,sub-38,0.42950000000000443
eMCS,RESTING,sub-38,0.42412500000000364
eMCS,RESTING,sub-38,0.030312499999993747
eMCS,RESTING,sub-38,-0.34950000000000614
eMCS,RESTING,sub-38,-0.49550000000000693
eMCS,RESTING,sub-38,0.34043749999999307
eMCS,RESTING,sub-38,-0.07481249999999307
eMCS,RESTING,sub-38,0.18568750000000023
eMCS,RESTING,sub-38,0.47718749999999943
eMCS,RESTING,sub-38,-0.016374999999996476
eMCS,RESTING,sub-38,-0.4638750000000016
eMCS,RESTING,sub-38,-0.010750000000001592
eMCS,RESTING,sub-38,0.3386249999999933
eMCS,RESTING,sub-38,0.3911250000000024
eMCS,RESTING,sub-38,0.42143749999999613
eMCS,RESTING,sub-38,0.013999999999995794
eMCS,RESTING,sub-38,-0.4555000000000007
eMCS,RESTING,sub-38,0.4585624999999993
eMCS,RESTING,sub-38,0.18712499999999466
eMCS,RESTING,sub-38,0.037499999999994316
eMCS,RESTING,sub-38,0.37268749999999784
eMCS,RESTING,sub-38,-0.39368749999999864
eMCS,RESTING,sub-38,-0.12706249999999386
eMCS,RESTING,sub-38,-0.24643749999999898
eMCS,RESTING,sub-38,-0.22418749999999932
eMCS,RESTING,sub-38,0.37562499999999943
eMCS,RESTING,sub-38,0.016312499999997954
eMCS,RESTING,sub-38,0.21162499999999795
eMCS,RESTING,sub-38,0.35787500000000705
eMCS,RESTING,sub-38,0.42799999999999727
eMCS,RESTING,sub-38,0.14456250000000637
eMCS,RESTING,sub-38,0.14337500000000603
eMCS,RESTING,sub-38,-0.3101249999999993
eMCS,RESTING,sub-38,-0.35037500000001387
eMCS,RESTING,sub-38,0.33393749999999045
eMCS,RESTING,sub-38,0.10081249999998931
eMCS,RESTING,sub-38,-0.44462500000000205
eMCS,RESTING,sub-38,0.011374999999986812
eMCS,RESTING,sub-38,-0.37943749999999454
eMCS,RESTING,sub-38,0.18868749999998613
eMCS,RESTING,sub-38,-0.046875
eMCS,RESTING,sub-38,0.060312500000009095
eMCS,RESTING,sub-38,-0.4159999999999968
eMCS,RESTING,sub-38,0.05375000000000796
eMCS,RESTING,sub-38,0.28593749999998863
eMCS,RESTING,sub-38,0.2825625000000116
eMCS,RESTING,sub-38,-0.23162500000000819
eMCS,RESTING,sub-38,0.009375000000005684
eMCS,RESTING,sub-38,0.27381249999999113
eMCS,RESTING,sub-38,0.3611874999999998
eMCS,RESTING,sub-38,0.3011250000000132
eMCS,RESTING,sub-38,0.3400000000000034
eMCS,RESTING,sub-38,-0.4644375000000025
eMCS,RESTING,sub-38,0.0668124999999975
eMCS,RESTING,sub-38,0.11468750000000227
eMCS,RESTING,sub-38,-0.12968749999998863
eMCS,RESTING,sub-38,0.11812499999999204
eMCS,RESTING,sub-38,0.14718750000000114
eMCS,RESTING,sub-38,-0.38162500000001387
eMCS,RESTING,sub-38,0.21993749999998613
eMCS,RESTING,sub-38,-0.11037500000000477
eMCS,RESTING,sub-38,0.4521249999999952
eMCS,RESTING,sub-38,-0.3066249999999968
eMCS,RESTING,sub-38,-0.3256250000000023
eMCS,RESTING,sub-38,0.42681250000001114
eMCS,RESTING,sub-38,-0.3243750000000034
eMCS,RESTING,sub-38,-0.32875000000001364
eMCS,RESTING,sub-38,-0.467937500000005
eMCS,RESTING,sub-38,-0.49256249999999113
eMCS,RESTING,sub-38,0.3722500000000082
eMCS,RESTING,sub-38,-0.30618749999999295
eMCS,RESTING,sub-38,0.29537500000000705
eMCS,RESTING,sub-38,0.3092499999999916
eMCS,RESTING,sub-38,-0.031062499999990223
eMCS,RESTING,sub-38,-0.38512499999998795
eMCS,RESTING,sub-38,0.33150000000000546
eMCS,RESTING,sub-38,-0.38218749999998636
eMCS,RESTING,sub-38,-0.031125000000002956
eMCS,RESTING,sub-38,-0.4730000000000132
eMCS,RESTING,sub-38,-0.10699999999999932
eMCS,RESTING,sub-38,0.3263125000000002
eMCS,RESTING,sub-38,0.43712500000000887
eMCS,RESTING,sub-38,0.4573750000000132
eMCS,RESTING,sub-38,0.3013750000000073
eMCS,RESTING,sub-38,-0.35462499999999864
eMCS,RESTING,sub-38,-0.10118750000000887
eMCS,RESTING,sub-38,-0.172687499999995
eMCS,RESTING,sub-38,0.009624999999999773
eMCS,RESTING,sub-38,-0.13218749999998636
eMCS,RESTING,sub-38,0.12762499999999477
eMCS,RESTING,sub-38,-0.062062499999996135
eMCS,RESTING,sub-38,0.03537499999998772
eMCS,RESTING,sub-38,0.4472499999999968
eMCS,RESTING,sub-38,0.38137499999999136
eMCS,RESTING,sub-38,-0.46212499999998613
eMCS,RESTING,sub-38,0.21999999999999886
eMCS,RESTING,sub-38,0.06356249999998909
eMCS,RESTING,sub-38,0.32974999999999
eMCS,RESTING,sub-38,0.4768750000000068
eMCS,RESTING,sub-38,0.4340624999999818
eMCS,RESTING,sub-38,-0.30106250000000045
eMCS,RESTING,sub-38,0.040937499999984084
eMCS,RESTING,sub-38,-0.214999999999975
eMCS,RESTING,sub-38,-0.24556250000000546
eMCS,RESTING,sub-38,-0.40399999999999636
eMCS,RESTING,sub-38,0.26256250000000136
eMCS,RESTING,sub-38,-0.10899999999998045
eMCS,RESTING,sub-38,0.2403749999999718
eMCS,RESTING,sub-38,-0.23243750000000318
eMCS,RESTING,sub-38,0.1872500000000059
eMCS,RESTING,sub-38,-0.20331249999998136
eMCS,RESTING,sub-38,0.39287500000000364
eMCS,RESTING,sub-38,-0.4486249999999927
eMCS,RESTING,sub-38,-0.2779375000000073
eMCS,RESTING,sub-38,0.4798749999999927
eMCS,RESTING,sub-38,0.35631250000000136
eMCS,RESTING,sub-38,0.4657500000000141
eMCS,RESTING,sub-38,0.06749999999999545
eMCS,RESTING,sub-38,0.29187500000000455
eMCS,RESTING,sub-38,0.2550625000000082
eMCS,RESTING,sub-38,0.3088124999999877
eMCS,RESTING,sub-38,0.34818749999999454
eMCS,RESTING,sub-38,0.27087499999998954
pDoC,ODDBALL,sub-39,-0.14437500000000014
pDoC,ODDBALL,sub-39,0.14931250000000063
pDoC,ODDBALL,sub-39,-0.06918749999999818
pDoC,ODDBALL,sub-39,0.15743750000000034
pDoC,ODDBALL,sub-39,0.06499999999999773
pDoC,ODDBALL,sub-39,-0.21412499999999568
pDoC,ODDBALL,sub-39,-0.0999374999999958
pDoC,ODDBALL,sub-39,-0.25768750000000296
pDoC,ODDBALL,sub-39,-0.2704374999999999
pDoC,ODDBALL,sub-39,-0.19187499999999602
pDoC,ODDBALL,sub-39,0.10275000000000034
pDoC,ODDBALL,sub-39,0.13137500000000557
pDoC,ODDBALL,sub-39,-0.05837500000001228
pDoC,ODDBALL,sub-39,-0.3340000000000032
pDoC,ODDBALL,sub-39,-0.17962499999998727
pDoC,ODDBALL,sub-39,0.3426875000000109
pDoC,ODDBALL,sub-39,-0.2216875000000016
pDoC,ODDBALL,sub-39,0.0024999999999977263
pDoC,ODDBALL,sub-39,-0.2908749999999998
pDoC,ODDBALL,sub-39,0.06337500000000773
pDoC,ODDBALL,sub-39,0.3001874999999927
pDoC,ODDBALL,sub-39,0.20993749999999523
pDoC,ODDBALL,sub-39,-0.07018750000000296
pDoC,ODDBALL,sub-39,-0.12043750000000841
pDoC,ODDBALL,sub-39,0.08868749999999181
pDoC,ODDBALL,sub-39,0.07787500000000591
pDoC,ODDBALL,sub-39,-0.21112500000000978
pDoC,ODDBALL,sub-39,-0.39099999999999113
pDoC,ODDBALL,sub-39,-0.46243749999999295
pDoC,ODDBALL,sub-39,0.1716250000000059
pDoC,ODDBALL,sub-39,-0.4194374999999866
pDoC,ODDBALL,sub-39,0.07918749999998909
pDoC,ODDBALL,sub-39,-0.17712499999998954
pDoC,ODDBALL,sub-39,-0.22056249999999977
pDoC,ODDBALL,sub-39,-0.003999999999990678
pDoC,ODDBALL,sub-39,-0.46181250000000773
pDoC,ODDBALL,sub-39,-0.37543749999997544
pDoC,ODDBALL,sub-39,-0.09656250000000455
pDoC,ODDBALL,sub-39,0.21543750000000728
pDoC,ODDBALL,sub-39,-0.494624999999985
pDoC,ODDBALL,sub-39,0.29325000000000045
pDoC,ODDBALL,sub-39,-0.2309374999999818
pDoC,ODDBALL,sub-39,0.3948750000000132
pDoC,ODDBALL,sub-39,-0.24668750000000728
pDoC,ODDBALL,sub-39,0.4386250000000018
pDoC,ODDBALL,sub-39,0.0430625000000191
pDoC,ODDBALL,sub-39,-0.0274375000000191
pDoC,ODDBALL,sub-39,-0.25618750000001
pDoC,ODDBALL,sub-39,0.43131249999999
pDoC,ODDBALL,sub-39,0.254062499999975
pDoC,ODDBALL,sub-39,0.4538125000000264
pDoC,ODDBALL,sub-39,-0.4309375000000273
pDoC,ODDBALL,sub-39,-0.4934375000000273
pDoC,ODDBALL,sub-39,-0.1516250000000241
pDoC,ODDBALL,sub-39,-0.42281250000002046
pDoC,ODDBALL,sub-39,0.07718749999997954
pDoC,ODDBALL,sub-39,-0.4894375000000082
pDoC,ODDBALL,sub-39,-0.41825000000000045
pDoC,ODDBALL,sub-39,-0.22512499999999136
pDoC,ODDBALL,sub-39,-0.1845000000000141
pDoC,ODDBALL,sub-39,-0.37656249999997726
pDoC,ODDBALL,sub-39,0.14368749999999864
pDoC,ODDBALL,sub-39,0.43056250000000773
pDoC,ODDBALL,sub-39,0.37812500000001137
pDoC,ODDBALL,sub-39,0.2565624999999727
pDoC,ODDBALL,sub-39,-0.48393750000002456
pDoC,ODDBALL,sub-39,0.3426249999999982
pDoC,ODDBALL,sub-39,-0.02668749999997999
pDoC,ODDBALL,sub-39,-0.421875
pDoC,ODDBALL,sub-39,-0.2063125000000241
pDoC,ODDBALL,sub-39,-0.3989374999999882
pDoC,ODDBALL,sub-39,0.04518749999999727
pDoC,ODDBALL,sub-39,0.09512499999999591
pDoC,ODDBALL,sub-39,0.1700624999999718
pDoC,ODDBALL,sub-39,0.039499999999975444
pDoC,ODDBALL,sub-39,-0.36943750000000364
pDoC,ODDBALL,sub-39,-0.4275000000000091
pDoC,ODDBALL,sub-39,0.26818750000001046
pDoC,ODDBALL,sub-39,-0.07675000000000409
pDoC,ODDBALL,sub-39,0.2435624999999959
pDoC,ODDBALL,sub-39,0.3685624999999959
pDoC,ODDBALL,sub-39,0.296062500000005
pDoC,ODDBALL,sub-39,0.12362500000000409
pDoC,ODDBALL,sub-39,-0.41562499999997726
pDoC,ODDBALL,sub-39,-0.42043749999999136
pDoC,ODDBALL,sub-39,-0.32206250000001546
pDoC,ODDBALL,sub-39,0.49043749999998454
pDoC,RESTING,sub-39,-0.49668750000000017
pDoC,RESTING,sub-39,-0.35918749999999733
pDoC,RESTING,sub-39,0.26581250000000267
pDoC,RESTING,sub-39,-0.15662499999999824
pDoC,RESTING,sub-39,-0.1899374999999992
pDoC,RESTING,sub-39,0.2924999999999969
pDoC,RESTING,sub-39,0.4229375000000033
pDoC,RESTING,sub-39,0.30456250000000296
pDoC,RESTING,sub-39,-0.23400000000000176
pDoC,RESTING,sub-39,0.11537500000000023
pDoC,RESTING,sub-39,-0.020624999999995453
pDoC,RESTING,sub-39,0.18893749999999443
pDoC,RESTING,sub-39,-0.09381249999999852
pDoC,RESTING,sub-39,0.20006250000000136
pDoC,RESTING,sub-39,0.31187500000000057
pDoC,RESTING,sub-39,0.16993750000000318
pDoC,RESTING,sub-39,-0.3041874999999976
pDoC,RESTING,sub-39,-0.41575000000000273
pDoC,RESTING,sub-39,-0.2893124999999941
pDoC,RESTING,sub-39,0.15625
pDoC,RESTING,sub-39,0.269062500000004
pDoC,RESTING,sub-39,0.4245624999999933
pDoC,RESTING,sub-39,0.38918750000000557
pDoC,RESTING,sub-39,-0.05506250000000534
pDoC,RESTING,sub-39,-0.19562500000000682
pDoC,RESTING,sub-39,-0.4455624999999941
pDoC,RESTING,sub-39,-0.0002499999999940883
pDoC,RESTING,sub-39,0.04806249999998613
pDoC,RESTING,sub-39,-0.296875
pDoC,RESTING,sub-39,-0.28706249999999045
pDoC,RESTING,sub-39,0.004562499999991587
pDoC,RESTING,sub-39,0.07493750000000432
pDoC,RESTING,sub-39,0.3698750000000075
pDoC,RESTING,sub-39,-0.2799374999999884
pDoC,RESTING,sub-39,0.21049999999999613
pDoC,RESTING,sub-39,-0.011750000000006366
pDoC,RESTING,sub-39,0.20724999999998772
pDoC,RESTING,sub-39,-0.44225000000000136
pDoC,RESTING,sub-39,0.15931249999999864
pDoC,RESTING,sub-39,-0.04599999999999227
pDoC,RESTING,sub-39,0.09706249999999272
pDoC,RESTING,sub-39,0.24331250000000182
pDoC,RESTING,sub-39,-0.012499999999988631
pDoC,RESTING,sub-39,0.19087500000000546
pDoC,RESTING,sub-39,0.3178749999999866
pDoC,RESTING,sub-39,-0.4506874999999866
pDoC,RESTING,sub-39,0.13506250000000364
pDoC,RESTING,sub-39,-0.24631249999998772
pDoC,RESTING,sub-39,-0.3158124999999927
pDoC,RESTING,sub-39,0.23449999999999704
pDoC,RESTING,sub-39,-0.3704375000000084
pDoC,RESTING,sub-39,0.17231250000000387
pDoC,RESTING,sub-39,-0.29562500000000114
pDoC,RESTING,sub-39,-0.05781250000001137
pDoC,RESTING,sub-39,-0.42474999999998886
pDoC,RESTING,sub-39,0.012562500000001364
pDoC,RESTING,sub-39,-0.05331250000000409
pDoC,RESTING,sub-39,-0.39456250000000637
pDoC,RESTING,sub-39,-0.11000000000001364
pDoC,RESTING,sub-39,0.44468749999998636
pDoC,RESTING,sub-39,0.4373124999999902
pDoC,RESTING,sub-39,0.2796874999999943
pDoC,RESTING,sub-39,-0.08187499999999659
pDoC,RESTING,sub-39,-0.06743750000001114
pDoC,RESTING,sub-39,-0.06493750000001342
pDoC,RESTING,sub-39,-0.33174999999999955
pDoC,RESTING,sub-39,0.33256249999999454
pDoC,RESTING,sub-39,0.45862500000001205
pDoC,RESTING,sub-39,0.001125000000001819
pDoC,RESTING,sub-39,0.07612499999999045
pDoC,RESTING,sub-39,0.25925000000000864
pDoC,RESTING,sub-39,0.2648749999999893
pDoC,RESTING,sub-39,-0.045624999999972715
pDoC,RESTING,sub-39,-0.30512499999997544
pDoC,RESTING,sub-39,0.09112499999997681
pDoC,RESTING,sub-39,-0.24281250000001364
pDoC,RESTING,sub-39,0.2901249999999891
pDoC,RESTING,sub-39,-0.4495625000000132
pDoC,RESTING,sub-39,0.08931250000000546
pDoC,RESTING,sub-39,0.07537500000000819
pDoC,RESTING,sub-39,-0.27737500000000637
pDoC,RESTING,sub-39,0.44137499999999363
pDoC,RESTING,sub-39,0.21625000000000227
pDoC,RESTING,sub-39,-0.4323749999999791
pDoC,RESTING,sub-39,-0.4934375000000273
pDoC,RESTING,sub-39,-0.15987499999999955
pDoC,RESTING,sub-39,0.22756249999997635
pDoC,RESTING,sub-39,-0.2309374999999818
pDoC,RESTING,sub-39,0.4395625000000223
pDoC,RESTING,sub-39,-0.3170000000000073
pDoC,RESTING,sub-39,0.024999999999977263
pDoC,RESTING,sub-39,0.17124999999998636
pDoC,RESTING,sub-39,-0.2505625000000009
pDoC,RESTING,sub-39,-0.07406250000002501
pDoC,RESTING,sub-39,-0.17312500000002728
pDoC,RESTING,sub-39,0.45431250000001455
pDoC,RESTING,sub-39,0.47418750000002774
pDoC,RESTING,sub-39,0.14412499999997408
pDoC,RESTING,sub-39,0.06506250000001046
pDoC,RESTING,sub-39,-0.4549375000000282
pDoC,RESTING,sub-39,-0.05500000000000682
pDoC,RESTING,sub-39,-0.012625000000014097
pDoC,RESTING,sub-39,0.31093750000002274
pDoC,RESTING,sub-39,-0.29624999999998636
pDoC,RESTING,sub-39,0.14906250000001364
pDoC,RESTING,sub-39,0.11606249999999818
pDoC,RESTING,sub-39,-0.2556250000000091
pDoC,RESTING,sub-39,-0.125
pDoC,RESTING,sub-39,0.30074999999999363
pDoC,RESTING,sub-39,-0.040000000000020464
pDoC,RESTING,sub-39,0.3656874999999786
pDoC,RESTING,sub-39,-0.07718749999997954
pDoC,RESTING,sub-39,-0.3784375000000182
pDoC,RESTING,sub-39,0.09812499999998181
pDoC,RESTING,sub-39,0.48481249999997544
pDoC,RESTING,sub-39,-0.004124999999987722
pDoC,RESTING,sub-39,0.3228124999999977
pDoC,RESTING,sub-39,-0.38806249999998954
